id,name,description,region,city,distance,images,tags,location,created_at,category
000b9cf0-b53f-4546-8840-ba364d586682,Cheshire Services Ethiopia Center,Renowned orthopedic rehabilitation center offering specialized medical volunteer opportunities.,Oromia,Ambo,,[],"[""cheshire-services"",""rehabilitation"",""voluntourism""]","{""lat"":9.077867699999999,""lng"":38.588705700000006}",2026-07-27 22:07:25.776912+00,voluntourism
00294e3d-1208-4208-a015-996c71cf9738,Gorgora Northern Lake Tana Dock,Northern port terminal connecting Bahir Dar to Gorgora by boat.,Amhara,Gorgora,,[],"[""gorgora"",""dock"",""lake-tana""]","{""lat"":12.2382669,""lng"":37.2971393}",2026-07-27 22:07:25.776912+00,cruise
0051e3e0-cdf6-4292-8b3f-55e0cf27bec7,Mentewab Palace Grounds,Royal palace ruins built by Empress Mentewab at Qusquam.,Amhara,Gondar,,[],"[""qusquam"",""empress-mentewab"",""18th-century""]","{""lat"":12.609496000000002,""lng"":37.470178}",2026-07-27 22:07:25.776912+00,ancestry
00620588-4ca4-48fa-90d5-3eba0e18392b,Erta Ale Active Volcano Lava Hazards Field,Extreme natural hazard site featuring active molten lava flows.,Afar,,,[],"[""erta-ale"",""lava-field"",""extreme-hazard""]","{""lat"":13.6030321,""lng"":40.6634086}",2026-07-27 22:07:25.776912+00,dark
007b0123-edb6-4112-8470-9c97d02e180a,Mount Belaya Wilderness Trek,Unexplored wilderness trekking across Mount Belaya.,,,,[],"[""trekking"",""benishangul"",""wilderness""]",,2026-07-27 22:07:25.776912+00,adventure
00e4f04e-be64-4f35-8e8f-41d59df6a948,Asella Referral Hospital,Teaching and referral hospital in Arsi.,Oromia,Asela,,[],"[""hospital"",""asella"",""arsi""]","{""lat"":7.969162799999999,""lng"":39.131521}",2026-07-27 22:07:25.776912+00,medical
0113fde5-2ea6-4aeb-965d-64901480d8c0,Jinka Urban Hub,Gateway commercial town serving the Lower Omo Valley.,,,,[],"[""jinka"",""urban-hub"",""south-omo""]",,2026-07-27 22:07:25.776912+00,urban
0172040d-afdc-49d2-a38e-f7c51cb36544,Assosa Bamboo & Mango Farms,Lowland agricultural projects dedicated to native bamboo and mangoes.,,,,[],"[""assosa"",""bamboo"",""mango-farms""]",,2026-07-27 22:07:25.776912+00,agritourism
01a955e4-eb2e-4586-9b0d-5ab3c563c175,Kotebe Sports Education Center Complex,Educational complex dedicated to athletics and sports science.,Addis Ababa,Yeka,,[],"[""kotebe"",""sports-education"",""addis""]","{""lat"":9.0371282,""lng"":38.8398518}",2026-07-27 22:07:25.776912+00,sports
022c139e-027b-4c2b-b90f-103bdcf0f824,Menz Guassa High-Altitude Pastoral Communities,High-altitude rural communities practicing sustainable sheep farming.,Amhara,,,[],"[""menz"",""guassa"",""pastoralist""]","{""lat"":10.3511111,""lng"":39.7959722}",2026-07-27 22:07:25.776912+00,rural
02327ceb-e29b-4d7e-8904-dd4c8f1c7944,Bishoftu Town Crater Lake City Circuit,Urban resort center situated around five volcanic crater lakes.,Oromia,Bishoftu,,[],"[""bishoftu"",""crater-lake-city"",""resort-town""]","{""lat"":8.750004,""lng"":38.981734}",2026-07-27 22:07:25.776912+00,urban
0255ec62-2fd1-40be-ac57-209276df35e9,Massacre Memorial of Wondo Genet,Historical memorial site.,,,,[],"[""wondo-genet"",""massacre-memorial"",""historic""]",,2026-07-27 22:07:25.776912+00,dark
02890b20-0688-473d-98ed-09a1e4d3a042,Bishoftu Natural Hot Springs Wellness Retreats,Natural thermal mineral water retreats dedicated to therapeutic bathing.,Oromia,Bishoftu,,[],"[""hot-springs"",""wellness"",""bishoftu""]","{""lat"":8.750004,""lng"":38.981734}",2026-07-27 22:07:25.776912+00,wellness
02c8223e-334d-47e5-b354-7fca28aada4f,Sheka Forest Biosphere Reserve,UNESCO Biosphere Reserve protecting southwestern montane rainforests.,,,,[],"[""sheka"",""biosphere"",""rainforest""]",,2026-07-27 22:07:25.776912+00,ecotourism
032ca2c4-2e8c-4a0f-9b3e-0df565405328,Battlefield of Dogali Memorial Monument,Historical monument commemorating Ras Alula victory over Italian forces in 1887.,,,,[],"[""dogali"",""memorial-monument"",""history""]",,2026-07-27 22:07:25.776912+00,dark
037f40de-3fe9-4a23-9b9e-bf17b49de895,Bebeka Coffee Estate,"The largest single coffee plantation in Ethiopia spanning over 10,000 hectares.",,,,[],"[""bebeka"",""largest-coffee-estate"",""bench-maji""]",,2026-07-27 22:07:25.776912+00,agritourism
0383471e-05bb-422a-872c-430f3ecf90b0,Bob Marley Statue & Imperial Square,Statue and public square celebrating Rastafarian and Pan-African pop culture.,,,,[],"[""bob-marley"",""statue"",""pan-african-culture""]",,2026-07-27 22:07:25.776912+00,ancestry
039c265c-7824-4623-8e6a-455de2877896,Grand Palace Hotel Meeting Rooms,Business meeting rooms located near government districts.,,,,[],"[""grand-palace"",""meeting-rooms"",""addis""]",,2026-07-27 22:07:25.776912+00,business
03a350a1-6dbb-4dcb-a64a-20c725d254b9,Gondar City Center & Imperial Precincts,Historic urban center built around 17th-century royal castles.,Amhara,Gonder,,[],"[""gondar"",""piazza"",""imperial-precincts""]","{""lat"":12.610368,""lng"":37.466766}",2026-07-27 22:07:25.776912+00,urban
03b49d09-289b-46f3-a0a6-911ce7e8b65c,Chebera Churchura National Park,"Pristine wilderness park featuring dense forests, springs, and wild elephants.",South West Ethiopia Peoples,,,[],"[""chebera-churchura"",""elephants"",""national-park""]","{""lat"":6.9042595,""lng"":36.7301591}",2026-07-27 22:07:25.776912+00,ecotourism
03fdc7fc-8467-46cf-a763-6e088fde3e14,Dembel City Center Ramp Outlets,Commercial center equipped with access ramps and lifts.,,,,[],"[""dembel"",""ramps"",""city-center""]",,2026-07-27 22:07:25.776912+00,accessible
03fee98a-a4f1-406e-ac0b-2db9aa5a2915,Mizan Teferi Agro-Forestry Training Projects,Volunteer training centers teaching sustainable rainforest farming techniques.,,,,[],"[""mizan-teferi"",""agro-forestry"",""training""]",,2026-07-27 22:07:25.776912+00,voluntourism
042b6c47-eb1e-4060-b3ae-61f66693e65e,Debre Libanos Monastery (Shewa),Historic monastery north of Addis Ababa; major pilgrimage site with dramatic canyon views.,Oromia,Debre Libanos,110,"[""https://images.unsplash.com/photo-1547036967-23d11aacaee0?w=1200&q=80""]","[""Monastery"",""Pilgrimage"",""Historic"",""Orthodox""]","{""lat"":9.717,""lng"":38.833}",2025-12-08 02:04:50.339394+00,religious
04bb43b1-4136-46a9-923e-e6eb3baaa15d,Debre Libanos Historic Monastery Grounds,The major historical center of Ethiopian Orthodox monasticism.,Oromia,Debre Libanos,,[],"[""debre-libanos"",""st-tekle-haymanot"",""monastic-history""]","{""lat"":9.7295697,""lng"":38.8167682}",2026-07-27 22:07:25.776912+00,ancestry
04c8c45f-4738-457f-bf20-218105ff3170,Kambaata Highland Agriculture Terraces,Densely cultivated terraced hillsides growing root crops and coffee.,Central Ethiopia Regional State,,,[],"[""kambaata"",""terraced-farms"",""durame""]","{""lat"":7.5,""lng"":37.75}",2026-07-27 22:07:25.776912+00,agritourism
04ea15b4-829e-4e66-9db0-208eb90ce212,Chencha Dorze Public Bamboo Trail,Low-cost public walking paths through bamboo highlands.,South Ethiopia Regional State,Chencha,,[],"[""chencha"",""dorze"",""bamboo-trail""]","{""lat"":6.251095,""lng"":37.572946}",2026-07-27 22:07:25.776912+00,budget
051f97af-5ce3-4bb0-853a-7c6ae6c5903b,Jan Meda Public Park,Sprawling public open field accessible for free recreation.,Addis Ababa,Gulale,,[],"[""jan-meda"",""public-grounds"",""addis""]","{""lat"":9.0466103,""lng"":38.7687405}",2026-07-27 22:07:25.776912+00,budget
055d7202-aec8-4194-afdf-f775c86e4cd5,Harari Rural Farming Outskirts,Agricultural hamlets surrounding Harar producing coffee and khat.,,,,[],"[""harari"",""rural-outskirts"",""khat-farms""]",,2026-07-27 22:07:25.776912+00,rural
0561e3f5-fc79-4bc0-a204-848d49c202f8,Senkele Hartebeest Sanctuary Conservation Base,Wildlife volunteer base supporting anti-poaching patrol and habitat mapping.,Oromia,Wajira Hudo,,[],"[""senkele"",""hartebeest"",""sanctuary-volunteer""]","{""lat"":7.167028,""lng"":38.2930673}",2026-07-27 22:07:25.776912+00,voluntourism
0562a30c-63b6-4c1a-9d52-8cc443b9d1f1,Kuriftu Resort & Spa Lakefront Luxury,Premier luxury resort situated where Lake Tana meets the Blue Nile.,Oromia,Bishoftu,,[],"[""kuriftu"",""lakefront-luxury"",""bahir-dar""]","{""lat"":8.7789777,""lng"":39.0004021}",2026-07-27 22:07:25.776912+00,luxury
0576571c-aa6c-4d55-9f83-39ad11d50442,Axum Stelae Artisans Market,Artisan market specialized in carved stone obelisk replicas and silver crosses.,Tigray,Axum,,[],"[""axum"",""artisans"",""crosses""]","{""lat"":14.1220982,""lng"":38.7321749}",2026-07-27 22:07:25.776912+00,shopping
0601c42b-9a91-41fe-a460-4708f4d35127,Gura Dhamole Rural Belt,Remote lowland rural belt in southeastern Bale.,,,,[],"[""gura-dhamole"",""bale"",""rural-belt""]",,2026-07-27 22:07:25.776912+00,rural
0621462d-39b6-421d-93c2-36425fc9ba8c,Gotera & Sarbet Metropolitan Belts,Rapidly developing urban residential and commercial thoroughfares.,,,,[],"[""gotera"",""sarbet"",""metropolitan""]",,2026-07-27 22:07:25.776912+00,urban
06546a02-bb0a-491b-8fa5-4c3ecb590753,Marriott Executive Apartments Sauna & Wellness,Executive health center featuring sauna and steam facilities.,Addis Ababa,Kirkos,,[],"[""marriott"",""sauna-wellness"",""addis""]","{""lat"":9.010443,""lng"":38.7651132}",2026-07-27 22:07:25.776912+00,wellness
065fbdd8-f6fe-4fd6-ade7-38b70500f4f3,Jinka Saturday Tribal Market,Regional weekly market where various Omo Valley ethnic groups trade crafts.,South Ethiopia Regional State,Jinka,,[],"[""jinka"",""tribal-market"",""south-omo""]","{""lat"":5.786181,""lng"":36.5654425}",2026-07-27 22:07:25.776912+00,shopping
06692b34-d8e7-4a29-bf58-74a899324989,Mekelle Relief & Rehabilitation Projects,Community relief centers offering humanitarian volunteer opportunities.,,,,[],"[""mekelle"",""rehabilitation"",""humanitarian""]",,2026-07-27 22:07:25.776912+00,voluntourism
06929243-25f5-4b7f-818e-6770c4fd6500,Gofa Cultural Highlands,Highland settlements displaying unique Gofa cultural practices.,,,,[],"[""gofa"",""sawla"",""highlands""]",,2026-07-27 22:07:25.776912+00,cultural
069a3989-4cef-4a1f-9d1b-4adee39e6660,Science Museum Complex,High-tech facility constructed with full wheelchair accessibility and lifts.,Addis Ababa,Kirkos,,[],"[""science-museum"",""accessible"",""elevators""]","{""lat"":9.0211333,""lng"":38.7622597}",2026-07-27 22:07:25.776912+00,accessible
06e8bf00-f0ca-4393-b9a2-c04eb25fb2bc,Grand Royal Hotel Conference Center,Hotel event venue catering to corporate workshops.,,,,[],"[""grand-royal"",""conference"",""bishoftu""]",,2026-07-27 22:07:25.776912+00,business
06f3b178-5219-4a8e-b9b5-be91e7219175,Mount Chilalo Stargazing Ridge,Elevated ridge platform providing clear night sky conditions.,Oromia,Asella,,[],"[""mount-chilalo"",""stargazing"",""arsi""]","{""lat"":7.9150565,""lng"":39.2620904}",2026-07-27 22:07:25.776912+00,space
06f6cccf-3b0c-4514-aac1-11d5c4531468,Wolayta Sodo Cultural Handicrafts Center,Craft center famous for traditional woven cloths and glazed pottery.,South Ethiopia Regional State,Wolaita Sodo,,[],"[""wolayta-sodo"",""cultural-handicrafts"",""pottery""]","{""lat"":6.8577533,""lng"":37.7578499}",2026-07-27 22:07:25.776912+00,shopping
0719dd1e-6986-49b7-b092-400e2548dfc5,Inter Luxury Hotel Conference Suites,Multi-functional event halls in central Addis Ababa.,,,,[],"[""inter-luxury"",""conference-suites"",""addis""]",,2026-07-27 22:07:25.776912+00,business
07384a8f-5e47-43e5-af76-0ed738a4f7f6,Kenenisa Hotel & High-Altitude Sports Complex,Athletic training complex developed by Olympic champion Kenenisa Bekele.,,,,[],"[""kenenisa-bekele"",""bekoji"",""sports-complex""]",,2026-07-27 22:07:25.776912+00,sports
073a802a-e42d-4440-89ba-36dffc6bc0f1,Sodere Resort Convention Center,Resort event venue paired with thermal spring leisure.,Oromia,Sodere,,[],"[""sodere"",""convention-center"",""resort""]","{""lat"":8.4034494,""lng"":39.3869748}",2026-07-27 22:07:25.776912+00,business
07732b82-a311-40cc-b641-f0118bb25bce,Raya Azebo Farming Communities,Agrarian villages nestled between highland mountain ranges.,Afar,,,[],"[""raya-azebo"",""farming-communities"",""mohoni""]","{""lat"":12.66667,""lng"":40.33333}",2026-07-27 22:07:25.776912+00,rural
079c543b-0632-403a-a752-7f7b63cd0037,Awi Agew Honey Wine Houses,Highland taverns serving pure Tej brewed from local forest honey.,,,,[],"[""awi"",""agew"",""honey-wine""]",,2026-07-27 22:07:25.776912+00,culinary
07e3c3e0-9588-41e5-a2b6-5865142da6e2,Debre Marqos Cathedral,Historic central church and religious hub in East Gojjam.,,,,[],"[""cathedral"",""debre-markos"",""gojjam""]",,2026-07-27 22:07:25.776912+00,religious
07e446b5-5b4a-4f84-bf73-d43ac8c07f2a,Yabello Desert Off-Road Trek,Overland desert trek exploring the semi-arid bush of Yabello.,Oromia,Yabēlo,,[],"[""off-road"",""desert"",""borena""]","{""lat"":4.8888074,""lng"":38.109828}",2026-07-27 22:07:25.776912+00,adventure
08169283-0ecd-4fee-be90-3e80c16fb6f2,Senkele Swaynes Hartebeest Sanctuary,Open savannah sanctuary protecting the endangered Swaynes Hartebeest.,Oromia,Wajira Hudo,,[],"[""senkele"",""hartebeest"",""sanctuary""]","{""lat"":7.167028,""lng"":38.2930673}",2026-07-27 22:07:25.776912+00,ecotourism
081c2f68-7301-4e19-abf1-472b6b05f4b5,Woldiya Public Town Hillside,Public hillside walking paths with regional views.,Amhara,Woldia,,[],"[""woldiya"",""town-hillside"",""public""]","{""lat"":11.8342096,""lng"":39.6056115}",2026-07-27 22:07:25.776912+00,budget
084c39db-ea06-4008-9c00-26f7361f4330,Wolayta Sodo Highland Hamlets,Picturesque highland agricultural villages.,South Ethiopia Regional State,Wolaita Sodo,,[],"[""wolayta"",""sodo"",""highland-hamlets""]","{""lat"":6.8577533,""lng"":37.7578499}",2026-07-27 22:07:25.776912+00,rural
0873ce73-8dbd-4d59-a980-c8e5973b4de3,Hilton Addis Ababa Ballrooms & Grounds,Established business venue with extensive meeting rooms and outdoor spaces.,Addis Ababa,Kirkos,,[],"[""hilton"",""ballroom"",""meetings""]","{""lat"":9.0187247,""lng"":38.7650277}",2026-07-27 22:07:25.776912+00,business
08e88666-1276-403b-972c-a82a3cedd23e,Dallol Sulfur Springs,"Unmatched fluorescent yellow, green, and orange hydrothermal salt formations.",Afar,,,[],"[""dallol"",""vibrant-colors"",""landscape-photography""]","{""lat"":14.2424728,""lng"":40.2996919}",2026-07-27 22:07:25.776912+00,photography
0904c198-522d-4eae-909c-1a03548e3123,Getu Commercial Center,Multi-level commercial shopping complex on Bole Road.,Addis Ababa,Kirkos,,[],"[""getu-commercial"",""bole-road"",""retail""]","{""lat"":9.0023504,""lng"":38.7695919}",2026-07-27 22:07:25.776912+00,shopping
098a3ef4-e0f9-4680-a0a3-531cd2363b7c,Sor River Canopy (Rainforest Avifauna),Lush canopy trail ideal for viewing southwestern rainforest birds.,,,,[],"[""avifauna"",""sor-river"",""rainforest""]",,2026-07-27 22:07:25.776912+00,wildlife
099a81af-e0f6-4c9a-acb4-46edb6f64952,Petros and Paulos Monastery,"Rock-hewn monastery in Gheralta, accessible via challenging climb, featuring ancient frescoes.",Tigray,Gheralta,780,"[""https://images.unsplash.com/photo-1585208798174-6cedd86e019a?w=800"",""https://images.unsplash.com/photo-1605106901227-991bd663255c?w=800""]","[""Monastery"",""Rock-Hewn"",""Gheralta"",""Frescoes"",""Orthodox""]","{""lat"":13.9,""lng"":39.18}",2025-12-08 05:10:50.501803+00,religious
09c323bd-9d34-4fda-ac2f-15bce647102c,"Lalibela Rock-Hewn Churches (Bete Giyorgis, etc.)",World-famous 12th-century monolithic rock-hewn churches.,Amhara,Lalibela,,[],"[""lalibela"",""unesco"",""rock-churches""]","{""lat"":12.0360639,""lng"":39.0456845}",2026-07-27 22:07:25.776912+00,religious
09cf80ad-8f11-4213-860c-c391cac7c1e4,Guji Gold & Pastoralist Villages,Rural settlements blending traditional cattle pastoralism and artisanal mining.,,,,[],"[""guji"",""gold"",""pastoralist""]",,2026-07-27 22:07:25.776912+00,rural
09e458fc-9121-48c5-ab82-0a2d127ef57a,Wolayta Sodo Urban Center,Densely populated commercial hub of the Wolayta zone.,South Ethiopia Regional State,Wolaita Sodo,,[],"[""sodo"",""wolayta"",""urban-center""]","{""lat"":6.8577533,""lng"":37.7578499}",2026-07-27 22:07:25.776912+00,urban
0a100234-8028-4018-86a7-c3803711309e,Dire Dawa Date Palm Orchards,Lowland agro-farms specialized in date palm cultivation.,Dire Dawa,Dire Dawa,,[],"[""dire-dawa"",""date-palms"",""orchards""]","{""lat"":9.5913368,""lng"":41.8566126}",2026-07-27 22:07:25.776912+00,agritourism
0a20e07d-73dd-4284-ae5b-b631cc2cc559,Halala Kella Lodge Retreat & Spa,Luxury lakefront retreat featuring peaceful spa facilities.,,,,[],"[""halala-kella"",""retreat-spa"",""koysha""]",,2026-07-27 22:07:25.776912+00,wellness
0a2a2811-9f5b-4f9a-8074-5e180fd06d45,Dek Island Ferry Terminal,Central ferry dock on the largest island in Lake Tana.,Amhara,,,[],"[""dek-island"",""ferry-terminal"",""lake-tana""]","{""lat"":11.91667,""lng"":37.26667}",2026-07-27 22:07:25.776912+00,cruise
0a56edc3-e173-4766-863d-d602923659eb,Abebe Bikila Stadium Accessible Seating Gate,Designated step-free stadium entry gates.,,,,[],"[""abebe-bikila-stadium"",""accessible-gate"",""sports""]",,2026-07-27 22:07:25.776912+00,accessible
0a71af5a-b80e-43bd-91dd-060ce654e2b5,Woldiya Community Health Centers,Regional healthcare volunteer placements.,Amhara,Woldia,,[],"[""woldiya"",""community-health"",""volunteering""]","{""lat"":11.8342096,""lng"":39.6056115}",2026-07-27 22:07:25.776912+00,voluntourism
0a85ecd4-5c50-4860-b012-f6780d7ed2d3,Omo National Park (Big Game Safari),Remote national park hosting diverse savannah wildlife.,,,,[],"[""omo"",""big-game"",""safari""]",,2026-07-27 22:07:25.776912+00,wildlife
0b2fc774-3a9b-4d36-8179-10da157097ac,Limalimo Lodge,Award-winning luxury eco-lodge perched on the escarpment of Simien Mountains.,Amhara,Debebahir,,[],"[""limalimo"",""simien-mountains"",""luxury-eco-lodge""]","{""lat"":13.1979701,""lng"":37.8963243}",2026-07-27 22:07:25.776912+00,luxury
0b323a29-7996-4f3d-b524-51210f902bdd,Youth & Sports Academy Complex,National sports academy facility for athletic development.,,,,[],"[""sports-academy"",""training"",""addis""]",,2026-07-27 22:07:25.776912+00,sports
0b7eda7d-dfb8-456d-b691-d6ce2890ed58,Jan Meda Racecourse & Sports Ground,Historic field hosting national cross-country running championships.,Addis Ababa,Gulale,,[],"[""jan-meda"",""cross-country"",""racecourse""]","{""lat"":9.0466103,""lng"":38.7687405}",2026-07-27 22:07:25.776912+00,sports
0b82fd83-fb1a-48cb-b8f4-141efbd9cac2,Lake Ashenge Boating Shore,Highland lake shore in southern Tigray offering boat access.,Tigray,Hashenge,,[],"[""ashenge"",""boating"",""tigray""]","{""lat"":12.5793136,""lng"":39.5015961}",2026-07-27 22:07:25.776912+00,cruise
0bb81add-f212-4fa1-a84c-03ac54cb7b4e,Gura Dhamole Desert Night Sky Encampment,Remote desert camp offering clear stargazing.,,,,[],"[""gura-dhamole"",""desert-encampment"",""dark-sky""]",,2026-07-27 22:07:25.776912+00,space
0beb83f4-243e-4161-8657-8f7ce8b4d268,Babile Elephant Sanctuary Bush Trekking,Guided wilderness bush tracking for native wild elephants.,,,,[],"[""bush-trekking"",""elephants"",""hararghe""]",,2026-07-27 22:07:25.776912+00,adventure
0bfc7ee8-ddd1-4b35-baa9-543a2a227862,Loleha High-End Eco-Lodge,Exclusive high-end eco-lodge overlooking the pristine waters of Wenchi Crater Lake.,,,,[],"[""loleha"",""eco-lodge"",""wenchi""]",,2026-07-27 22:07:25.776912+00,luxury
0bfd7934-abde-4fff-bd12-4a56358498a0,Ethio-Kenyan Border High-Altitude Cross-Country Trails,Challenging cross-country distance running terrain.,Oromia,Moyale,,[],"[""cross-country"",""moyale"",""high-altitude""]","{""lat"":3.5241898,""lng"":39.0512683}",2026-07-27 22:07:25.776912+00,sports
0c0a0214-76e4-480e-8291-7d97965501da,Tekeze Dam Lake Boating & Fishing Dock,Reservoir lake boating dock set amidst deep mountain gorges.,,,,[],"[""tekeze-dam"",""boating"",""dock""]",,2026-07-27 22:07:25.776912+00,cruise
0c0f9ce0-6896-4e41-a1fa-d5e3c229b28a,Gerbi Natural Hot Springs,Natural thermal water site used for local hydrotherapy.,Oromia,,,[],"[""hot-springs"",""gerbi"",""oromia""]","{""lat"":8.93278,""lng"":41.80361}",2026-07-27 22:07:25.776912+00,medical
0c1a1191-572e-4565-b33c-18646387bc44,Lake Hora Water Sports & Boating Pier,Lakeside pier for rowing and motorboat tours.,Oromia,Bishoftu,,[],"[""lake-hora"",""boating-pier"",""bishoftu""]","{""lat"":8.7549453,""lng"":38.9902682}",2026-07-27 22:07:25.776912+00,cruise
0c86b942-94ae-49d7-aee3-20c43cc50fe5,Capital Hotel & Spa Wellness Facilities,Comprehensive urban spa featuring hydrotherapy pools and fitness.,Addis Ababa,Bole,,[],"[""capital-hotel"",""wellness-facilities"",""addis""]","{""lat"":9.0134031,""lng"":38.7797654}",2026-07-27 22:07:25.776912+00,wellness
0cc86c22-d3a7-48d9-ac1a-1478f842b8ff,Dirre Sheikh Hussein Pilgrims Village,Rural holy village welcoming seasonal spiritual pilgrims.,,,,[],"[""sheikh-hussein"",""pilgrims-village"",""bale""]",,2026-07-27 22:07:25.776912+00,rural
0ce80aca-c141-4001-bc27-6c5a65e10179,Debre Damo Monastery,6th-century cliff-top monastery accessible only by rope climb; among Ethiopia’s oldest.,Tigray,Debre Damo,1010,"[""https://images.unsplash.com/photo-1605106901227-991bd663255c?w=1200&q=80""]","[""Monastery"",""Cliff-top"",""Historic"",""Orthodox""]","{""lat"":14.371,""lng"":39.32}",2025-12-08 02:04:50.339394+00,religious
0d1058d2-0ac5-4f62-904a-86b77a783a9f,Ethnological Museum,University museum equipped with ramps and elevator access across display floors.,Addis Ababa,Gulele,,[],"[""ethnological-museum"",""elevator-access"",""ramps""]","{""lat"":9.0469448,""lng"":38.7577717}",2026-07-27 22:07:25.776912+00,accessible
0d291d6c-0210-408b-87a8-fbc919f72dc5,Dembi Waterfall & Forest Sanctuary,Secluded waterfall surrounded by primary rainforest vegetation.,,,,[],"[""dembi-waterfall"",""sanctuary"",""kafa""]",,2026-07-27 22:07:25.776912+00,ecotourism
0db2f2ba-292b-4bfd-a534-f3bbcf855467,Tekeze River Canyon Trekking,Remote canyon trekking along the deep Tekeze river basin.,,,,[],"[""canyon"",""hiking"",""tekeze""]",,2026-07-27 22:07:25.776912+00,adventure
0deb4635-ec6e-41d1-95cf-f0b0d2389259,Haile Resort Hawassa Convention Center,Lakeside conference center hosting regional and international summits.,Sidama,Awasa,,[],"[""haile-resort"",""hawassa"",""convention""]","{""lat"":7.0795884,""lng"":38.479093899999995}",2026-07-27 22:07:25.776912+00,business
0e063698-9ba5-4022-b19f-818523281e33,Marriott Executive Apartments Luxury Penthouses,Luxury penthouses and long-stay executive serviced apartments.,Addis Ababa,Kirkos,,[],"[""marriott"",""penthouses"",""serviced-apartments""]","{""lat"":9.010443,""lng"":38.7651132}",2026-07-27 22:07:25.776912+00,luxury
0e43bad9-7f39-4795-be9d-01fd987acf85,Awash National Park Arid Ecosystem Research Outpost,Research station studying dryland ecology and pastoralist dynamics.,,,,[],"[""awash"",""arid-ecosystem"",""field-research""]",,2026-07-27 22:07:25.776912+00,educational
0e4d4519-15ac-4164-95ff-67610eea618a,Bishoftu Pyramids Resort Meeting Facilities,Lakeside workshop and retreat center.,,,,[],"[""pyramids-resort"",""meetings"",""bishoftu""]",,2026-07-27 22:07:25.776912+00,business
0e620435-6085-42a3-83a5-850fef257e71,Fincha Dam Lake Water Tours,Highland dam reservoir offering scenic lake boat trips.,Oromia,Finicha'a,,[],"[""fincha-dam"",""water-tours"",""wollega""]","{""lat"":9.5578092,""lng"":37.3662213}",2026-07-27 22:07:25.776912+00,cruise
0e95b8df-daa1-4410-a730-189befba6f99,Arba Minch Crocodile Ranch Trail Running Loop,Scenic trail running loop adjacent to Nechisar Park.,South Ethiopia Regional State,Arba Minch,,[],"[""arba-minch"",""trail-running"",""lake-view""]","{""lat"":6.029646199999999,""lng"":37.5918419}",2026-07-27 22:07:25.776912+00,sports
0f2b4014-1411-4d39-9d1f-ab7c9840a894,Gojjam Teff Farming Cooperatives,The heartland of white teff farming in East Gojjam.,,,,[],"[""gojjam"",""teff-cooperatives"",""debre-markos""]",,2026-07-27 22:07:25.776912+00,agritourism
0f3ec61a-c1a4-4baf-bfdc-6913b4805a5c,Yeha Village Public Walkway,Walkable historic village paths surrounding the Great Temple.,Tigray,,,[],"[""yeha"",""public-walkway"",""village-walk""]","{""lat"":14.25,""lng"":38.91667}",2026-07-27 22:07:25.776912+00,budget
0f49f40b-5d9b-48c8-900f-c01e75ff02c0,Addis Ababa City Center (Meskel Square & Imperial Zones),"The sprawling political, diplomatic, and commercial urban heart of Ethiopia.",Addis Ababa,Kirkos,,[],"[""meskel-square"",""addis-ababa"",""city-center""]","{""lat"":9.0102293,""lng"":38.7606309}",2026-07-27 22:07:25.776912+00,urban
0f779742-b201-49c7-858f-d1eadb6516b3,Lalibela Rock Churches,Twelfth-century rock-carved churches built as a New Jerusalem on African soil.,Amhara,Lalibela,,[],"[""lalibela"",""architectural-wonder"",""medieval-africa""]","{""lat"":12.0360639,""lng"":39.0456845}",2026-07-27 22:07:25.776912+00,ancestry
0f7c84bd-4645-4e2b-b0c8-c603b9a940b1,Entoto Mountain Zipline & Rope Course,High-altitude adventure ropes course and zipline above Addis Ababa.,,,,[],"[""zipline"",""rope-course"",""addis""]",,2026-07-27 22:07:25.776912+00,adventure
0fa2359e-59e0-4cb3-867c-b289e8e9a009,Silte Mixed Agro-Farms,"Highland farms producing pepper, grain, and livestock.",,,,[],"[""silte"",""mixed-farms"",""worabe""]",,2026-07-27 22:07:25.776912+00,agritourism
0fb928af-dda8-4f10-8883-ac29911ded6d,Ankober Escarpment Rift Valley Wall Views,"Dramatic 1,000-meter drop views over the Great Rift Valley floor.",Amhara,Ankober,,[],"[""ankober"",""escarpment-views"",""rift-valley""]","{""lat"":9.5911547,""lng"":39.7338213}",2026-07-27 22:07:25.776912+00,photography
0ff366be-2732-444c-bad4-160e65b47fb1,Lalibela Surrounding Highland Hamlets,Mountain farming villages accessible along rural trekking paths.,Amhara,Lalibela,,[],"[""lalibela"",""highland-hamlets"",""rural""]","{""lat"":12.0360639,""lng"":39.0456845}",2026-07-27 22:07:25.776912+00,rural
10428c4d-037c-4235-a04c-81eeedfcbb52,Jinka South Omo Health & Education Volunteer Base,Regional volunteer hub supporting mobile health clinics and tribal schools.,,,,[],"[""jinka"",""health-education"",""south-omo""]",,2026-07-27 22:07:25.776912+00,voluntourism
106667fc-ad59-4c8f-9c5f-52b2f5ae9284,Harar Jugol (Historic Walled City),"A UNESCO World Heritage fortified historic Islamic town with 82 mosques, narrow alleyways, vibrant markets, and the famous Hyena Feeding tradition.",Harari,Harar,520,"[""https://upload.wikimedia.org/wikipedia/commons/thumb/a/a2/Streets_of_Harar.jpg/1024px-Streets_of_Harar.jpg""]","[""UNESCO"",""Walled City"",""Hyena Man"",""Islamic Heritage""]","{""lat"":9.31,""lng"":42.13}",2026-07-27 21:19:12.232213+00,cultural
1083c39b-85cc-457d-9a68-518fe138f7be,Addis Ababa Italian Occupation Fortifications,Concrete military bunkers built on Mount Entoto during the 1936-1941 occupation.,,,,[],"[""entoto"",""fortifications"",""italian-occupation""]",,2026-07-27 22:07:25.776912+00,dark
10995a8c-f549-4261-9251-3c7e872b92b8,Argobba Heritage Villages,Stone-built historic villages tucked along eastern escarpment slopes.,,,,[],"[""argobba"",""heritage-villages"",""slopes""]",,2026-07-27 22:07:25.776912+00,rural
10a673a7-4637-4406-b3ce-1ba3b0959686,Lake Babogaya Kayak & Boat Launches,Quiet crater lake launch points for kayaking and pontoon boating.,Oromia,Bishoftu,,[],"[""babogaya"",""kayak"",""boat-launch""]","{""lat"":8.7873711,""lng"":38.9931534}",2026-07-27 22:07:25.776912+00,cruise
10aad439-21ab-49ae-bad6-cd8d0e02d12f,Teppi Coffee & Spice Plantation Estate,"Massive plantation growing coffee, vanilla, cardamom, and black pepper.",South West Ethiopia Peoples,,,[],"[""teppi"",""spice-plantation"",""coffee""]","{""lat"":7.4231767,""lng"":35.4344487}",2026-07-27 22:07:25.776912+00,agritourism
10c92854-678b-4c37-9275-8d10f798aa6d,Entoto Planetarium Complex,Digital planetarium facility offering educational space science shows.,,,,[],"[""planetarium"",""entoto"",""space-education""]",,2026-07-27 22:07:25.776912+00,space
10cae156-391a-4c15-9fa6-2d9adfd70352,Gidole Terraces & Rural Hamlets,Highland rural villages featuring intensive hillside terracing.,South Ethiopia Regional State,Gidole,,[],"[""gidole"",""terraces"",""gamo""]","{""lat"":5.6505459,""lng"":37.3660534}",2026-07-27 22:07:25.776912+00,rural
113b58ce-45b5-4569-89d4-f5f7ca88df14,Kadisco General Hospital,Private general care medical facility in Addis Ababa.,Addis Ababa,Bole,,[],"[""hospital"",""kadisco"",""addis""]","{""lat"":8.9954956,""lng"":38.8143721}",2026-07-27 22:07:25.776912+00,medical
1199349e-9884-4cf4-9829-6629cbdc454a,Nechisar National Park Anti-Poaching Base,Conservation support base focusing on wildlife protection and habitat care.,South Ethiopia Regional State,Arba Minch,,[],"[""nechisar"",""anti-poaching"",""park-volunteer""]","{""lat"":6.02604,""lng"":37.56775}",2026-07-27 22:07:25.776912+00,voluntourism
11d5d687-cf9d-4d2e-80fa-c16dc4bc2d07,Sabana Beach Resort Main Level Pavilions,Step-free main resort lodge and cliffside dining pavilion.,Oromia,Arsi Negelle,,[],"[""sabana-resort"",""main-level"",""langano""]","{""lat"":7.5919956,""lng"":38.6913141}",2026-07-27 22:07:25.776912+00,accessible
123cfd93-3039-4f07-a333-891d1dae1ff3,Adama Central Commercial Market,Major agricultural and retail market center in Adama.,Oromia,Adama,,[],"[""adama"",""commercial-market"",""oromia""]","{""lat"":8.5410261,""lng"":39.2705461}",2026-07-27 22:07:25.776912+00,shopping
128ea5e5-e0c7-4b55-ab19-15fcaa579189,Masha Rainforest Honey Villages,Forest villages producing certified organic forest honey.,South West Ethiopia Peoples,Masha,,[],"[""masha"",""sheka"",""honey-villages""]","{""lat"":7.747454,""lng"":35.475953}",2026-07-27 22:07:25.776912+00,rural
128fc595-bc5c-412c-9acb-c322347df6f3,Gorgora Eco-Resort Marina Complex,Newly constructed marina complex on Lake Tana.,Amhara,Gorgora,,[],"[""gorgora"",""marina"",""lake-tana""]","{""lat"":12.2382669,""lng"":37.2971393}",2026-07-27 22:07:25.776912+00,cruise
12d7c2e5-6f22-407c-b6f5-f9d62a3f7e4f,Hyatt Regency Oasis Spa,Modern luxury spa offering holistic body treatments.,Addis Ababa,Kirkos,,[],"[""hyatt-regency"",""oasis-spa"",""addis""]","{""lat"":9.0100868,""lng"":38.7640678}",2026-07-27 22:07:25.776912+00,wellness
131993b4-a8b5-41cb-a8d1-5e2610dfd540,Bishoftu Lake Kilole Water Outpost,Quiet crater lake water outpost.,,,,[],"[""kilole"",""water-outpost"",""bishoftu""]",,2026-07-27 22:07:25.776912+00,cruise
133d233e-e6d0-4a8e-803a-7a7b8b5bde07,Metu Town Center,Highland agricultural town center in Illubabor.,,,,[],"[""metu"",""town-center"",""illubabor""]",,2026-07-27 22:07:25.776912+00,urban
13e068c7-3d20-4a4e-b74b-3b403ab237a2,Abuna Yemata Guh Rock Climb,Iconic rock-climb ascent to a cliffside monolithic church in Gheralta.,,,,[],"[""climbing"",""rock-church"",""tigray""]",,2026-07-27 22:07:25.776912+00,adventure
142fb748-0f18-4bf9-841b-11aa0b15611d,Gondar City Center Public Walkway,Piazza area public walkway surrounding Italian colonial architecture.,Amhara,Gonder,,[],"[""gondar"",""public-walkway"",""piazza""]","{""lat"":12.610368,""lng"":37.466766}",2026-07-27 22:07:25.776912+00,budget
146f6075-c877-4699-affe-e3d724587aa7,Dorze Eco-Lodge & Cultural Highlands,Community eco-lodge perched over the Rift Valley escarpment.,South Ethiopia Regional State,Dorze,,[],"[""dorze"",""eco-lodge"",""chencha""]","{""lat"":6.1948568,""lng"":37.5743447}",2026-07-27 22:07:25.776912+00,ecotourism
148034e4-7fe4-4dad-8d25-5be713fff5fe,Yabello Borena Cattle Breeding Research Center,Research station focused on heat-tolerant indigenous cattle breeds.,Oromia,Yabēlo,,[],"[""yabello"",""borena-cattle"",""livestock-research""]","{""lat"":4.8888074,""lng"":38.109828}",2026-07-27 22:07:25.776912+00,educational
14cd6748-c252-4f1d-af1b-7145c3d63012,Lalibela Church Street Craft & Cross Vendors,Specialized vendors selling hand-carved stone and brass processional crosses.,Amhara,Lalibela,,[],"[""lalibela"",""hand-crosses"",""religious-art""]","{""lat"":12.0360639,""lng"":39.0456845}",2026-07-27 22:07:25.776912+00,shopping
14dcdb3b-f234-4f0e-9ddb-270c10ebcc13,Assab Road Historical Conflict Sites,Historical military defense sites along the border highway.,,,,[],"[""assab-road"",""conflict-sites"",""afar""]",,2026-07-27 22:07:25.776912+00,dark
14f1955f-8954-4783-bac3-6c65d261f23b,Al-Nejashi Shrine,Site of the first refuge for early Muslims sent by Prophet Muhammad to Abyssinia.,Tigray,Felegsha,,[],"[""al-nejashi"",""first-hijra"",""islamic-history""]","{""lat"":13.8755536,""lng"":39.5987026}",2026-07-27 22:07:25.776912+00,ancestry
14fcb4c1-abbd-41c3-b00f-cf1decb0777c,Lake Ziway Gelila Island Boat Trail,Boat trail navigating from Ziway town to Gelila Island.,Oromia,East Shewa,,[],"[""ziway"",""gelila-island"",""boat-trail""]","{""lat"":7.9265107,""lng"":38.7552253}",2026-07-27 22:07:25.776912+00,cruise
151689f0-1345-4c94-8b5e-4cf3b59dfae8,Chebera Churchura National Park (African Elephants),Dense forest refuge holding healthy populations of African elephants.,South West Ethiopia Peoples,,,[],"[""elephants"",""chebera-churchura"",""wildlife""]","{""lat"":6.9042595,""lng"":36.7301591}",2026-07-27 22:07:25.776912+00,wildlife
154e92cf-82ab-4022-9339-7a382efd7a69,Semera Afar Plain Astronomical Observation Sites,Flat desert plains providing clear night skies.,Afar,Semera,,[],"[""semera"",""afar-plain"",""astronomy""]","{""lat"":11.7923098,""lng"":41.0089155}",2026-07-27 22:07:25.776912+00,space
155560ee-ef59-4e8f-9b0a-da01cfb2db33,Gerbi Natural Hot Springs Retreat,Secluded hot springs used for natural wellness.,Oromia,,,[],"[""gerbi"",""hot-springs"",""oromia""]","{""lat"":8.93278,""lng"":41.80361}",2026-07-27 22:07:25.776912+00,wellness
15580d30-aaf4-41e6-8928-1b7ce0c5b9d7,Tomoca Coffee Original Shop,Historic 1953 coffee shop in Piazza serving iconic Italian-style Ethiopian espresso.,Addis Ababa,Kirkos,,[],"[""tomoca"",""original-coffee"",""espresso""]","{""lat"":9.0094467,""lng"":38.7533049}",2026-07-27 22:07:25.776912+00,culinary
15b19af3-fa80-42e8-a887-582c31528014,Gondar Saturday Market,"Sprawling municipal market selling traditional cloth, spices, and pottery.",Amhara,Gonder,,[],"[""gondar"",""saturday-market"",""crafts""]","{""lat"":12.610368,""lng"":37.466766}",2026-07-27 22:07:25.776912+00,shopping
15d4cc48-4db3-4cbb-91c9-c60fa8b4dc57,Lewi Resort & Wellness Spa,Lakeside resort offering wellness activities and steam baths.,,,,[],"[""lewi-resort"",""wellness-spa"",""hawassa""]",,2026-07-27 22:07:25.776912+00,wellness
15f2bcde-0809-406f-8919-09b8f795e41a,Menz Mama Midir Wool Farming Hamlets,Highland hamlets specialized in sheep breeding and wool spinning.,,,,[],"[""menz"",""wool-farming"",""hamlets""]",,2026-07-27 22:07:25.776912+00,rural
160260ef-113c-4092-b084-b9344923802e,Bole Medhanealem Modern Fusion & Bistro Belt,Modern culinary district mixing traditional Ethiopian and international bistros.,Addis Ababa,Bole,,[],"[""bole"",""fusion-bistro"",""dining""]","{""lat"":8.9822541,""lng"":38.8383871}",2026-07-27 22:07:25.776912+00,culinary
160cbdd9-963a-4959-8f22-f565a0621de3,Suba Forest Tree Planting Volunteers Hub,Reforestation hub organizing mass tree planting campaigns.,Oromia,Walmara,,[],"[""suba-forest"",""tree-planting"",""reforestation""]","{""lat"":8.96667,""lng"":38.53333}",2026-07-27 22:07:25.776912+00,voluntourism
1618e41c-dd41-468c-bc4d-eb68f0980534,Geralle National Park (Giraffes & Gazelles),"Southern border park conserving giraffes, gerenuks, and gazelles.",Somali,,,[],"[""geralle"",""giraffes"",""gazelles""]","{""lat"":4.5638106,""lng"":40.1494701}",2026-07-27 22:07:25.776912+00,wildlife
16716603-1c73-4a69-b4e5-aa9673c399fd,Wushwush Tea Estate & Factory,Extensive rolling green tea plantations offering estate tours and processing factory visits.,South West Ethiopia Peoples,Wushwush,,[],"[""wushwush"",""tea-estate"",""bonga""]","{""lat"":7.3004291,""lng"":36.1404862}",2026-07-27 22:07:25.776912+00,agritourism
16b17298-cf95-44da-b6a5-4c1bce95c425,Imperial Club Sports Facilities,Established club offering indoor and outdoor sports.,,,,[],"[""imperial-club"",""sports-facilities"",""addis""]",,2026-07-27 22:07:25.776912+00,sports
16c62e77-ebbe-46f9-ac95-2a3784f4b47b,Haile Resort Hawassa Private Boat Pier,Resort dock providing private boat cruises across Lake Hawassa.,Sidama,Hawassa,,[],"[""haile-resort"",""boat-pier"",""hawassa""]","{""lat"":7.0549266,""lng"":38.4674463}",2026-07-27 22:07:25.776912+00,cruise
171119ef-dd22-425f-93bc-654ef09a656a,Menz Guassa Silent Wilderness Camp,Remote highland camp offering complete isolation and dark-sky silence.,Amhara,,,[],"[""guassa"",""silent-wilderness"",""alpine-camp""]","{""lat"":10.3511111,""lng"":39.7959722}",2026-07-27 22:07:25.776912+00,wellness
17182a01-db5e-4920-b6bb-5927b96a2ccb,Silte Halawa & Traditional Confectionery Outlets,Sweet shops specialized in Silte Halawa sesame and sugar confections.,,,,[],"[""silte"",""halawa"",""worabe""]",,2026-07-27 22:07:25.776912+00,culinary
17520cea-bed8-4aa0-b020-30e597001408,Lake Kuriftu Waterpark Boating Marina,Recreational marina offering family boating activities.,,,,[],"[""waterpark"",""marina"",""kuriftu""]",,2026-07-27 22:07:25.776912+00,cruise
175f8db8-fab1-4154-8709-8b21e6b308e7,Lake Hayq & Stephens Monastery Sanctuary,Highland lake offering birdwatching and historical monastic visits.,Amhara,Hayq,,[],"[""hayq"",""stephens-monastery"",""lake""]","{""lat"":11.3131688,""lng"":39.676983}",2026-07-27 22:07:25.776912+00,ecotourism
1776863c-a67a-47a1-a39b-1ff5f28972a2,Yaya Africa Athletics Village,World-class high-altitude athletics training center founded by Haile Gebrselassie.,Oromia,Sululta,,[],"[""yaya-village"",""athletics"",""high-altitude""]","{""lat"":9.103813599999999,""lng"":38.7109595}",2026-07-27 22:07:25.776912+00,sports
1780d35c-2488-4b5e-b3ae-042a32f6c0b7,Filwoha Thermal Mineral Baths,Historic municipal hot spring baths in central Addis Ababa.,,,,[],"[""filwoha"",""thermal"",""addis""]",,2026-07-27 22:07:25.776912+00,medical
17cdd081-8692-4079-ad33-6a5c3db45ad7,Dil Chora Hospital,Primary referral hospital in Dire Dawa.,,,,[],"[""hospital"",""dil-chora"",""dire-dawa""]",,2026-07-27 22:07:25.776912+00,medical
1802b841-f5a4-49fe-9c32-efbd4b5e966e,Dirre Sheikh Hussein Sacred Site,Centuries-old Islamic spiritual center in the Bale zone.,Oromia,Sheik Hussein,,[],"[""sheikh-hussein"",""sufi-heritage"",""pilgrimage""]","{""lat"":7.7463399,""lng"":40.7036365}",2026-07-27 22:07:25.776912+00,ancestry
184162e1-10f4-47c4-8df2-43e9baef7374,Key Afer Market,"Colorful weekly crossroads market serving Benna, Ari, and Tsemai traders.",South Ethiopia Regional State,Keyafer,,[],"[""key-afer"",""market"",""south-omo""]","{""lat"":5.5224108,""lng"":36.735446}",2026-07-27 22:07:25.776912+00,shopping
1861714b-d99d-45db-9295-7a295c30b79f,Arbore Pastoralist Hamlets,Rural villages known for distinct beadwork and traditional homes.,South Ethiopia Regional State,Arbore,,[],"[""arbore"",""pastoralist"",""south-omo""]","{""lat"":4.9932363,""lng"":36.8500074}",2026-07-27 22:07:25.776912+00,rural
18d1a00d-e89d-4c2a-81e3-727d2f2c2196,Kafa Biosphere Waterfall & Wild Coffee Forests,"Pristine rainforest canopy, waterfalls, and wild coffee plants.",,,,[],"[""kafa-biosphere"",""waterfall"",""rainforest""]",,2026-07-27 22:07:25.776912+00,photography
18e7ff60-d9b4-4951-b88f-f1881b20abad,Yanet Specialized Hospital,Major private referral hospital in Hawassa.,Sidama,Hawassa,,[],"[""hospital"",""yanet"",""hawassa""]","{""lat"":7.0235129,""lng"":38.4684384}",2026-07-27 22:07:25.776912+00,medical
1911def4-e997-465b-a0a3-6d9d84380461,Dima River Canyon Adventure Trail,Canyon hiking trail along the Dima River in Gojjam.,,,,[],"[""canyon"",""gojjam"",""hiking""]",,2026-07-27 22:07:25.776912+00,adventure
1976295f-ecce-48f7-bbc3-cc4f1b53fef3,Ethiopian Postal Museum,"Downtown museum detailing the history of mail, stamps, and telecommunications.",Addis Ababa,Lideta,,[],"[""postal-museum"",""philately"",""telecom-history""]","{""lat"":9.0203258,""lng"":38.7530817}",2026-07-27 22:07:25.776912+00,educational
1a0fe466-2e4e-4af5-8db4-43be8bea6df0,Gheralta Escarpment Farm Settlements,Traditional sandstone farm homesteads beneath soaring rock monoliths.,Tigray,Halah Gheralta,,[],"[""gheralta"",""escarpment"",""farm-settlements""]","{""lat"":13.7478418,""lng"":39.2536119}",2026-07-27 22:07:25.776912+00,rural
1a1c5e1b-dafa-4c16-b381-623fbaa66752,Beynuna Village Community,Rural community settlement located in the eastern highlands.,,,,[],"[""beynuna"",""community"",""eastern-ethiopia""]",,2026-07-27 22:07:25.776912+00,rural
1a209072-6ad4-4054-a3d1-7a60411b1120,Saris & Kera Urban Districts,Mixed commercial and industrial urban districts in southern Addis Ababa.,Addis Ababa,Kirkos,,[],"[""saris"",""kera"",""industrial-zone""]","{""lat"":9.0098207,""lng"":38.7461551}",2026-07-27 22:07:25.776912+00,urban
1a38eefe-828e-469c-ae8b-5bbe525db738,Dimeka Tribal Souvenir & Crafts Market,Major market destination for purchasing authentic tribal artifacts.,South Ethiopia Regional State,Dimeka,,[],"[""dimeka"",""souvenirs"",""tribal-crafts""]","{""lat"":5.1744266,""lng"":36.5484885}",2026-07-27 22:07:25.776912+00,shopping
1a3d3411-dd15-4ebd-87ad-be817055defb,Debre Markos Urban Hub,Historic regional capital city of East Gojjam.,Amhara,Debre Markos,,[],"[""debre-markos"",""urban-hub"",""gojjam""]","{""lat"":10.3376947,""lng"":37.7304366}",2026-07-27 22:07:25.776912+00,urban
1a3def45-0960-4282-bebd-627a7cb980c4,Argobba Ancient Settlements,Historic Muslim trade route settlement connecting the coast to Shewa.,Afar,,,[],"[""aliyu-amba"",""argobba"",""trade-route""]","{""lat"":9.5,""lng"":39.95}",2026-07-27 22:07:25.776912+00,ancestry
1a5b3dff-4d10-4581-8c58-b2c5f9aec1f4,Mount Kundudo Feral Horse Sanctuary,Plateau refuge home to East Africa only feral horse herd.,,,,[],"[""feral-horses"",""kundudo"",""harar""]",,2026-07-27 22:07:25.776912+00,wildlife
1a96e60a-57ff-432a-8daf-6e94fe955bc4,Gore Historic Urban Center,Historic former trading capital known for colonial-era foreign consulates.,Oromia,Gore,,[],"[""gore"",""historic-town"",""illubabor""]","{""lat"":8.1525979,""lng"":35.5371154}",2026-07-27 22:07:25.776912+00,urban
1b0cc407-865c-4661-94dd-c1fcd6c13494,Ankober St. George Church,Historic royal church situated along the Ankober escarpment.,Amhara,Ankober,,[],"[""st-george"",""ankober"",""historic""]","{""lat"":9.5911547,""lng"":39.7338213}",2026-07-27 22:07:25.776912+00,religious
1b0dae3c-22ba-4e5d-ba89-22160801cca4,Konso Soil Erosion & Cultural Preservation Sites,Community programs preserving traditional stone terracing and wooden waga artifacts.,South Ethiopia Regional State,,,[],"[""konso"",""cultural-preservation"",""erosion-control""]","{""lat"":5.25,""lng"":37.5}",2026-07-27 22:07:25.776912+00,voluntourism
1bd34702-eb28-425c-b0e5-4fadf009287a,Metahara Sugar Cane Estate,Massive irrigated sugar plantation in the Awash river basin.,Oromia,Metehara,,[],"[""metahara"",""sugar-cane"",""estate""]","{""lat"":8.8975378,""lng"":39.917039}",2026-07-27 22:07:25.776912+00,agritourism
1bf2d847-791f-4a70-be57-01108f2f4871,Hayat Hospital Specialized Center,Established private specialized medical center.,Addis Ababa,Bole,,[],"[""hospital"",""hayat"",""addis""]","{""lat"":8.9944093,""lng"":38.7953528}",2026-07-27 22:07:25.776912+00,medical
1c3acc4f-bf27-4343-953d-1d0001863ed7,Dorze Elephant-Shaped Bamboo Huts,Towering 12-meter high woven bamboo homes set in highland gardens.,South Ethiopia Regional State,Dorze,,[],"[""dorze"",""bamboo-huts"",""architectural-photography""]","{""lat"":6.1948568,""lng"":37.5743447}",2026-07-27 22:07:25.776912+00,photography
1c4be61c-293b-40b7-90c5-85d159009ee5,Dinsho Campsite Grounds,Budget-friendly national park campsite surrounded by wildlife.,Oromia,Dinsho,,[],"[""dinsho"",""campsite"",""bale-mountains""]","{""lat"":7.108213,""lng"":39.780153}",2026-07-27 22:07:25.776912+00,budget
1c917664-8092-4e3f-ba11-abce35e97266,Lalibela Church Preservation & Masonry Museum,Educational museum documenting medieval stone carving and preservation techniques.,Amhara,Lalibela,,[],"[""lalibela-museum"",""masonry"",""church-preservation""]","{""lat"":12.0360639,""lng"":39.0456845}",2026-07-27 22:07:25.776912+00,educational
1cf5758b-28cb-430a-b66a-8d238d4d8bb5,Awash Thermal Hot Springs,Naturally occurring hot mineral springs inside Awash National Park.,,,,[],"[""hot-springs"",""awash"",""thermal""]",,2026-07-27 22:07:25.776912+00,medical
1d8c6efd-f46e-47dd-beaa-68f0ecb56f51,Wondo Genet Medicinal Hot Springs,Famous thermal mineral waters nestled in forested hills.,Sidama,Wondo Genet,,[],"[""wondo-genet"",""hot-springs"",""sidama""]","{""lat"":7.0854757,""lng"":38.6141113}",2026-07-27 22:07:25.776912+00,medical
1d914cd7-3a4f-4b25-ac05-35aae3470100,Menz Highland Sheep Meat Roasting Centers,Highland eateries specialized in succulent mountain mutton roasts.,,,,[],"[""menz"",""sheep-roast"",""highland-mutton""]",,2026-07-27 22:07:25.776912+00,culinary
1dcd5529-5ebf-47e1-b6f2-cb400f078caf,Arba Minch Local Farmer Co-ops Volunteer Sites,Agricultural volunteer placements supporting sustainable farming practices.,South Ethiopia Regional State,Arba Minch,,[],"[""arba-minch"",""farmer-coop"",""agriculture""]","{""lat"":6.0215142,""lng"":37.5539809}",2026-07-27 22:07:25.776912+00,voluntourism
1e0f8cff-e37b-4576-bfe4-7504166dd876,Jijiga Convention & Cultural Center,Main conference and cultural gathering venue in Jijiga.,Somali,Jijiga,,[],"[""jijiga"",""convention"",""somali-region""]","{""lat"":9.3675475,""lng"":42.793438}",2026-07-27 22:07:25.776912+00,business
1e396328-3fdf-40f1-b7dd-41362f74ef63,Sodo Town Mount Damota Public Hike,Free mountain hike ascending Mount Damota above Sodo.,,,,[],"[""sodo"",""mount-damota"",""free-hike""]",,2026-07-27 22:07:25.776912+00,budget
1e577338-7b6b-45c2-994e-76af1a5596d3,Beta Emmanuel Church,"Elegant rock-hewn church in Lalibela, considered one of the finest examples of Ethiopian architecture.",Amhara,Lalibela,642,"[""https://images.unsplash.com/photo-1585208798174-6cedd86e019a?w=800"",""https://images.unsplash.com/photo-1605106901227-991bd663255c?w=800""]","[""Monastery"",""Rock-Hewn"",""UNESCO"",""Lalibela"",""Orthodox""]","{""lat"":12.0317,""lng"":39.0477}",2025-12-08 05:10:50.501803+00,religious
1e580650-e9ae-4a13-ad77-bcf61acde245,Jinka Town Public Museum Hill,Public hill path overlooking Jinka valley.,South Ethiopia Regional State,Jinka,,[],"[""jinka"",""museum-hill"",""public-walk""]","{""lat"":5.786181,""lng"":36.5654425}",2026-07-27 22:07:25.776912+00,budget
1e5fb8fb-9aa3-485b-ac54-a57255d5aac4,Edna Mall Paved Concourse,Flat indoor retail concourse accessible for all visitors.,Addis Ababa,Bole,,[],"[""edna-mall"",""paved-concourse"",""addis""]","{""lat"":8.9970566,""lng"":38.7866129}",2026-07-27 22:07:25.776912+00,accessible
1e95d4ee-0a3f-4595-98b3-9e7949a572cf,Menz Guassa Community Conservation Area (Ethiopian Wolves),High-altitude Afro-alpine habitat home to Ethiopian wolves.,Amhara,,,[],"[""ethiopian-wolf"",""guassa"",""conservation""]","{""lat"":10.3511111,""lng"":39.7959722}",2026-07-27 22:07:25.776912+00,wildlife
1e9cbc26-1c66-4df8-a395-3ce61bb60b65,Combolcha Central Park,Municipal public park in Kombolcha.,,,,[],"[""kombolcha"",""central-park"",""public""]",,2026-07-27 22:07:25.776912+00,budget
1ea861e7-cb1f-424d-ae1e-a3f646a04d6d,Ramada by Wyndham Conference Hub,Contemporary hotel event venues near Bole International Airport.,Addis Ababa,Bole,,[],"[""ramada"",""conference-hub"",""bole""]","{""lat"":8.9919047,""lng"":38.7828311}",2026-07-27 22:07:25.776912+00,business
1ed00cb8-cefc-4d4f-be7b-e45568710d02,Gedeo Sacred Cultural Landscapes,Indigenous agro-forestry landscape preserved over generations.,,,,[],"[""gedeo"",""sacred-landscape"",""ancestral-monuments""]",,2026-07-27 22:07:25.776912+00,ancestry
1ed24426-c2c9-4515-8ff8-f7200e264835,Tekle Haymanot Cave Shrine,Sacred cave where Saint Tekle Haymanot prayed for seven years.,,,,[],"[""tekle-haymanot"",""cave"",""debre-libanos""]",,2026-07-27 22:07:25.776912+00,religious
1ee1842e-065b-46cc-972f-8d9d45d54b92,Maze National Park (Swaynes Hartebeest & Lions),Riverine park providing habitat for Swaynes hartebeest and lions.,,,,[],"[""maze"",""swaynes-hartebeest"",""lions""]",,2026-07-27 22:07:25.776912+00,wildlife
1efae8e3-da7d-4023-9252-4429553933c0,Jibat Forest Reserve (Endemic Birds),Mountain forest reserve rich in endemic highland bird species.,Oromia,Jibat,,[],"[""jibat"",""endemic-birds"",""forest""]","{""lat"":8.7435984,""lng"":37.4727901}",2026-07-27 22:07:25.776912+00,wildlife
1f001180-7b6a-4c63-80ea-2d8f6aa0fdfb,Massacre Memorial at Zeret Cave,Cave site where hundreds hid and perished during Fascist Italian bombardments in 1939.,Amhara,,,[],"[""zeret-cave"",""massacre-memorial"",""fascist-occupation""]","{""lat"":10.13333,""lng"":39.25}",2026-07-27 22:07:25.776912+00,dark
1f3e6ebe-2be1-4614-82f1-e2f837b3d3d7,Guzara Royal Castle Ruins,Sixteenth-century royal castle built before the establishment of Gondar.,,,,[],"[""guzara"",""royal-castle"",""pre-gonderine""]",,2026-07-27 22:07:25.776912+00,ancestry
1f69a209-ecd9-4cd9-9188-57c315e4f2be,Abuna Aregawi Shrine,Shrine dedicated to one of the Nine Saints who founded Debre Damo.,,,,[],"[""abuna-aregawi"",""debre-damo"",""shrine""]",,2026-07-27 22:07:25.776912+00,religious
1fa93518-ef46-47ee-b8cb-80974632fa72,Dire Dawa Stadium,Historic sports stadium in eastern Ethiopia.,Dire Dawa,Dire Dawa,,[],"[""dire-dawa"",""stadium"",""football""]","{""lat"":9.5821663,""lng"":41.8582532}",2026-07-27 22:07:25.776912+00,sports
1fafd623-6c4d-41bb-a79b-8b5bd35127d9,Abebech Gobena Mothers & Children Hospital,Specialized maternal and pediatric public medical center.,,,,[],"[""maternal"",""pediatric"",""hospital""]",,2026-07-27 22:07:25.776912+00,medical
1fe95f3d-b517-485c-8606-2c76364232a7,Lake Hayq Public Monastery Shore,Public lake shore access near Stephen Monastery.,Amhara,Hayq,,[],"[""hayq"",""monastery-shore"",""public-access""]","{""lat"":11.3388177,""lng"":39.6974908}",2026-07-27 22:07:25.776912+00,budget
1ff14e7b-bfb6-444f-9af4-b1073a2631d3,Awi Agew Rural Homesteads,Orderly rural farming compounds in the Awi zone.,,,,[],"[""awi"",""agew"",""injibara""]",,2026-07-27 22:07:25.776912+00,rural
200f2932-52b1-430f-87fa-ef56ba6bee1d,Lake Ziway Bird Sanctuary (Pelicans & Fish Eagles),"Freshwater birding haven packed with pelicans, storks, and eagles.",,,,[],"[""pelicans"",""fish-eagles"",""lake-ziway""]",,2026-07-27 22:07:25.776912+00,wildlife
2022c34b-b7e3-4236-81e3-d04af7a3d038,Gumuz Tribal Communities,Indigenous communities maintaining traditional agricultural culture.,,,,[],"[""gumuz"",""metekel"",""benishangul""]",,2026-07-27 22:07:25.776912+00,cultural
204e1584-f5ab-442a-95e0-d6c1928546a6,Mizan Teferi Urban Center,Commercial coffee and spice town in Bench Sheko.,South West Ethiopia Peoples,Aman,,[],"[""mizan-teferi"",""urban-center"",""bench-sheko""]","{""lat"":6.9568642,""lng"":35.5544431}",2026-07-27 22:07:25.776912+00,urban
207de875-a9dc-412b-8054-964c5edc08b7,Bale Harenna Cloud Forest Moss & Fern Canopy,Enchanted forest photography featuring moss-draped trees and waterfalls.,,,,[],"[""harenna-forest"",""cloud-forest"",""mossy-canopy""]",,2026-07-27 22:07:25.776912+00,photography
20833650-32b4-4b1e-8aab-7d9b3fb8e27c,Mekelle Tigray Stadium,Regional sports stadium facility.,Tigray,Mekele,,[],"[""mekelle"",""tigray-stadium"",""sports""]","{""lat"":13.4960787,""lng"":39.4570393}",2026-07-27 22:07:25.776912+00,sports
2129a44b-cf85-453a-b73d-325d060210e1,Bete Abba Libanos,Hypogeum rock church carved directly into a cave wall in Lalibela.,Amhara,Lalibela,,[],"[""abba-libanos"",""lalibela"",""cave-rock""]","{""lat"":12.0313144,""lng"":39.0452066}",2026-07-27 22:07:25.776912+00,religious
21432d95-30dd-40e4-9388-ee6133851758,Planet Hotel Conference Center,Major business and convention hotel in Mekelle.,Tigray,Mekele,,[],"[""planet-hotel"",""conference"",""mekelle""]","{""lat"":13.4964142,""lng"":39.460983299999995}",2026-07-27 22:07:25.776912+00,business
2162a321-4397-4796-b2c5-884443ba2282,Bench Maji Forest Honey Tasting Outlets,Tasting centers for distinct dark wild rainforest honey.,South West Ethiopia Peoples,Mizan Aman,,[],"[""bench-maji"",""forest-honey"",""mizan""]","{""lat"":6.9952914,""lng"":35.5868945}",2026-07-27 22:07:25.776912+00,culinary
219e56e6-83b1-40b4-9542-f6e99e81a063,Bahar Dar Mango Park Boat Terminal,Popular municipal park boat departure point.,Amhara,Bahir Dar Special Zone,,[],"[""mango-park"",""boat-terminal"",""bahir-dar""]","{""lat"":11.5990209,""lng"":37.3848859}",2026-07-27 22:07:25.776912+00,cruise
21a09171-dbeb-4615-8ffd-0140311ed755,Sabana Beach Resort Spa,Lakeside wellness resort featuring beach relaxation and spa treatments.,Oromia,Arsi Negelle,,[],"[""sabana-resort"",""beach-spa"",""langano""]","{""lat"":7.5919956,""lng"":38.6913141}",2026-07-27 22:07:25.776912+00,wellness
21bd35c9-3b3d-4cb7-b92e-6947621f5d16,Turmi Hamer Village Settlements,Rural pastoralist settlements known for traditional lifestyle and rituals.,South Ethiopia Regional State,Turmi,,[],"[""turmi"",""hamer"",""bull-jumping""]","{""lat"":4.96835,""lng"":36.487794}",2026-07-27 22:07:25.776912+00,rural
21d9b8a0-7f58-4f22-96b8-78e242ae990c,Arsi Highlands Cattle & Grain Farms,Rolling rural farm country known for grain crops and dairy.,,,,[],"[""arsi"",""highlands"",""grain-farms""]",,2026-07-27 22:07:25.776912+00,rural
220cc188-0798-45da-a7d9-80c1885886e2,Jamia Grand Mosque of Harar,Central historic mosque in the walled city of Harar.,Harar,Jegol,,[],"[""mosque"",""harar"",""grand-mosque""]","{""lat"":9.3109748,""lng"":42.138774399999996}",2026-07-27 22:07:25.776912+00,religious
2231f7f1-2a31-402c-85ba-10c48224cbc7,Tiya Megalithic Burial Grounds,Ancient archaeological burial grounds marked by carved stone stelae.,Oromia,Tiya,,[],"[""tiya"",""burial-grounds"",""megaliths""]","{""lat"":8.437331,""lng"":38.609296}",2026-07-27 22:07:25.776912+00,dark
223f25d1-5c5f-4cb6-b2b5-718fbbe1049e,Debre Birhan Selassie Church,Celebrated 17th-century church in Gondar famed for its ceiling decorated with hundreds of painted winged angel faces.,Amhara,Gondar,720,"[""https://upload.wikimedia.org/wikipedia/commons/thumb/d/d7/Debre_Berhan_Selassie_Church_Gondar_Ethiopia.jpg/1024px-Debre_Berhan_Selassie_Church_Gondar_Ethiopia.jpg""]","[""Angels"",""Art"",""Frescoes"",""Gondar""]","{""lat"":12.6122,""lng"":37.4722}",2026-07-27 21:19:12.232213+00,religious
2257b419-eede-4d13-add6-894b60809442,Hawassa University Space Science Observatory Project,Academic research project monitoring space weather.,Sidama,Hawassa,,[],"[""hawassa-university"",""observatory-project"",""space-science""]","{""lat"":7.0529428,""lng"":38.4995556}",2026-07-27 22:07:25.776912+00,space
2272a61f-9359-4e0c-a986-2026a826d363,Blue Nile Gorge Ferry Crossing Points,Historic cable and boat ferry crossing points across the deep gorge.,,,,[],"[""blue-nile-gorge"",""ferry-crossing"",""river""]",,2026-07-27 22:07:25.776912+00,cruise
23226a89-46e7-4984-99ee-5cc67e1cc906,Ras Dashen Peak Trek,"Trek to the highest peak in Ethiopia standing at 4,533 meters.",Amhara,,,[],"[""trekking"",""mountains"",""simien""]","{""lat"":13.2458802,""lng"":38.0999456}",2026-07-27 22:07:25.776912+00,adventure
234d14a7-595c-4f26-9ad8-ef4b5ba5a0bc,Bole International Airport Terminal Complex,"International terminal equipped with elevators, level boarding, and assistance services.",Addis Ababa,Bole,,[],"[""bole-airport"",""accessible-terminal"",""elevators""]","{""lat"":8.9791887,""lng"":38.7965793}",2026-07-27 22:07:25.776912+00,accessible
24028b03-8409-4402-9702-50e66d44c031,Gidabo Thermal Medicinal Springs,Regional natural geothermal springs valued for mineral health properties.,Sidama,,,[],"[""gidabo"",""springs"",""sidama""]","{""lat"":6.5630695,""lng"":38.2292849}",2026-07-27 22:07:25.776912+00,medical
241dedbc-9143-4421-ba80-241851d589b3,Chencha Dorze Village,Highland village famous for tall bamboo homes and terraced farming.,South Ethiopia Regional State,Chencha,,[],"[""chencha"",""dorze"",""bamboo-huts""]","{""lat"":6.251095,""lng"":37.572946}",2026-07-27 22:07:25.776912+00,rural
242deb2a-15b7-4f49-95d3-ca4a5481bc8a,Tekeze River Valley (Reptiles & Birdlife),"Arid river valley rich in reptiles, monitor lizards, and raptors.",Amhara,Tekeze,,[],"[""tekeze"",""reptiles"",""river-valley""]","{""lat"":11.8756797,""lng"":38.9503039}",2026-07-27 22:07:25.776912+00,wildlife
24d6e6ee-90b9-49d3-9b43-ac8fa2d59587,Shashemene Crossroads City Hub,Major commercial transportation junction connecting southern Ethiopia.,Oromia,,,[],"[""shashemene"",""crossroads"",""urban-hub""]","{""lat"":8.78333,""lng"":38.71667}",2026-07-27 22:07:25.776912+00,urban
24e52fd3-2b96-40f6-9ebf-1660d26f9fce,Addis Ababa Mercato Aerial & Street Views,High-density urban street and market life photography.,Addis Ababa,Addis Ketema,,[],"[""mercato"",""street-photography"",""vibrant-market""]","{""lat"":9.0296278,""lng"":38.7396038}",2026-07-27 22:07:25.776912+00,photography
25181baa-dd2e-4d26-a931-94ea498aabf5,Bahir Dar Open-Air Craft Market,"Lakeside craft stalls selling religious crosses, paintings, and papyrus items.",Amhara,Bahir Dar Special Zone,,[],"[""bahir-dar"",""craft-market"",""lake-tana""]","{""lat"":11.5949663,""lng"":37.3882251}",2026-07-27 22:07:25.776912+00,shopping
25344a22-9d1e-4f76-988c-07cac29061be,የአክሱም ጽዮን ቅድስተ ቅዱሳን ቤተክርስቲያን,Ancient church in Axum believed to house the Ark of the Covenant. One of the most sacred sites in Ethiopian Orthodox Christianity.,Tigray,Axum,1024.8,"[""https://images.unsplash.com/photo-1609137144813-7d9921338f24?w=1200&q=80""]","[""Ancient"",""Sacred"",""Ark of Covenant"",""Orthodox""]","{""lat"":14.1311,""lng"":38.7169}",2025-12-07 07:00:43.902649+00,religious
2541fa9d-3410-4ed4-a12f-106b87467960,Dire Dawa Railway Museum Flat Grounds,Level historical railway yard allowing easy walking access.,Dire Dawa,Dire Dawa,,[],"[""dire-dawa"",""railway-museum"",""flat-grounds""]","{""lat"":9.6288408,""lng"":41.772516}",2026-07-27 22:07:25.776912+00,accessible
25638c60-8a42-4859-962e-f570460df897,Lake Hawassa Fish Market Pelicans & Fisherman,"Dynamic action photography of fishermen, fishmongers, and pelicans.",Sidama,Hawassa,,[],"[""hawassa"",""fish-market"",""pelicans""]","{""lat"":7.0481029,""lng"":38.47861}",2026-07-27 22:07:25.776912+00,photography
2648c575-a2d2-4212-8668-16e9a5427911,Durame Kambaata Community Water Projects,Grassroots NGO initiatives building spring protection and water systems.,Central Ethiopia Regional State,Durame,,[],"[""durame"",""water-projects"",""kambaata""]","{""lat"":7.2438769,""lng"":37.9049922}",2026-07-27 22:07:25.776912+00,voluntourism
26cfc331-c3b9-4089-a0ed-b629bbd081d6,Omo River Whitewater Expedition,Whitewater rafting through remote canyon sections of the Omo River.,,,,[],"[""rafting"",""river"",""south-omo""]",,2026-07-27 22:07:25.776912+00,adventure
2739a16a-891a-4f82-b042-dd752c80e99f,Sora Lodge Wellness Retreat,Highland mountain lodge offering peaceful views and relaxation.,Amhara,Lalibela,,[],"[""sora-lodge"",""wellness-retreat"",""lalibela""]","{""lat"":12.0226731,""lng"":39.0389138}",2026-07-27 22:07:25.776912+00,wellness
27a4cc0d-f108-482f-a29a-acebdb0019dc,Mentuab Palace Ruined Quarters,Ruined royal quarters damaged during historical conflicts.,Addis Ababa,Gulale,,[],"[""qusquam"",""ruined-quarters"",""gondar""]","{""lat"":9.076097,""lng"":38.7555656}",2026-07-27 22:07:25.776912+00,dark
28b06163-a019-4ec8-806d-dc45aba5595f,Mount Fentale Crater Trek,Volcanic crater rim hike with geothermal vents near Awash.,,,,[],"[""volcano"",""crater"",""awash""]",,2026-07-27 22:07:25.776912+00,adventure
28e87272-22cd-4185-b48f-b41045b57ce4,Jijiga Faras Magala Street Loop,Bustling free street walking loop through central markets.,Somali,Jijiga,,[],"[""jijiga"",""faras-magala"",""street-loop""]","{""lat"":9.3508526,""lng"":42.8003788}",2026-07-27 22:07:25.776912+00,budget
29e13269-fe95-4f8f-b377-e847cb275aa7,Lake Hawassa Fisheries Jetty & Boat Tour Launch,Busy municipal dock offering motorboat tours to view hippos.,Sidama,Hawassa,,[],"[""hawassa"",""boat-tour"",""jetty""]","{""lat"":7.0481029,""lng"":38.47861}",2026-07-27 22:07:25.776912+00,cruise
29fccaf1-be65-461b-90ae-c117133207d8,Gedeo Yirgacheffe Coffee Farming Villages,Lush rural hamlets dedicated to organic forest coffee cultivation.,South Ethiopia Regional State,Yirga Cheffe,,[],"[""yirgacheffe"",""coffee-villages"",""gedeo""]","{""lat"":6.1529383,""lng"":38.2023167}",2026-07-27 22:07:25.776912+00,rural
2aa8c306-f01c-4159-9660-97d51d0e9e85,Simien Mountains National Park,"UNESCO World Heritage wilderness featuring dramatic plateau escarpments, deep gorges, and endemic wildlife like the Gelada monkey and Walia ibex.",Amhara,Debark,780,"[""https://images.unsplash.com/photo-1516026672322-bc52d61a55d5?q=80&w=1000""]","[""UNESCO"",""Trekking"",""Gelada Monkeys"",""Mountains""]","{""lat"":13.1833,""lng"":38.0667}",2026-07-27 21:19:12.232213+00,park
2aa948ce-3a4c-4503-b12d-7f5b82672ddd,Harar Jugol Heritage Restoration Volunteer Sites,Architecture restoration projects preserving old town Harari homes.,Harar,Harar,,[],"[""harar"",""heritage-restoration"",""historic""]","{""lat"":9.3118304,""lng"":42.1284009}",2026-07-27 22:07:25.776912+00,voluntourism
2af6619d-f9f3-4eb8-a216-d05bdf9a16c1,Sapphire Addis Hotel Business Suites,Modern corporate meeting suites in Bole.,Addis Ababa,Bole,,[],"[""sapphire-addis"",""business-suites"",""bole""]","{""lat"":9.0002179,""lng"":38.7833921}",2026-07-27 22:07:25.776912+00,business
2b3cc33e-44bc-40f6-91a3-2b03e30b882b,Choke Mountain Agro-Eco Restoration Sites,Community restoration projects focused on high-altitude soil and water conservation.,Amhara,,,[],"[""choke"",""restoration"",""agro-eco""]","{""lat"":10.7117887,""lng"":37.8435035}",2026-07-27 22:07:25.776912+00,voluntourism
2b457328-e348-48cb-a3e2-abb51a7e161b,Sodere Natural Hot Springs Spa & Hydro-Resort,Volcanic natural hot spring pools widely visited for therapeutic bathing.,Oromia,Sodere,,[],"[""sodere"",""hot-springs"",""resort""]","{""lat"":8.4034494,""lng"":39.3869748}",2026-07-27 22:07:25.776912+00,medical
2b5884fb-6727-4c9f-84a5-a3383847f64d,Addis Ababa Mercato (Addis Ketema),Largest open-air marketplace in Africa spanning several city square miles.,Addis Ababa,Addis Ketema,,[],"[""mercato"",""open-air-market"",""addis""]","{""lat"":9.0296278,""lng"":38.7396038}",2026-07-27 22:07:25.776912+00,shopping
2b5f377f-8d99-4993-b8e8-ccf8da4ce3ea,Harar Cultural Museum & Rimbaud House,Historical museum and French poet Arthur Rimbaud memorial center.,Harar,Harar,,[],"[""harar-museum"",""rimbaud-house"",""harari-culture""]","{""lat"":9.3118304,""lng"":42.1284009}",2026-07-27 22:07:25.776912+00,educational
2b9b6a29-6af6-4143-8476-c6640fa48689,Yeha Great Temple Stone Architecture,"Ancient precision-fitted drystone masonry dating back 2,500 years.",Tigray,Yeha,,[],"[""yeha"",""sabaean-architecture"",""historic-photography""]","{""lat"":14.2859622,""lng"":39.0179108}",2026-07-27 22:07:25.776912+00,photography
2bb21cce-0463-4b4b-b67e-8a8aa16ec61b,Science Museum Auditorium & Exhibition Halls,High-tech conference center and exhibition spaces.,Addis Ababa,Kirkos,,[],"[""science-museum"",""auditorium"",""exhibition""]","{""lat"":9.0211333,""lng"":38.7622597}",2026-07-27 22:07:25.776912+00,business
2c578c69-94e7-4556-81cc-beeb26ff0b60,Danakil Depression & Dallol Salt Springs,"One of the hottest and lowest places on Earth (-125m), filled with psychedelic neon-green sulfur hot springs, salt flats, and active hydrothermal chimneys.",Afar,Semera,820,"[""https://upload.wikimedia.org/wikipedia/commons/thumb/1/1a/Dallol_Afar_Ethiopia.jpg/1024px-Dallol_Afar_Ethiopia.jpg""]","[""Volcanic"",""Geothermal"",""Extreme Nature"",""Salt Flats""]","{""lat"":14.2417,""lng"":40.2989}",2026-07-27 21:19:12.232213+00,adventure
2c71cbff-592a-4424-9657-eade98bf9987,Arba Minch Paradise Lodge Main Grounds,Paved central resort areas with step-free access to dining.,South Ethiopia Regional State,Arba Minch,,[],"[""paradise-lodge"",""main-grounds"",""arba-minch""]","{""lat"":6.009771799999999,""lng"":37.5553594}",2026-07-27 22:07:25.776912+00,accessible
2ca45248-7ec8-48f4-a9e0-7f1124edb90c,Godere Forest Ecosystem,Dense lowland tropical rainforest ecosystem in southwestern Ethiopia.,Gambela,Gambela,,[],"[""godere"",""forest"",""gambella""]","{""lat"":8.2503656,""lng"":34.5877344}",2026-07-27 22:07:25.776912+00,ecotourism
2cdc89c9-ccae-4a4a-a328-41dcfe7efd2e,Bate Historic Military Garrison Ruins,Ruins of 19th-century military outpost near Haramaya.,,,,[],"[""bate"",""garrison-ruins"",""haramaya""]",,2026-07-27 22:07:25.776912+00,dark
2ceb15dd-7be7-413f-9582-0f9d00bf115b,Planet Hotel Flat Grounds,Modern hotel property with level garden and pool access.,Tigray,Mekele,,[],"[""planet-hotel"",""flat-grounds"",""mekelle""]","{""lat"":13.4964142,""lng"":39.460983299999995}",2026-07-27 22:07:25.776912+00,accessible
2d2bfb20-6c88-413f-8fb4-95bb1e6f6e73,Zefmesh Grand Mall,Large commercial shopping center in Megenagna.,Addis Ababa,Yeka,,[],"[""zefmesh-mall"",""meganagna"",""shopping-center""]","{""lat"":9.0205677,""lng"":38.8002333}",2026-07-27 22:07:25.776912+00,shopping
2d556d96-3289-4ce5-a184-282e055aa16e,Black Lion (Tikur Anbessa) Specialized Hospital,Largest university tertiary referral hospital in Ethiopia.,Addis Ababa,Addis Ababa,,[],"[""hospital"",""tikur-anbessa"",""referral""]","{""lat"":9.0225621,""lng"":38.7527167}",2026-07-27 22:07:25.776912+00,medical
2d60b921-5b3e-483e-9f91-4f5d30b86446,Millennium Hall Exhibition Flat Concourse,Massive single-level indoor exhibition floor with step-free access.,Addis Ababa,Bole,,[],"[""millennium-hall"",""flat-concourse"",""exhibition""]","{""lat"":8.9924284,""lng"":38.7887069}",2026-07-27 22:07:25.776912+00,accessible
2dd76ae5-d856-4946-83ab-85a9bd32a9d3,Bishoftu Hora Resort Boating & Sports Grounds,"Recreation area offering kayaking, tennis, and outdoor sports.",,,,[],"[""hora"",""boating"",""sports-grounds""]",,2026-07-27 22:07:25.776912+00,sports
2de90c71-ca60-4d2b-be4b-22ab54f37a93,Baro River Steamship/Boat Route,Historic river port route along Ethiopia only navigable river.,,,,[],"[""baro-river"",""gambella-port"",""steamship""]",,2026-07-27 22:07:25.776912+00,cruise
2e7db422-9fbc-4614-ad3a-f0dc3ba34130,Guzara Castle,16th-century royal castle structure overlooking Lake Tana.,Amhara,Enferaz,,[],"[""guzara"",""castle"",""infraz""]","{""lat"":12.2344189,""lng"":37.6350175}",2026-07-27 22:07:25.776912+00,cultural
2e8a6a51-a57c-43f3-8cd8-49f38b7bb164,Harar New Town (Kazanchis / Stadium District),Modern urban expansion outside the historic stone city walls.,,,,[],"[""harar-new-town"",""stadium-district"",""urban""]",,2026-07-27 22:07:25.776912+00,urban
2f041d9d-1e5e-45d5-a023-659c918b4cb8,Wolisso Public Town Square & Park,Central town public park.,Oromia,Waliso,,[],"[""wolisso"",""town-square"",""public-park""]","{""lat"":8.5506266,""lng"":37.978662}",2026-07-27 22:07:25.776912+00,budget
2f10f5f5-db7c-4bcf-b459-76e9e262a07d,Lake Hawassa Hippo Sanctuary & Bird Trail,Lakeside nature area offering close views of wild hippos and waterbirds.,Sidama,Hawassa,,[],"[""hippos"",""hawassa"",""birdwatching""]","{""lat"":7.0481029,""lng"":38.47861}",2026-07-27 22:07:25.776912+00,wildlife
2fd27134-f9a9-43fb-8cbf-0db026e845c5,Nechisar National Park & Bridge of God,"Stunning park located between Lake Abaya and Lake Chamo, famous for plains zebras, giant Nile crocodiles, and the narrow neck of land known as the Bridge of God.",SNNPR,Arba Minch,500,"[""https://upload.wikimedia.org/wikipedia/commons/thumb/8/86/Nechisar_National_Park.jpg/1024px-Nechisar_National_Park.jpg""]","[""Lakes"",""Crocodiles"",""Zebras"",""Arba Minch""]","{""lat"":5.9333,""lng"":37.55}",2026-07-27 21:19:12.232213+00,park
2fdd3b3b-1d57-4b22-abc7-0f17a133d020,Adama Specialized Agelgil & Chechebsa Houses,Highway city eateries famous for Chechebsa breakfast and Agelgil lunch baskets.,Oromia,Adama,,[],"[""adama"",""agelgil"",""chechebsa""]","{""lat"":8.5440099,""lng"":39.2704532}",2026-07-27 22:07:25.776912+00,culinary
2fdf0d0b-031d-4baa-9c68-8134aefb00d4,Bishoftu Craft & Souvenir Stalls,Resort town souvenir stalls selling local pottery and art.,Oromia,Bishoftu,,[],"[""bishoftu"",""craft-stalls"",""resort-shopping""]","{""lat"":8.750004,""lng"":38.981734}",2026-07-27 22:07:25.776912+00,shopping
3096f7ab-0a87-42fa-ba55-98282bb96595,Metekel Sesame & Oilseed Farms,Major commercial farming zone for export-quality sesame seeds.,,,,[],"[""metekel"",""sesame"",""oilseeds""]",,2026-07-27 22:07:25.776912+00,agritourism
30f7ccf6-0605-40f8-94e6-618b65f34410,Nechisar National Park & Bridge of God,Scenic national park separating Lake Abaya and Lake Chamo.,South Ethiopia Regional State,Arba Minch,,[],"[""nechisar"",""bridge-of-god"",""national-park""]","{""lat"":6.02604,""lng"":37.56775}",2026-07-27 22:07:25.776912+00,ecotourism
313cc0ef-37cb-4731-a89b-e437266f5abf,Sodere Natural Thermal Hydro-Spa Complex,Extensive thermal water spa complex featuring natural hot spring swimming pools.,Oromia,Sodere,,[],"[""sodere"",""hydro-spa"",""thermal-springs""]","{""lat"":8.4034494,""lng"":39.3869748}",2026-07-27 22:07:25.776912+00,wellness
31b2466f-8630-4b81-8717-2af3da7822c3,Hadiya Traditional Cultural Centers,Cultural heritage locations documenting Hadiya history.,,,,[],"[""hadiya"",""hossaena"",""heritage""]",,2026-07-27 22:07:25.776912+00,cultural
31bd91e7-3957-48be-bcf9-95cdc479f8b2,Blue Nile Falls (Tis Abay) Mist & Rainbows,Massive waterfall curtain producing mist plumes and bright rainbows.,Amhara,Tis Abay,,[],"[""blue-nile-falls"",""tis-abay"",""rainbows""]","{""lat"":11.4878798,""lng"":37.5875677}",2026-07-27 22:07:25.776912+00,photography
31fb5ee6-550b-44b9-a935-eb136e4db8ab,Tut Fela Megalithic Burial Stelae Site,Dense prehistoric burial field containing grave marker monuments.,,,,[],"[""tut-fela"",""burial-stelae"",""archaeology""]",,2026-07-27 22:07:25.776912+00,dark
324dd044-2db9-4133-a4c1-13461374ecb3,የባሕር ዳር ጊዮርጊስ ቤተክርስቲያን,"Beautiful church overlooking Lake Tana, surrounded by ancient monasteries and natural beauty.",Amhara,Bahir Dar,564.5,"[""https://images.unsplash.com/photo-1605106901227-991bd663255c?w=1200&q=80"",""https://upload.wikimedia.org/wikipedia/commons/thumb/3/3a/Ura_Kidane_Mehret_exterior.jpg/1200px-Ura_Kidane_Mehret_exterior.jpg""]","[""Lake Tana"",""Scenic"",""Orthodox"",""Monasteries""]","{""lat"":11.5931,""lng"":37.3896}",2025-12-07 07:00:43.902649+00,religious
3286a788-e2b1-4bec-a5ea-c32b752fe610,Awash National Park Gorge & Plains,"Rift valley park centered around an active volcano, gorge, and waterfalls.",,,,[],"[""awash"",""national-park"",""gorge""]",,2026-07-27 22:07:25.776912+00,ecotourism
32d0bf58-9506-487a-b207-0088d94d8bb8,Suba Menagesha Crown State Forest,Oldest protected forest in Africa originally designated in the 15th century.,Oromia,Menagesha,,[],"[""suba"",""menagesha"",""state-forest""]","{""lat"":9.0543794,""lng"":38.5707238}",2026-07-27 22:07:25.776912+00,ecotourism
32ee3318-b222-4de7-b1e2-ff8a62cd2dfa,Borena Saynt National Park,High-altitude park protecting sub-afroalpine vegetation and geladas.,,,,[],"[""borena-saynt"",""national-park"",""wollo""]",,2026-07-27 22:07:25.776912+00,ecotourism
33055c2d-3d3b-4ae6-ae3e-f0c2b2f70dcc,Bonga Special Needs Education Centers,Community educational centers offering special needs teacher volunteer roles.,South West Ethiopia Peoples,Bonga,,[],"[""bonga"",""special-needs"",""education""]","{""lat"":7.2645383,""lng"":36.2460526}",2026-07-27 22:07:25.776912+00,voluntourism
3307136d-33b9-46d1-a85d-329b832ef1fa,Entoto Park Mountain Biking & Trail Running Tracks,Purpose-built mountain biking trails and high-altitude running tracks.,,,,[],"[""entoto-park"",""mountain-biking"",""trail-running""]",,2026-07-27 22:07:25.776912+00,sports
332e2d86-9556-4895-ad43-b03c6a2a12c4,Jimma Coffee & Basketry Market,"Historic market trading coffee beans, wooden furniture, and baskets.",Oromia,Jimma,,[],"[""jimma"",""coffee-market"",""basketry""]","{""lat"":7.6756152,""lng"":36.8478779}",2026-07-27 22:07:25.776912+00,shopping
3337e9f7-776d-43c5-8f15-ea2a1ad159cd,Gona Hominid & Stone Tool Site,Site containing the world oldest known Oldowan stone tools (2.6 million years old).,,,,[],"[""gona"",""oldest-stone-tools"",""oldowan""]",,2026-07-27 22:07:25.776912+00,ancestry
3344f123-28eb-49d9-8ec3-3e8fc83b7d2a,Bishoftu Crater Lakes (Lake Babogaya & Kuriftu),"A cluster of scenic volcanic crater lakes 45 minutes from Addis Ababa, known for luxury lakeside resorts, kayaking, and weekend getaways.",Oromia,Bishoftu (Debre Zeit),45,"[""https://images.unsplash.com/photo-1540555700478-4be289fbecef?q=80&w=1000""]","[""Resorts"",""Crater Lakes"",""Weekend Getaway"",""Relaxation""]","{""lat"":8.75,""lng"":38.9833}",2026-07-27 21:19:12.232213+00,other
3393d169-bb0a-4fca-9812-109036f62ad4,Wonchi-Dendi Endurance Trekking Route,Long-distance endurance trekking route connecting twin crater lakes.,,,,[],"[""wonchi-dendi"",""endurance-trekking"",""crater-lakes""]",,2026-07-27 22:07:25.776912+00,sports
346a51ed-8ebd-4ff6-ae94-7cf36b5b4560,Kafa Traditional Coffee Forests & Birthplace Settlements,Historical forest region recognized as the birthplace of wild Arabica coffee.,Oromia,Boneya,,[],"[""kafa"",""coffee-origin"",""bonga""]","{""lat"":8.9123243,""lng"":38.6592492}",2026-07-27 22:07:25.776912+00,cultural
34a05573-b408-47c2-87cb-17c20fb21dbf,Tsadkane Mariam Monastery,"Historic monastery in North Shewa, known for its unique architecture and pilgrimage significance.",Amhara,North Shewa,180,"[""https://images.unsplash.com/photo-1585208798174-6cedd86e019a?w=1200&q=80""]","[""Monastery"",""Pilgrimage"",""Shewa"",""Historic"",""Orthodox""]","{""lat"":9.8,""lng"":38.7}",2025-12-08 05:10:50.501803+00,religious
34e22fdc-8fef-4e15-a13a-eb49f3986f0a,East Hararghe Khat & Coffee Rural Communities,Terraced rural mountain communities specializing in cash crops.,Dire Dawa,Dire Dawa,,[],"[""hararghe"",""khat"",""coffee-farms""]","{""lat"":9.593829,""lng"":41.862174}",2026-07-27 22:07:25.776912+00,rural
35319a8a-17e8-41b6-a8ae-eef550687a6d,Axum Kingdom Obelisks & Stelae Field,Monolithic granite obelisks representing one of the great ancient civilizations of the world.,Tigray,Axum,,[],"[""axum"",""obelisks"",""ancient-civilization""]","{""lat"":14.1220982,""lng"":38.7321749}",2026-07-27 22:07:25.776912+00,ancestry
353a512f-270c-49f3-8a0b-a72199f59027,Wonji Shoa Sugar Cane Plantation & Factory,Ethiopia historic first commercial sugar cane plantation and factory town.,,,,[],"[""wonji-shoa"",""sugar-plantation"",""factory-tour""]",,2026-07-27 22:07:25.776912+00,agritourism
357344f1-a5d8-4245-8f07-4540bb128467,Sidama Yirgalem Coffee Farm Estates,Shade-grown coffee estates showcasing harvesting and wet-milling processes.,Sidama,Aleta Wendo,,[],"[""sidama"",""coffee-estates"",""yirgalem""]","{""lat"":6.6046692,""lng"":38.4247871}",2026-07-27 22:07:25.776912+00,agritourism
35751b88-1994-4139-8b74-5539bf191154,Sheraton Addis Luxury Collection Convention Center,High-end ballrooms and event facilities for international conventions.,Addis Ababa,Kirkos,,[],"[""sheraton"",""convention"",""ballroom""]","{""lat"":9.0204847,""lng"":38.7595978}",2026-07-27 22:07:25.776912+00,business
357cf054-8b96-4b60-90fd-26a6517404a0,Gura Ferda Agro-Settlements,Pristine rainforest edge agricultural communities.,,,,[],"[""gura-ferda"",""bench-sheko"",""agro-settlements""]",,2026-07-27 22:07:25.776912+00,rural
35d6397b-a20b-4d7d-a6b4-10c90d44e769,Wolisso Negash Resort Tennis & Recreation Center,Resort sports facility with tennis courts and swimming pools.,Oromia,Waliso,,[],"[""wolisso"",""tennis"",""recreation""]","{""lat"":8.5506266,""lng"":37.978662}",2026-07-27 22:07:25.776912+00,sports
35da70d3-dc20-4515-8654-d7bde3f615af,Abraha Atsbeha Monastery,"Historic monastery in Tigray, named after the 4th-century Aksumite kings; features ancient architecture.",Tigray,Wukro,850,"[""https://images.unsplash.com/photo-1585208798174-6cedd86e019a?w=800"",""https://images.unsplash.com/photo-1605106901227-991bd663255c?w=800""]","[""Monastery"",""Historic"",""Aksumite"",""Orthodox""]","{""lat"":13.79,""lng"":39.6}",2025-12-08 05:10:50.501803+00,religious
35f47335-8797-403c-84b7-4d773d3255ae,Gonderine Oilseed & Pulse Farms,"Agricultural plain farms specialized in chickpeas, lentils, and oilseeds.",,,,[],"[""gondar"",""oilseeds"",""pulses""]",,2026-07-27 22:07:25.776912+00,agritourism
3672280d-719b-4f45-a075-330c2a8e2814,Halala Kella Resort Accessible Viewpoints,Modern paved viewing decks overlooking Koysha Lake.,,,,[],"[""halala-kella"",""accessible-viewpoints"",""koysha""]",,2026-07-27 22:07:25.776912+00,accessible
36a6ad45-50c4-466e-8ded-a3c27b7140fa,Meskel Square Public Plaza,"Massive paved, flat public space with gentle access ramps.",Addis Ababa,Kirkos,,[],"[""meskel-square"",""flat-plaza"",""accessible""]","{""lat"":9.0102293,""lng"":38.7606309}",2026-07-27 22:07:25.776912+00,accessible
36d9e225-9741-48cd-9297-67e71f81fbda,Suba Menagesha Forest (Meneliks Bushbuck),Protected mountain forest habitat for the endemic Meneliks bushbuck.,Oromia,Walmara,,[],"[""meneliks-bushbuck"",""suba"",""forest""]","{""lat"":8.96667,""lng"":38.53333}",2026-07-27 22:07:25.776912+00,wildlife
37a12e87-515b-44fa-a6a8-d7989b4017e4,Asham Africa Level Promenade,Paved resort terraces overlooking Lake Bishoftu.,,,,[],"[""asham-africa"",""level-promenade"",""bishoftu""]",,2026-07-27 22:07:25.776912+00,accessible
37babb65-974f-4586-a52c-06cc4ffd339d,Ari Highland Farming Villages,Lush agrarian hamlets surrounding Jinka.,,,,[],"[""ari"",""jinka"",""farming-villages""]",,2026-07-27 22:07:25.776912+00,rural
37f0b7c8-cc54-4f9e-a14a-104b9913b643,Arba Minch General Hospital,Main general referral hospital in the Gamo Zone.,South Ethiopia Regional State,Arba Minch,,[],"[""hospital"",""arba-minch"",""gamo""]","{""lat"":6.0045363,""lng"":37.5474553}",2026-07-27 22:07:25.776912+00,medical
37f5b36a-b595-47fb-aa80-7e11c394677e,"Sheraton Addis, A Luxury Collection Hotel",Iconic 5-star luxury collection hotel set in landscaped gardens in central Addis Ababa.,Addis Ababa,Kirkos,,[],"[""sheraton"",""luxury-hotel"",""five-star""]","{""lat"":9.0204847,""lng"":38.7595978}",2026-07-27 22:07:25.776912+00,luxury
3848e64d-2027-4c8f-85d6-87e8923a8ba6,Hawassa University Comprehensive Specialized Hospital,Regional referral and teaching hospital located in Hawassa.,Sidama,Cheffe,,[],"[""hospital"",""hawassa"",""university""]","{""lat"":7.0529428,""lng"":38.4995556}",2026-07-27 22:07:25.776912+00,medical
388bf0c9-d060-400a-a311-2ca890a0e551,Debre Libanos Monastery Massacre Memorial Site (1937),"Memorial honoring over 1,400 monks and pilgrims executed by Fascist Italian forces.",Oromia,Debre Libanos,,[],"[""debre-libanos-massacre"",""1937"",""memorial""]","{""lat"":9.7120303,""lng"":38.8475576}",2026-07-27 22:07:25.776912+00,dark
388d8855-33eb-4032-b2ee-c9423102da5f,Sululta Dairy Farming & Pastoralist Estates,Major urban-fringe milk production belt supplying Addis Ababa.,Oromia,Sululta,,[],"[""sululta"",""dairy-farms"",""pastoralist""]","{""lat"":9.2893858,""lng"":38.8135595}",2026-07-27 22:07:25.776912+00,agritourism
38bedb4c-2388-49dd-8333-7ba0c1dfbdbc,Gorgora Debre Sina Monastery,"Historic lakeside monastery south of Gondar, noted for traditional architecture.",Amhara,Gorgora,610,"[""https://images.unsplash.com/photo-1585208798174-6cedd86e019a?w=800"",""https://images.unsplash.com/photo-1605106901227-991bd663255c?w=800""]","[""Monastery"",""Lake Tana"",""Historic"",""Orthodox""]","{""lat"":12.243,""lng"":37.298}",2025-12-08 02:04:50.339394+00,religious
38c4066a-3b3c-48f7-8cc8-7c0b8033368a,Mursi Village Settlements,Indigenous tribal settlements inside Mago National Park.,South Ethiopia Regional State,Hana - Margo Mursi Bodie,,[],"[""mursi"",""lip-plates"",""mago""]","{""lat"":6.2235574,""lng"":36.1284585}",2026-07-27 22:07:25.776912+00,cultural
38d56cfc-3ef3-414a-808c-9e68afc91394,Gorgora Eco-Resort Accessible Lake Boardwalks,Newly built wooden boardwalks designed for easy lakefront mobility.,Amhara,Gorgora,,[],"[""gorgora"",""lake-boardwalks"",""accessible""]","{""lat"":12.2382669,""lng"":37.2971393}",2026-07-27 22:07:25.776912+00,accessible
3909a227-bd0a-43c1-a3ef-0610a4ca8572,Worabe Modern Capital Center,Rapidly growing modern administrative center of the Silte zone.,Central Ethiopia Regional State,Worabe,,[],"[""worabe"",""modern-capital"",""silte""]","{""lat"":7.8534494,""lng"":38.1872959}",2026-07-27 22:07:25.776912+00,urban
3950d41d-cf77-437e-ace5-3f6d1a7491a3,Kafa Coffee Forest Conservation Volunteer Stations,Rainforest biosphere stations offering biodiversity and forestry volunteer opportunities.,,,,[],"[""kafa"",""coffee-forest"",""conservation""]",,2026-07-27 22:07:25.776912+00,voluntourism
3967a6e1-0954-4972-b367-d7451ba824e6,Ankober Heritage Mountain Villages,Historic cliffside farming villages overlooking the Rift Valley.,Amhara,Ankober,,[],"[""ankober"",""mountain-villages"",""heritage""]","{""lat"":9.5911547,""lng"":39.7338213}",2026-07-27 22:07:25.776912+00,rural
39afddda-e645-44b2-86b1-e2e9ab09e2c9,Mekelle Physiotherapy & Rehabilitation Center,Specialized physical therapy and rehabilitation facility.,,,,[],"[""rehabilitation"",""physiotherapy"",""mekelle""]",,2026-07-27 22:07:25.776912+00,medical
39f197e2-df52-4eee-8b5f-027d6becda3f,Asaita Afar Irrigation Agro-Farms,Irrigated cotton and maize farms along the Awash River delta.,Afar,Asaita,,[],"[""asaita"",""afar-irrigation"",""cotton""]","{""lat"":11.5653325,""lng"":41.4385892}",2026-07-27 22:07:25.776912+00,agritourism
3a215d89-fea3-4dbe-955f-0f36787befa8,Tulu Lafto Eco-Forest,Protected forest hill ecosystem in central Oromia.,,,,[],"[""tulu-lafto"",""eco-forest"",""oromia""]",,2026-07-27 22:07:25.776912+00,ecotourism
3abb2bc8-cd5e-4567-8459-71ea7cba5b36,Mount Entoto Viewpoint,Free panoramic viewpoint overlooking the entire cityscape of Addis Ababa.,,,,[],"[""viewpoint"",""free-panorama"",""entoto""]",,2026-07-27 22:07:25.776912+00,budget
3b022814-100e-4a00-90f7-e2c03c479a33,Inter Luxury Hotel Ground Concourse,Level entry lobby and accessible elevator banks.,Addis Ababa,Bole,,[],"[""inter-luxury"",""ground-concourse"",""elevators""]","{""lat"":9.0060961,""lng"":38.8111966}",2026-07-27 22:07:25.776912+00,accessible
3b6ee371-3e7d-4159-8e4a-fa9ab290f6f3,Midda Abune Melke Tsedik Monastery,Monastery known for its spiritual significance and historical artifacts in the Ethiopian Orthodox tradition.,Amhara,Wollo,350,"[""https://images.unsplash.com/photo-1585208798174-6cedd86e019a?w=1200&q=80""]","[""Monastery"",""Historic"",""Wollo"",""Orthodox""]","{""lat"":11.5,""lng"":39.5}",2025-12-08 05:10:50.501803+00,religious
3be3419a-6f26-4fe8-a36f-234e728ea785,Megenagna Transit & Commercial Hub,Major urban transport interchange surrounded by commercial high-rises.,,,,[],"[""meganagna"",""transit-hub"",""urban-center""]",,2026-07-27 22:07:25.776912+00,urban
3beee300-5790-4506-8b26-a9dbab07ac0c,Ambo Mineral Water Sports Complex,Sports recreation facility featuring mineral swimming pools.,Oromia,Ambo,,[],"[""ambo"",""sports-complex"",""swimming""]","{""lat"":8.982104,""lng"":37.8554406}",2026-07-27 22:07:25.776912+00,sports
3bf44e2f-bffc-4e61-96af-1b6c31f2963c,Berta Music & Horn Cultural Villages,Villages celebrated for traditional gourd horn music and dance performance.,,,,[],"[""berta"",""assosa"",""music""]",,2026-07-27 22:07:25.776912+00,cultural
3bf629e5-d66a-44bc-beb4-19511eba4f01,Ankober Escarpment Mountain Marathon Trail,Extreme gradient trail running route along the Rift Valley wall.,Amhara,Ankober,,[],"[""ankober"",""mountain-marathon"",""escarpment""]","{""lat"":9.5911547,""lng"":39.7338213}",2026-07-27 22:07:25.776912+00,sports
3bf8b3a4-8540-4eee-a1ce-50689836fe40,Yeka Mikael Unfinished Rock-Hewn Ruins,"Enigmatic, massive rock-hewn church abandoned mid-carving near Addis Ababa.",Addis Ababa,Yeka,,[],"[""yeka-mikael"",""unfinished-church"",""rock-cut""]","{""lat"":9.0264604,""lng"":38.7994481}",2026-07-27 22:07:25.776912+00,dark
3c12660a-3d5d-462a-8b7d-cb23536e6d70,Asham Africa Resort Wellness Center,Artistic lakeside resort offering wellness programs and massage.,Oromia,Bishoftu,,[],"[""asham-africa"",""wellness-center"",""bishoftu""]","{""lat"":8.7436854,""lng"":38.9894021}",2026-07-27 22:07:25.776912+00,wellness
3ca7df6d-9ac5-45df-8134-a3696ec1c1c1,Capital Hotel & Spa Business Hub,Equipped corporate conference halls and boardrooms.,Addis Ababa,Bole,,[],"[""capital-hotel"",""business-hub"",""events""]","{""lat"":9.0135725,""lng"":38.7800846}",2026-07-27 22:07:25.776912+00,business
3cd274f9-95e9-4579-af27-7690e88184a8,Harar Traditional Spice & Basketry Market,Vibrant old town market renowned for colorful woven Harari baskets and fresh spices.,Harar,Harar,,[],"[""harar"",""spices"",""basketry""]","{""lat"":9.3118304,""lng"":42.1284009}",2026-07-27 22:07:25.776912+00,shopping
3ce286a5-7124-4955-abca-91ba3ec6fcff,Abuna Yemata Guh,"Rock-hewn church/monastery in Gheralta, accessed by a steep cliff climb; renowned for vivid frescoes.",Tigray,Hawzen (Gheralta),780,"[""https://images.unsplash.com/photo-1578922746317-aac19659f663?w=1200&q=80""]","[""Monastery"",""Rock-Hewn"",""Cliff"",""Frescoes""]","{""lat"":13.905,""lng"":39.196}",2025-12-08 02:04:50.339394+00,religious
3d580e54-b4d4-47d7-9b95-2893ae128832,Best Western Plus Pearl Addis Conference Rooms,Contemporary corporate meeting infrastructure.,Addis Ababa,Bole,,[],"[""best-western"",""conference-rooms"",""bole""]","{""lat"":8.9968941,""lng"":38.7859708}",2026-07-27 22:07:25.776912+00,business
3d634d41-af7e-40c2-8ed2-4a56559fc7a2,Dikika Hominid Site,"Discovery site of Selam, the 3.3-million-year-old Australopithecus afarensis child.",,,,[],"[""dikika"",""selam"",""fossil-child""]",,2026-07-27 22:07:25.776912+00,ancestry
3d7f1f98-a03c-465a-9e6d-acae80b5b970,Wenchi,"A popular tourist destination located about 98 km (61 mi) west of the capital, Addis Ababa. It is an extinct volcano with a large crater that encloses a scenic lake with small islands, hot mineral springs, and waterfalls. Visitors can enjoy hiking, horse riding, and boat trips to a 13th-century island monastery.",Oromia,Wenchi,98,"[""https://dotjlikaurcjwabarqcy.supabase.co/storage/v1/object/public/destinations/1767519889501-o8lrki.webp"",""https://dotjlikaurcjwabarqcy.supabase.co/storage/v1/object/public/destinations/1767519890744-rkm3zj.avif""]",[],"{""lat"":8.7948903,""lng"":37.8910436}",2026-01-04 09:44:50.409988+00,nature
3d816d2c-3881-4ed4-a503-4601492b0a6a,Simien Mountains Jinbar Waterfall Overlook,Massive 500-meter drop waterfall plunging down a sheer canyon cliff.,Amhara,,,[],"[""simien-mountains"",""jinbar-waterfall"",""landscape""]","{""lat"":13.2458802,""lng"":38.0999456}",2026-07-27 22:07:25.776912+00,photography
3da4a265-b1fa-4350-84ef-ecc140ceece6,Zegie Peninsula Coffee Forests,Forested peninsula on Lake Tana blending coffee gardens and biodiversity.,Amhara,,,[],"[""zegie"",""coffee-forest"",""lake-tana""]","{""lat"":11.9507719,""lng"":37.294878}",2026-07-27 22:07:25.776912+00,ecotourism
3db23fee-2dbc-404a-9022-3b48dbf83d9d,Harar Hyena Feeding & Walled City Alleys,Intimate night feeding of wild hyenas and colorful alleyway portraiture.,Harar,Harar,,[],"[""harar"",""hyena-feeding"",""street-photography""]","{""lat"":9.3118304,""lng"":42.1284009}",2026-07-27 22:07:25.776912+00,photography
3de67ef9-3e68-4d65-9dfc-6c757f954f7b,Sof Umar Cave,"Sof Umar is the longest cave system in Ethiopia and one of the most significant underground networks in Africa. Located in the East Bale Zone of the Oromia Region, it is a site of immense geological, cultural, and religious importance. Carved over millions of years from limestone by the Weyib River (also known as the Gestro River), which flows through the cave. The river ""sinks"" at the Ayiew Maco entrance and re-emerges at the Holuca resurgence about one kilometer away.",Oromia,Sof Omar,421,"[""https://dotjlikaurcjwabarqcy.supabase.co/storage/v1/object/public/destinations/1767521075125-s4mshj.jpg""]",[],"{""lat"":6.9013463,""lng"":40.8438263}",2026-01-04 10:04:35.980292+00,monument
3e0ed29f-df5d-402a-b21b-2df8b4cdfb74,Hawassa Central Fish & Craft Market,"Lakeside market selling fresh fish, wooden crafts, and woven mats.",Sidama,Hawassa,,[],"[""hawassa"",""fish-market"",""crafts""]","{""lat"":7.0481029,""lng"":38.47861}",2026-07-27 22:07:25.776912+00,shopping
3e9e006b-5a18-41d9-8cd3-606530b111f8,Maekelawi Historical Detention Center,Former central interrogation and detention facility in Addis Ababa.,Addis Ababa,Addis Ababa,,[],"[""maekelawi"",""detention-center"",""history""]","{""lat"":9.0391779,""lng"":38.7625197}",2026-07-27 22:07:25.776912+00,dark
3effdf2c-3399-434c-9c27-142f0e4b0899,Bishangari Eco-Resort Spa,Secluded eco-wellness resort set between ancient forest and Lake Langano.,Oromia,,,[],"[""bishangari"",""eco-spa"",""langano""]","{""lat"":7.5198392,""lng"":38.7715145}",2026-07-27 22:07:25.776912+00,wellness
3f2c87e1-1bac-426a-9621-ce3a8dac7828,Holy Trinity Cathedral (Kidist Selassie),"The highest-ranking Orthodox Cathedral in Addis Ababa, holding the tombs of Emperor Haile Selassie and Empress Menen Asfaw.",Addis Ababa,Addis Ababa,0,"[""https://upload.wikimedia.org/wikipedia/commons/thumb/e/e0/Holy_Trinity_Cathedral_Addis_Ababa.jpg/1024px-Holy_Trinity_Cathedral_Addis_Ababa.jpg""]","[""Addis Ababa"",""Royal Tomb"",""Cathedral"",""Architecture""]","{""lat"":9.0305,""lng"":38.7618}",2026-07-27 21:19:12.232213+00,sacred
3f2e278b-63af-4d8d-ba99-e0b6f9aa4098,Dire Dawa French Quarter (Kebele 01) & Taiwan District,Planned railway city divided into European colonial quarters and vibrant traditional markets.,Dire Dawa,Dire Dawa,,[],"[""dire-dawa"",""french-quarter"",""taiwan-district""]","{""lat"":9.5913368,""lng"":41.8566126}",2026-07-27 22:07:25.776912+00,urban
3f3b8afc-11fc-47e2-b1cf-3cab71138da8,Lake Koka Wetlands (Migratory Waterbirds),Dam reservoir wetlands providing stopovers for European migratory birds.,,,,[],"[""koka"",""migratory-birds"",""wetlands""]",,2026-07-27 22:07:25.776912+00,wildlife
3f48658f-cee9-4fc1-be39-695f3040da45,Lake Hora Eco-Park,Forested crater lake park popular for bird watching and nature walks.,,,,[],"[""hora"",""eco-park"",""bishoftu""]",,2026-07-27 22:07:25.776912+00,ecotourism
3f538a3e-7c65-4f10-bb74-7cfcb17b306d,Abuna Yemata Guh Cliff Church,"A dramatic 5th-century rock-cut church situated 200 meters up a sheer vertical rock face in the Gheralta Mountains, famous for its preserved ceiling frescoes.",Tigray,Hawzen,780,"[""https://upload.wikimedia.org/wikipedia/commons/thumb/6/6b/Abuna_Yemata_Guh_church.jpg/1024px-Abuna_Yemata_Guh_church.jpg""]","[""Gheralta"",""Climbing"",""Frescoes"",""Extreme""]","{""lat"":13.9142,""lng"":39.3602}",2026-07-27 21:19:12.232213+00,religious
3f866e65-8b6c-4b3d-be32-0b419e440ff1,Zoological Natural History Museum,University museum exhibiting preserved specimens of Ethiopian wildlife.,,,,[],"[""zoological-museum"",""aau-science"",""fauna-exhibits""]",,2026-07-27 22:07:25.776912+00,educational
3f8bde2a-5b1f-46a6-a08b-638ce57b9af3,Mount Ayalu Volcano Trek,Trek up Mount Ayalu on the edge of the Danakil region.,Afar,,,[],"[""volcano"",""afar"",""hiking""]","{""lat"":13.2972405,""lng"":40.7809115}",2026-07-27 22:07:25.776912+00,adventure
3fa89afb-9b36-44ac-a84f-e0b172694794,"Mizan Teferi Spice Farms (Cardamom, Black Pepper)",Lush rainforest farms specialized in commercial spice production.,South West Ethiopia Peoples,Aman,,[],"[""mizan-teferi"",""cardamom"",""black-pepper""]","{""lat"":6.9568642,""lng"":35.5544431}",2026-07-27 22:07:25.776912+00,agritourism
3ff7b68e-955f-4eb5-b42a-346b5963129d,Bishoftu Lake Babogaya Luxury Resort Villas,Exclusive luxury villas positioned directly on the water edge.,Oromia,Bishoftu,,[],"[""babogaya"",""luxury-villas"",""bishoftu""]","{""lat"":8.7873711,""lng"":38.9931534}",2026-07-27 22:07:25.776912+00,luxury
40dceafe-a721-45d5-b5dc-b398f6141467,Bishoftu General Hospital,Public general hospital serving the Bishoftu area.,Oromia,Bishoftu,,[],"[""hospital"",""bishoftu"",""oromia""]","{""lat"":8.7549453,""lng"":38.9902682}",2026-07-27 22:07:25.776912+00,medical
41500b39-2235-46c1-b55b-206505d6520d,Debre Birhan Selassie Church Angel Ceilings,Famous historic ceiling painted with dozens of Ethiopian winged cherubs.,Amhara,Debre Birhan,,[],"[""debre-birhan-selassie"",""angel-ceiling"",""mural-photography""]","{""lat"":9.6752117,""lng"":39.5324899}",2026-07-27 22:07:25.776912+00,photography
41599fab-1f83-4fde-8d85-d0b0b5488498,Mekelle University Arid Land Agriculture Center,Specialized academic research facility studying dryland farming and irrigation.,Tigray,Mek'elē,,[],"[""mekelle-university"",""arid-land"",""dryland-agriculture""]","{""lat"":13.4842836,""lng"":39.4554493}",2026-07-27 22:07:25.776912+00,educational
41c5b841-9bd5-4124-a1a3-09e026f9e598,Bahir Dar Lakefront City Promenades,Lakeside resort city featuring wide palm-lined avenues and water view promenades.,Amhara,Bahir Dar Special Zone,,[],"[""bahir-dar"",""lakefront"",""promenade""]","{""lat"":11.5949663,""lng"":37.3882251}",2026-07-27 22:07:25.776912+00,urban
41f01f10-f08d-442d-aa98-4a0dfa4e2980,Bete Amanuel,Monolithic rock church displaying classic Axumite structural features.,Amhara,Lalibela,,[],"[""bete-amanuel"",""lalibela"",""monolithic""]","{""lat"":12.0314601,""lng"":39.0456552}",2026-07-27 22:07:25.776912+00,religious
4200c6c4-410f-401b-895a-81171ee9ff99,Addis Ababa Police Museum,Specialized historical museum documenting police history.,Addis Ababa,Addis Ababa,,[],"[""police-museum"",""criminology"",""addis""]","{""lat"":9.0358119,""lng"":38.7524315}",2026-07-27 22:07:25.776912+00,educational
4241b7fc-e227-4703-a87c-6ff9b811c30b,Lake Hawassa Public Park Boardwalks,Level paved walking paths along the Lake Hawassa shore.,Sidama,Hawassa,,[],"[""hawassa"",""paved-boardwalk"",""lakefront""]","{""lat"":7.0481029,""lng"":38.47861}",2026-07-27 22:07:25.776912+00,accessible
429cbb02-0553-4bd3-a83d-496da820faa6,Harar Jugol Hulsen Bowl & Harari Rice Outlets,Old town eateries serving traditional Harari spiced rice and meat dishes.,Harar,Harar,,[],"[""harar"",""harari-rice"",""hulsen""]","{""lat"":9.3118304,""lng"":42.1284009}",2026-07-27 22:07:25.776912+00,culinary
42af2888-be4c-436c-9d31-bb49b65bb063,Bonga Kafa Wild Coffee Specialty Markets,Specialty market for purchasing wild-harvested Arabica coffee beans.,South West Ethiopia Peoples,Bonga,,[],"[""bonga"",""wild-coffee"",""kafa""]","{""lat"":7.2645383,""lng"":36.2460526}",2026-07-27 22:07:25.776912+00,shopping
42bcb77f-f818-4d77-8fa7-0c449ed25adf,Bishoftu Crater Lakes Reflection Shots,Symmetrical water reflections inside steep volcanic crater basins.,Oromia,Bishoftu,,[],"[""bishoftu"",""crater-lake"",""reflections""]","{""lat"":8.750004,""lng"":38.981734}",2026-07-27 22:07:25.776912+00,photography
42c3a813-fba4-4400-b5ab-e9889e9ff496,Dassanech Villages,Traditional rural settlements near the border of Kenya.,South Ethiopia Regional State,Omorate,,[],"[""dassanech"",""omorate"",""turkana""]","{""lat"":4.8032381,""lng"":36.0504375}",2026-07-27 22:07:25.776912+00,rural
430dbe98-7bd4-4332-afd7-b8065a00ad06,Dorze Lodge Mountain View Wellness Point,High-altitude lodge offering peaceful panoramic Rift Valley views.,South Ethiopia Regional State,Dorze,,[],"[""dorze-lodge"",""mountain-view"",""chencha""]","{""lat"":6.1948568,""lng"":37.5743447}",2026-07-27 22:07:25.776912+00,wellness
430ea818-4176-4cc7-a307-47b499882d5a,Shiro Meda Traditional Clothes Market,Primary market specialized in handwoven Ethiopian traditional cotton clothing.,,,,[],"[""shiro-meda"",""traditional-clothes"",""habesha-kemis""]",,2026-07-27 22:07:25.776912+00,shopping
434f5b01-f11a-4607-b444-3efc946f3cdc,Tiya Megalithic Stelae Field,UNESCO World Heritage site containing 36 carved standing stones/monuments marking ancient burial grounds dating between the 12th and 14th centuries.,SNNPR,Tiya,85,"[""https://upload.wikimedia.org/wikipedia/commons/thumb/8/83/Tiya_Stelae_Ethiopia.jpg/1024px-Tiya_Stelae_Ethiopia.jpg""]","[""UNESCO"",""Megalithic"",""Carvings"",""Archaeology""]","{""lat"":8.4347,""lng"":38.6278}",2026-07-27 21:19:12.232213+00,monument
43700e13-9720-4983-9e6b-a1ce20eb9bfc,International Cardiovascular Hospital,Cardiovascular specialized treatment center.,,,,[],"[""cardiology"",""specialized"",""hospital""]",,2026-07-27 22:07:25.776912+00,medical
4399e3bf-d306-4b46-afe0-fd9faacf66b2,Kombolcha Industrial & Urban Center,Industrial city housing major manufacturing parks and an airport.,Amhara,Kombolcha,,[],"[""kombolcha"",""industrial-center"",""urban-hub""]","{""lat"":11.1090822,""lng"":39.71663}",2026-07-27 22:07:25.776912+00,urban
43ab2358-38d7-4156-b8d1-f0749fec4dbe,Sagan River Valley Cultural Nexus,Geographic intersection of multiple southern cultural groups.,,,,[],"[""sagan"",""valley"",""southern-ethiopia""]",,2026-07-27 22:07:25.776912+00,cultural
44a8af1f-80b0-4a23-90db-f5272c52c1af,Adwa Victory Memorial Educational Wings,Interactive research and library wings detailing anti-colonial history.,,,,[],"[""adwa-memorial"",""educational-wing"",""military-history""]",,2026-07-27 22:07:25.776912+00,educational
44c08981-cd9c-4a63-8534-8e0696b56e96,Chebera Churchura Elephant Research Station,Field research base studying wild elephant behavior and forest ecology.,South West Ethiopia Peoples,,,[],"[""chebera-churchura"",""elephant-research"",""field-station""]","{""lat"":6.9042595,""lng"":36.7301591}",2026-07-27 22:07:25.776912+00,educational
44d24dd2-3228-40cc-8ffa-e238127d74ac,Gullele Pottery Association Sales Village,Artisan village dedicated to traditional hand-fired clay pottery.,Addis Ababa,Gulale,,[],"[""gullele"",""pottery-village"",""artisans""]","{""lat"":9.072071,""lng"":38.7328969}",2026-07-27 22:07:25.776912+00,shopping
4500b86d-33a7-4a4d-8621-2aead50e48fe,Church of Our Lady Mary of Zion,Historic spiritual heart of the Ethiopian Orthodox Church tied to Solomonic royal lineage.,Tigray,Axum,,[],"[""mary-of-zion"",""axum"",""solomonic-lineage""]","{""lat"":14.1295237,""lng"":38.7193084}",2026-07-27 22:07:25.776912+00,ancestry
459bd083-540b-4ebd-bad5-ec2934ff5d63,Addis Cardiac Center,Specialized cardiovascular medical treatment center.,Addis Ababa,Bole,,[],"[""cardiac"",""specialized"",""addis""]","{""lat"":8.9843917,""lng"":38.78306}",2026-07-27 22:07:25.776912+00,medical
45ccffd6-2de8-46d3-a9d0-b7e0b44398da,Lake Chew Bahir Salt Flats Dark-Sky Plain,Expansive flat dry lakebed ideal for wide-field astronomical observation.,,,,[],"[""chew-bahir"",""salt-flats"",""dark-sky""]",,2026-07-27 22:07:25.776912+00,space
464c9e92-d2a8-44bd-84cd-8cd7bc1db5ca,Landmark Hospital,Private medical center in central Addis Ababa.,Addis Ababa,Addis Ababa,,[],"[""hospital"",""landmark"",""addis""]","{""lat"":9.0358119,""lng"":38.7524315}",2026-07-27 22:07:25.776912+00,medical
4662ab4e-d913-456a-a9c1-b75341310441,Bishangari Chalets,High-end private forest chalets on the secluded shores of Lake Langano.,Oromia,,,[],"[""bishangari"",""luxury-chalets"",""langano""]","{""lat"":7.5198392,""lng"":38.7715145}",2026-07-27 22:07:25.776912+00,luxury
46920ae5-0e0f-4210-b4f2-55c17b40a2eb,St. Frumentius Sacred Site,"Historical location associated with Abba Salama, who introduced Christianity.",Tigray,Axum,,[],"[""st-frumentius"",""axum"",""abba-salama""]","{""lat"":14.1220982,""lng"":38.7321749}",2026-07-27 22:07:25.776912+00,religious
469a3d71-1f0f-4c0e-92da-ee124e9252de,Dessie Wollo Dish Outlets,Regional eateries specialized in Wollo style Bamia stew and spiced meats.,Amhara,Dessie,,[],"[""dessie"",""wollo-cuisine"",""bamia""]","{""lat"":11.122604,""lng"":39.634982}",2026-07-27 22:07:25.776912+00,culinary
46e80005-808f-4339-b70a-f57de8e593c9,Langano African Vacation Club Spa,Lakeside resort offering wellness spa amenities.,,,,[],"[""langano"",""vacation-club"",""spa""]",,2026-07-27 22:07:25.776912+00,wellness
46ee0c9d-a5b4-4dd5-a2f0-8ce0aa62dd5f,Jijiga Camel Dairy & Pastoralist Cooperatives,Commercial camel milk collection and processing facilities.,Somali,Jijiga,,[],"[""jijiga"",""camel-dairy"",""cooperatives""]","{""lat"":9.3508526,""lng"":42.8003788}",2026-07-27 22:07:25.776912+00,agritourism
46f3711b-bf97-4783-a645-73d6fbd8b7de,Awash National Park Community Eco-Projects,Community liaison volunteer projects working with local pastoralist groups.,,,,[],"[""awash"",""community-eco"",""volunteering""]",,2026-07-27 22:07:25.776912+00,voluntourism
47085634-9818-4da4-afc0-17902a7448b1,Mercato Spice Alley (Berbere Tasting & Buying),"Sensory market lane dedicated to grinding, mixing, and tasting Berbere spice.",Addis Ababa,Addis Ketema,,[],"[""mercato"",""spice-alley"",""berbere""]","{""lat"":9.0296278,""lng"":38.7396038}",2026-07-27 22:07:25.776912+00,culinary
473e2c3c-a89f-464b-9539-cc1a9df5cb07,Anwar Grand Mosque,The primary grand mosque of Addis Ababa located in Mercato.,Addis Ababa,Addis Ketema,,[],"[""anwar-mosque"",""mercato"",""grand-mosque""]","{""lat"":9.0327612,""lng"":38.7408349}",2026-07-27 22:07:25.776912+00,religious
476c4346-72af-46a4-8812-061d7559b7b3,Wolisso Negash Resort & Natural Hot Springs Spa,Resort set amidst tropical gardens fed by natural volcanic hot springs.,Oromia,Waliso,,[],"[""wolisso"",""negash-resort"",""thermal-spa""]","{""lat"":8.5506266,""lng"":37.978662}",2026-07-27 22:07:25.776912+00,wellness
47a09f66-86ef-4853-9aee-e651001356d4,Planet Hotel Executive Suites,Top luxury hotel suites in Mekelle.,,,,[],"[""planet-hotel"",""executive-suites"",""mekelle""]",,2026-07-27 22:07:25.776912+00,luxury
47b0950a-dd1d-4a47-aad3-b274f128c1af,Nyala Sports Club Grounds,"Private athletic club offering football, tennis, and sports facilities.",,,,[],"[""nyala-club"",""sports-grounds"",""addis""]",,2026-07-27 22:07:25.776912+00,sports
47f95ece-6bd3-4f10-86c2-ec23c84f9926,Bete Golgotha Tomb of King Lalibela,Sacred church crypt believed to hold the tomb of King Lalibela.,Amhara,Lalibela,,[],"[""golgotha"",""tomb"",""king-lalibela""]","{""lat"":12.0336643,""lng"":39.043075}",2026-07-27 22:07:25.776912+00,dark
485613b9-5817-4d5f-8e67-f0f95cfae0cb,Chebera Churchura Elephant Paw Luxury Lodge,High-end wilderness safari lodge set inside Chebera Churchura National Park.,South West Ethiopia Peoples,,,[],"[""chebera-churchura"",""luxury-lodge"",""safari""]","{""lat"":6.9042595,""lng"":36.7301591}",2026-07-27 22:07:25.776912+00,luxury
4874523d-bc8a-4678-a3df-70bdfce3adda,Alkeso Sacred Mosque Complex,Historic Islamic spiritual center and pilgrimage mosque in Silte.,,,,[],"[""alkeso"",""mosque"",""silte""]",,2026-07-27 22:07:25.776912+00,religious
4896a4e3-4b91-4f0c-be36-943bacf1d75d,Northern Stelae Field & Obelisks of Axum,"Monolithic granite obelisks dating back to the ancient Kingdom of Aksum (3rd–4th century AD), including the 24-meter King Ezana Stela.",Tigray,Axum,980,"[""https://upload.wikimedia.org/wikipedia/commons/thumb/5/5a/Axum_Stele.jpg/1024px-Axum_Stele.jpg""]","[""UNESCO"",""Ancient Empire"",""Obelisk"",""Archeology""]","{""lat"":14.1311,""lng"":38.7194}",2026-07-27 21:19:12.232213+00,monument
489c201a-ff25-4eea-9b27-0df71437394b,Gedeo Coffee & Honey Tasting Centers,Highland tasting centers offering organic forest honey and washed coffee.,,,,[],"[""gedeo"",""coffee-honey"",""tasting""]",,2026-07-27 22:07:25.776912+00,culinary
48dba260-8847-4357-a1d2-b853875fa23a,Haile Resort Lake View Villas,Luxury mountain-side villas overlooking Nechisar National Park.,,,,[],"[""haile-resort"",""lake-view-villas"",""arba-minch""]",,2026-07-27 22:07:25.776912+00,luxury
48ef3beb-3b8d-4a85-9d02-e43ae1e79718,Lake Kuriftu Nature Perimeter,Scenic crater lake perimeter offering eco-friendly leisure paths.,Oromia,Bishoftu,,[],"[""kuriftu"",""nature"",""bishoftu""]","{""lat"":8.7789777,""lng"":39.0004021}",2026-07-27 22:07:25.776912+00,ecotourism
48f3b44e-ce60-4376-b264-050d6878b633,Kuriftu Resort & Spa VIP Villas,Luxury lakeside private villas featuring personal pools and spa services.,Oromia,Bishoftu,,[],"[""kuriftu"",""vip-villas"",""bishoftu""]","{""lat"":8.7789777,""lng"":39.0004021}",2026-07-27 22:07:25.776912+00,luxury
4931d41e-0978-44b1-89a7-aded8123d36a,Chebera Churchura Wilderness Night Camp,Pristine forest wilderness offering dark-sky conditions.,South West Ethiopia Peoples,,,[],"[""chebera-churchura"",""night-camp"",""dark-sky""]","{""lat"":6.9042595,""lng"":36.7301591}",2026-07-27 22:07:25.776912+00,space
4955807c-67c6-4cda-aa64-e9f28261921e,Emperor Tewodros II Suicide Site at Magdala Fortress,Historic mountain fortress site where Emperor Tewodros II died in 1868.,,,,[],"[""tewodros-ii"",""magdala"",""suicide-site""]",,2026-07-27 22:07:25.776912+00,dark
49b32550-7e9e-4315-afcc-22c2d46e7319,Mount Gurage Trekking Circuit,Scenic highland circuit hiking through traditional villages and peaks.,,,,[],"[""trekking"",""gurage"",""highland""]",,2026-07-27 22:07:25.776912+00,adventure
49b9c467-daf4-4470-ad3e-3ed399ca92ab,Entoto Mountain Panorama over Addis Ababa,Wide panoramic cityscapes over the sprawling capital city.,Addis Ababa,Gulale,,[],"[""entoto"",""city-panorama"",""addis-ababa""]","{""lat"":9.0854496,""lng"":38.7371907}",2026-07-27 22:07:25.776912+00,photography
49c80e26-f7f6-4f1d-b254-cad1a2bc3655,Dera Denboli Crater Hike,Trail hike navigating around the volcanic Dera Denboli crater.,,,,[],"[""crater"",""hiking"",""oromia""]",,2026-07-27 22:07:25.776912+00,adventure
49fcedab-896b-4062-8db7-a86d91f9a0ad,Debre Damo Monastery,Ancient 6th-century cliff-top monastery accessible only by leather rope.,Tigray,Debre Damo Debir,,[],"[""monastery"",""rope-climb"",""tigray""]","{""lat"":14.373127,""lng"":39.2893444}",2026-07-27 22:07:25.776912+00,religious
4a1713be-ebd6-407c-96e4-b0514633a89b,Yayu Biosphere Community Agro-Forestry Projects,Volunteer projects promoting coffee forest preservation and sustainable farming.,Oromia,Yayu,,[],"[""yayu"",""agro-forestry"",""volunteering""]","{""lat"":8.341488,""lng"":35.8122397}",2026-07-27 22:07:25.776912+00,voluntourism
4a5030e1-665a-42d1-b00c-c095b05303f9,Lake Langano Cattle & Agro-Forestry Farms,Integrated livestock ranches and forestry estates.,Oromia,,,[],"[""langano"",""cattle-ranch"",""agro-forestry""]","{""lat"":7.6120061,""lng"":38.7629256}",2026-07-27 22:07:25.776912+00,agritourism
4adcf746-ed3e-4d53-9568-ab68b695f841,Unison Hotel & Spa Convention Spaces,Large event venue catering to business gatherings in Hawassa.,Amhara,Bahir Dar Special Zone,,[],"[""unison-hotel"",""convention"",""hawassa""]","{""lat"":11.5957145,""lng"":37.3854336}",2026-07-27 22:07:25.776912+00,business
4b1a2b03-b04c-4bb7-ab2c-6419329638f7,Addis Ketema Raw Meat (Kirt/Gored Gored) Outlets,Famous butcher-restaurants (Sega Bet) serving fresh raw beef cutlets.,,,,[],"[""raw-meat"",""tere-sega"",""kera""]",,2026-07-27 22:07:25.776912+00,culinary
4b692dd0-c8ff-4df3-83c2-9363957996c9,Halala Kella Eco-Resort & Koysha Lake,Eco-resort developed along the reservoir banks of Koysha.,South Ethiopia Regional State,Kindo Koysha,,[],"[""halala-kella"",""koysha"",""eco-resort""]","{""lat"":6.933691,""lng"":37.5892615}",2026-07-27 22:07:25.776912+00,ecotourism
4b7540cd-04de-49c8-a934-85b6a34defd3,Konso Karati Public Market Hill,Public market hill in the center of Konso.,South Ethiopia Regional State,Karati,,[],"[""konso"",""karati"",""public-market""]","{""lat"":5.3406958,""lng"":37.437323}",2026-07-27 22:07:25.776912+00,budget
4bcc8aff-8594-4230-b91a-b79e67513243,Beta Abba Libanos Church,"Rock-hewn church in Lalibela, part of the UNESCO World Heritage site.",Amhara,Lalibela,642,"[""https://images.unsplash.com/photo-1585208798174-6cedd86e019a?w=800"",""https://images.unsplash.com/photo-1605106901227-991bd663255c?w=800""]","[""Monastery"",""Rock-Hewn"",""UNESCO"",""Lalibela"",""Orthodox""]","{""lat"":12.0319,""lng"":39.0479}",2025-12-08 05:10:50.501803+00,religious
4bff11c3-fc5c-469e-a5f3-a9b285dfbb58,Alamata Sorghum & Grain Plains,Fertile valley plains dedicated to mechanized sorghum and teff production.,Tigray,Alamata,,[],"[""alamata"",""sorghum"",""grain-plains""]","{""lat"":12.4175995,""lng"":39.5603233}",2026-07-27 22:07:25.776912+00,agritourism
4c9fe140-927c-4fdf-8301-a7fb366fc135,Bati Pastoralist Meeting Villages,Rural crossroads villages serving nomadic trade.,Amhara,Bati,,[],"[""bati"",""pastoralist"",""wollo""]","{""lat"":11.1916257,""lng"":40.019752}",2026-07-27 22:07:25.776912+00,rural
4ceb808b-976a-40f5-b0f2-93daa39c25dc,Gheralta Massif Rock Towers,Dramatic sandstone towers offering dark skies and star-trail photography.,Tigray,Halah Gheralta,,[],"[""gheralta"",""rock-towers"",""stargazing""]","{""lat"":13.7478418,""lng"":39.2536119}",2026-07-27 22:07:25.776912+00,space
4d06800d-f98c-4f2a-92de-745c3786ae78,Mago Wilderness Overland Trail,Remote driving trail through the dense bush of Mago National Park.,South Ethiopia Regional State,,,[],"[""overland"",""mago"",""safari""]","{""lat"":5.6321485,""lng"":36.2621523}",2026-07-27 22:07:25.776912+00,adventure
4d25831a-7b57-4283-bf5b-6797c4f8662d,Bete Golgotha Mikael,Rock church containing life-sized saint bas-reliefs and royal tombs.,Amhara,Lalibela,,[],"[""golgotha"",""lalibela"",""reliefs""]","{""lat"":12.0336643,""lng"":39.043075}",2026-07-27 22:07:25.776912+00,religious
4d417e6c-17d9-413d-a9aa-f3d33e67ef3f,Bonga Forest Hot Springs & Eco-Lodge Zone,Natural thermal springs emerging from pristine rainforests.,South West Ethiopia Peoples,Bonga,,[],"[""bonga"",""hot-springs"",""eco-lodge""]","{""lat"":7.2645383,""lng"":36.2460526}",2026-07-27 22:07:25.776912+00,ecotourism
4d8ec07c-87b9-47e9-ba7f-d8a0e28f92a6,Bale Mountains Alpine Ecosystem Research Outpost,High-altitude research outpost studying afro-alpine wildlife and plants.,Oromia,,,[],"[""bale-mountains"",""alpine-research"",""dinsho""]","{""lat"":6.7942161,""lng"":39.7565574}",2026-07-27 22:07:25.776912+00,educational
4daf0e94-014f-4160-a956-f18fee6a76ef,Gorgora Eco-Resort Business Center,Corporate retreat venue on northern Lake Tana.,Amhara,Gorgora,,[],"[""gorgora"",""eco-resort"",""business-center""]","{""lat"":12.2382669,""lng"":37.2971393}",2026-07-27 22:07:25.776912+00,business
4de67e02-d7f4-4d62-a977-ce8bd88cf56e,Choke Mountain Community Eco-Villages,Eco-friendly rural settlements utilizing sustainable agro-tourism.,Amhara,,,[],"[""choke"",""eco-villages"",""community""]","{""lat"":10.7117887,""lng"":37.8435035}",2026-07-27 22:07:25.776912+00,rural
4e00ed19-fb66-4c84-9268-281d54ec1406,Lake Hayq Log Cabin Boat Dock,Highland lake dock offering wooden and motorboat trips.,,,,[],"[""hayq"",""boat-dock"",""wollo""]",,2026-07-27 22:07:25.776912+00,cruise
4e78943f-28e1-414b-a864-820fbc840274,Elilly International Hotel Spa & Sauna,"Urban hotel spa featuring steam rooms, sauna, and massage therapy.",Addis Ababa,Kirkos,,[],"[""elilly-hotel"",""spa-sauna"",""kazanchis""]","{""lat"":9.0142532,""lng"":38.7688899}",2026-07-27 22:07:25.776912+00,wellness
4e8211cc-c753-48de-be2c-df2d1dce4c4e,Adama City Public Park,Central urban park in Adama.,Oromia,Adama,,[],"[""adama"",""public-park"",""oromia""]","{""lat"":8.5503594,""lng"":39.2820348}",2026-07-27 22:07:25.776912+00,budget
4f0debde-c9f8-447c-bd73-3354543ac950,Gullele Botanical Garden & Research Center,Joint university facility researching and conserving endemic flora species.,,,,[],"[""gullele-botanic-garden"",""botany"",""plant-research""]",,2026-07-27 22:07:25.776912+00,educational
4f1c8cc1-62b0-44b0-bd8c-6503ed6d7a21,Dega Estifanos Boat Route,Island boat route accessing historical royal mummies.,,,,[],"[""dega-estifanos"",""boat-route"",""lake-tana""]",,2026-07-27 22:07:25.776912+00,cruise
4f23b0a1-f7a8-410e-85de-1332a3e39c4a,Awash Fantale Crater Stargazing Base,Volcanic caldera base free from light interference.,Oromia,Metehara,,[],"[""fantale"",""stargazing"",""volcanic-crater""]","{""lat"":8.904429,""lng"":39.9175259}",2026-07-27 22:07:25.776912+00,space
4f54474a-b86d-4ae8-866e-8f1bca0c07ba,Wukro Archaeological Museum,Museum exhibiting local Pre-Axumite and Axumite archaeological finds.,Tigray,Wukro,,[],"[""wukro-museum"",""archaeology"",""tigray""]","{""lat"":13.7862549,""lng"":39.601525}",2026-07-27 22:07:25.776912+00,educational
4fb77500-dd7e-44ed-8b4f-f8c5cf634e47,Mursi Lip-Plate & Beadwork Portraits,Cultural portraits highlighting distinct lip-plate and body ornamentation.,South Ethiopia Regional State,Hana - Margo Mursi Bodie,,[],"[""mursi"",""lip-plates"",""portrait-photography""]","{""lat"":6.2235574,""lng"":36.1284585}",2026-07-27 22:07:25.776912+00,photography
4fda1ee0-a2b2-480d-a349-178e572a6e89,Dendi Twin Crater Lakes Stargazing Base,High-altitude volcanic caldera offering dark sky conditions.,Oromia,Dendi,,[],"[""dendi"",""crater-lakes"",""night-sky""]","{""lat"":8.9347933,""lng"":38.1236741}",2026-07-27 22:07:25.776912+00,space
4ff4d3bb-8e6a-494c-be44-5c63eafb4869,Saint George Cathedral Museum Wing,Ground-level museum wing providing step-free access.,,,,[],"[""st-george"",""level-entrance"",""museum""]",,2026-07-27 22:07:25.776912+00,accessible
508b35ff-c7c5-42c2-8add-7ca23943c516,Dunkur Palace (Queen Sheba Palace Ruins - Axum),Palace complex ruins linked by local heritage to the Queen of Sheba.,,,,[],"[""queen-of-sheba"",""dunkur-palace"",""ancient-history""]",,2026-07-27 22:07:25.776912+00,ancestry
50ddc07c-4b8b-444d-98e5-fd3e873baa73,Zuqualla Abo Monastery,High-altitude monastery surrounding an extinct volcanic crater lake.,Oromia,,,[],"[""zuqualla"",""crater-monastery"",""oromia""]","{""lat"":8.5396564,""lng"":38.8539547}",2026-07-27 22:07:25.776912+00,religious
50e621f5-c06b-44ca-a149-a7047ffeea6d,Bishoftu Babogaya Resort Spa,Tranquil resort spa located directly on Lake Babogaya.,Oromia,Bishoftu,,[],"[""babogaya"",""resort-spa"",""bishoftu""]","{""lat"":8.7873711,""lng"":38.9931534}",2026-07-27 22:07:25.776912+00,wellness
50ec4e15-a707-45aa-81c8-cc3ef3910027,St. Pauls Hospital Millennium Medical College,Major specialized public medical center and teaching college.,,,,[],"[""hospital"",""st-pauls"",""medical-college""]",,2026-07-27 22:07:25.776912+00,medical
51071284-8440-4876-a880-f5b6ab994788,Lake Ardibo Boat Tour Points,Peaceful highland lake access for local boat excursions.,,,,[],"[""ardibo"",""boat-tour"",""wollo""]",,2026-07-27 22:07:25.776912+00,cruise
5145d237-df84-4487-8305-8d963ab90df2,Hyatt Regency Plaza & Public Spaces,"Modern step-free hotel plaza, elevators, and accessible dining areas.",Addis Ababa,Kirkos,,[],"[""hyatt-regency"",""step-free"",""accessible""]","{""lat"":9.0100868,""lng"":38.7640678}",2026-07-27 22:07:25.776912+00,accessible
5197bc40-3281-43da-a673-f9d748b3a586,Holy Trinity Cathedral (Tomb of Emperor Haile Selassie I),"Burial place of Emperor Haile Selassie I, a central figure in Rastafarian and Pan-African history.",Addis Ababa,Addis Ababa,,[],"[""holy-trinity"",""haile-selassie"",""royal-tomb""]","{""lat"":9.0308012,""lng"":38.7664911}",2026-07-27 22:07:25.776912+00,ancestry
51c2c3e9-5372-43ed-bc2f-17a4bbb78ceb,Awash River Canyon Rafting,River running through the steep canyons of Awash National Park.,,,,[],"[""rafting"",""awash"",""river""]",,2026-07-27 22:07:25.776912+00,adventure
5260d359-4f38-44d1-a730-141993657869,Menagesha Flower & Horticulture Estates,Horticultural estates located along the western outskirts of Addis Ababa.,Oromia,Menagesha,,[],"[""menagesha"",""horticulture"",""flower-farms""]","{""lat"":9.0543794,""lng"":38.5707238}",2026-07-27 22:07:25.776912+00,agritourism
5285c71e-fbab-44fb-8c0b-df9520888f65,Four Sisters Cultural Restaurant,Renowned Gondar restaurant offering extensive traditional Ethiopian buffets.,Amhara,Gonder,,[],"[""four-sisters"",""gondar"",""buffet""]","{""lat"":12.614713,""lng"":37.4739339}",2026-07-27 22:07:25.776912+00,culinary
52b26f43-475d-4d78-a552-facb4e03fabe,Sor Waterfall Deep Rainforest Surge,Massive rainforest waterfall plunging into a deep green basin.,,,,[],"[""sor-waterfall"",""rainforest-waterfall"",""nature-photography""]",,2026-07-27 22:07:25.776912+00,photography
52fbab69-5002-454a-8f9f-324fea06921f,Azwa Mariam Monastery,"Island monastery on Lake Tana, known for its peaceful setting and traditional architecture.",Amhara,Lake Tana,565,"[""https://images.unsplash.com/photo-1585208798174-6cedd86e019a?w=800"",""https://images.unsplash.com/photo-1605106901227-991bd663255c?w=800""]","[""Monastery"",""Lake Tana"",""Island"",""Orthodox""]","{""lat"":11.85,""lng"":37.35}",2025-12-08 05:10:50.501803+00,religious
533d6499-29f2-4de3-9375-9a2232e06abb,Ethiopian Skylight Hotel Public Complex,Modern international hotel featuring full wheelchair access and elevators.,Addis Ababa,Bole,,[],"[""skylight-hotel"",""accessible"",""elevators""]","{""lat"":8.9869542,""lng"":38.7890925}",2026-07-27 22:07:25.776912+00,accessible
53565fc0-504d-4912-8f79-a41d123b49e3,Gambella Wetland & Baro River Ecosystem,Vast tropical swamp and river ecosystem supporting wildlife migration.,Gambela,Gambela,,[],"[""gambella"",""wetland"",""baro-river""]","{""lat"":8.2503656,""lng"":34.5877344}",2026-07-27 22:07:25.776912+00,ecotourism
5379dcb1-0f39-45e7-bccb-7d4727f09d13,Azwamariam Monastery,Historic church monastery located on the forested Zegie Peninsula.,,,,[],"[""monastery"",""zegie"",""lake-tana""]",,2026-07-27 22:07:25.776912+00,religious
53988fe3-e258-428d-bcb5-366604c5762f,Haile Selassie I University (AAU Main Campus) Heritage Grounds,Former Guenet Leul Palace turned into the nation first university campus.,Addis Ababa,Kirkos,,[],"[""aau"",""haile-selassie-palace"",""university-heritage""]","{""lat"":9.013432,""lng"":38.7497422}",2026-07-27 22:07:25.776912+00,ancestry
53e13fe6-dfd5-4af9-ba94-2903d804bc65,Lake Ziway Island Hopping Kayak Trail,Paddling trail connecting the five volcanic islands of Lake Ziway.,,,,[],"[""kayaking"",""island-hopping"",""lake-ziway""]",,2026-07-27 22:07:25.776912+00,adventure
544f41b1-1430-4fff-8ef4-40d0d52eb250,Wushwush Tea Plantation Eco-Estates,Lush green tea estates surrounded by indigenous cloud forest.,South West Ethiopia Peoples,Wushwush,,[],"[""wushwush"",""tea-plantation"",""bonga""]","{""lat"":7.3004291,""lng"":36.1404862}",2026-07-27 22:07:25.776912+00,ecotourism
5482603e-a19e-4002-a832-caa4c20f30dd,Konso Walled Cultural Villages,Fortified stone-walled hilltop villages showcasing ancient terraced agriculture.,South Ethiopia Regional State,,,[],"[""konso"",""walled-villages"",""terraces""]","{""lat"":5.25,""lng"":37.5}",2026-07-27 22:07:25.776912+00,rural
54bb78a8-3985-406e-ab6c-26750a3325ab,Abune Gebre Mikael Monastery,"Historic monastery in Gheralta region, known for its cliff-top location and ancient manuscripts.",Tigray,Gheralta,780,"[""https://images.unsplash.com/photo-1609137144813-7d9921338f24?w=1200&q=80""]","[""Monastery"",""Cliff"",""Gheralta"",""Historic"",""Orthodox""]","{""lat"":13.92,""lng"":39.2}",2025-12-08 05:10:50.501803+00,religious
551642cd-83d7-4a04-882e-552d4eb0fd80,Akaki Athletics Training Complex,High-altitude athletic training track on the outskirts of Addis Ababa.,,,,[],"[""akaki"",""athletics-training"",""oromia""]",,2026-07-27 22:07:25.776912+00,sports
55614d2f-89f1-4c71-b3b0-625ea64c59be,Borena Meat Roasting (Kikil) Outlets,Roadside traditional spots specialized in spiced boiled beef broth (Kikil).,,,,[],"[""borena"",""kikil"",""boiled-beef""]",,2026-07-27 22:07:25.776912+00,culinary
557a17b5-eee4-4665-a580-c71b789db47e,Fasilides Bathing Palace,"Historic sunken bathing pavilion in Gondar surrounded by ancient banyan trees, central to the annual Timkat (Epiphany) celebrations.",Amhara,Gondar,723,"[""https://upload.wikimedia.org/wikipedia/commons/thumb/7/7b/Fasilides_Baths_Gondar.jpg/1024px-Fasilides_Baths_Gondar.jpg""]","[""Timkat"",""Gondar"",""Pool"",""Heritage""]","{""lat"":12.6105,""lng"":37.4589}",2026-07-27 21:19:12.232213+00,historical
55985669-8d33-4e70-a8ea-d3b3e84ff753,Tana Qirqos Island Monastery,Sacred island monastery historically tied to Old Testament relics.,Amhara,,,[],"[""tana-qirqos"",""monastery"",""historic""]","{""lat"":11.8635159,""lng"":37.4908505}",2026-07-27 22:07:25.776912+00,religious
55aeb54e-5a5b-4a6e-b112-ab8094f3aa0b,Choke Mountain Organic Potato & Barley Agro-Farms,High-altitude organic farming communities practicing sustainable agriculture.,Amhara,,,[],"[""choke"",""organic-potato"",""barley""]","{""lat"":10.7117887,""lng"":37.8435035}",2026-07-27 22:07:25.776912+00,agritourism
55b9b254-f1fd-456e-a05d-2702e5572b6a,Dire Dawa French Railway Colonial Streetscapes,Vintage streetscapes featuring French colonial architecture and old train cars.,Dire Dawa,Dire Dawa,,[],"[""dire-dawa"",""french-quarter"",""colonial-architecture""]","{""lat"":9.5913368,""lng"":41.8566126}",2026-07-27 22:07:25.776912+00,photography
55cde165-1a79-46e8-b8bd-2a72e3f479cc,Lake Chew Bahir Off-Roading,Challenging off-road driving across the harsh salt flats of Chew Bahir.,,,,[],"[""off-roading"",""overland"",""south-omo""]",,2026-07-27 22:07:25.776912+00,adventure
5601a0b7-c3cd-463b-b11e-d0920287401e,Chelba Tutiti Megalithic Complex,One of the densest standing stone archaeological sites in Africa.,,,,[],"[""chelba-tutiti"",""ancient-burial"",""megaliths""]",,2026-07-27 22:07:25.776912+00,ancestry
56197ab1-f025-438b-823d-b61e32bcb951,Ambo Town Public Thermal Springs,Low-cost municipal hot spring baths in Ambo.,Oromia,Ambo,,[],"[""ambo"",""public-thermal"",""mineral-water""]","{""lat"":8.982104,""lng"":37.8554406}",2026-07-27 22:07:25.776912+00,budget
565e2fbe-684e-4f62-b4b2-c8ffd04c72a0,Wenchi Crater Lake Island Monastery Overlook,Panoramic viewpoint looking down into a forested volcanic caldera.,,,,[],"[""wonchi"",""crater-lake"",""island-monastery""]",,2026-07-27 22:07:25.776912+00,photography
56eca6e1-7606-41a1-a5d2-8d2ad4bc5a6d,Lake Langano Sabana Resort Boat Dock,Resort boat launch point for motorboating and water sports.,Oromia,,,[],"[""langano"",""sabana"",""boat-dock""]","{""lat"":7.6120061,""lng"":38.7629256}",2026-07-27 22:07:25.776912+00,cruise
5720d8cb-f001-4f0b-96e1-4ae770b401c2,Gambella National Park (Nile Lechwe & White-Eared Kob Migration),Vast ecosystem hosting Africa second-largest mammal migration.,Gambela,Gambela,,[],"[""kob-migration"",""nile-lechwe"",""gambella""]","{""lat"":8.2503656,""lng"":34.5877344}",2026-07-27 22:07:25.776912+00,wildlife
572d6693-ca59-48ac-aba4-e27bb9c81118,Afar Nomadic Pastoralist Settlements,Desert encampments demonstrating traditional Afar nomadic living.,Afar,Asaita,,[],"[""afar"",""nomadic"",""asaita""]","{""lat"":11.5653325,""lng"":41.4385892}",2026-07-27 22:07:25.776912+00,cultural
57562c1b-d9e1-4e20-9439-cd554caec184,Shiro Meda Colorful Fabric Displays,Vibrant displays of traditional handwoven cotton textiles and dresses.,,,,[],"[""shiro-meda"",""woven-fabrics"",""vibrant-colors""]",,2026-07-27 22:07:25.776912+00,photography
577f9abc-caa9-4db7-b2fb-85dd2235356a,Wenchi Crater Lake Trekking & Kayaking,"Highland crater lake featuring water activities, horse riding, and trails.",,,,[],"[""crater-lake"",""kayaking"",""hiking""]",,2026-07-27 22:07:25.776912+00,adventure
578c7f27-0fb6-4ca7-b54d-38e90bfe3523,Dessie Comprehensive Specialized Hospital,Major referral hospital serving South Wollo.,Amhara,Dessie,,[],"[""hospital"",""dessie"",""wollo""]","{""lat"":11.1174963,""lng"":39.6323131}",2026-07-27 22:07:25.776912+00,medical
57a4df51-664e-4637-891c-27e6de3d0f8a,Battlefield of Chelenqo,Site of the 1887 battle between King Menelik II and the Emirate of Harar.,,,,[],"[""chelenqo"",""battlefield"",""hararghe""]",,2026-07-27 22:07:25.776912+00,dark
57e4808b-c0a1-4cc9-9c0f-9c460fcd27e8,Shashemene Rastafarian Land Grant Community,Historic Diaspora settlement granted by Emperor Haile Selassie I to African diaspora returnees.,Oromia,,,[],"[""shashemene"",""rastafarian"",""land-grant""]","{""lat"":8.78333,""lng"":38.71667}",2026-07-27 22:07:25.776912+00,ancestry
586f7f47-569e-4a3f-829c-67ca7e1fd586,Sanetti Plateau & Afro-Alpine Tarns,High-altitude landscape featuring giant lobelias and alpine lakes.,Oromia,,,[],"[""sanetti-plateau"",""afro-alpine"",""bale-mountains""]","{""lat"":6.7942161,""lng"":39.7565574}",2026-07-27 22:07:25.776912+00,photography
587ab765-3697-4af0-b745-81c5ab6f7a35,Gore Traditional Coffee & Spice Outlets,"Market shops selling fresh forest cardamom, korarima, and raw coffee.",Oromia,Gore,,[],"[""gore"",""spices"",""coffee-outlets""]","{""lat"":8.1525979,""lng"":35.5371154}",2026-07-27 22:07:25.776912+00,shopping
587ecae5-c03c-4241-b154-9f038e86b6e2,Mount Choqa Summit Trek,High-altitude eco-trek ascending the Mount Choqa massif.,,,,[],"[""summit"",""choke"",""gojjam""]",,2026-07-27 22:07:25.776912+00,adventure
58c9e3c6-5f2b-46e3-bdfd-247f27fd3f59,Korebte Eco-Lodge VIP Suites,Luxury eco-suite cabins perched on the rim of Wenchi Crater Lake.,,,,[],"[""korebte"",""vip-suites"",""wonchi""]",,2026-07-27 22:07:25.776912+00,luxury
58f6d8f6-e173-4e85-a907-1ce03d4ad922,Azezo Lake Tana Access Point,Northern shoreline access point for boat departures.,Amhara,Azezo,,[],"[""azezo"",""lake-tana"",""access-point""]","{""lat"":12.549068,""lng"":37.4270406}",2026-07-27 22:07:25.776912+00,cruise
58fc4ba3-40ba-4081-9b63-f06b6562c9f4,Bete Giyorgis Rock-Hewn Cross,Iconic aerial perspective of the monolithic cruciform church.,,,,[],"[""bete-giyorgis"",""rock-hewn-cross"",""lalibela""]",,2026-07-27 22:07:25.776912+00,photography
59213d73-f699-4e9e-a7a7-2b7bacb38353,Bete Maryam Rock Church,One of the oldest and most elaborately decorated rock churches in Lalibela.,,,,[],"[""bete-maryam"",""lalibela"",""rock-hewn""]",,2026-07-27 22:07:25.776912+00,religious
5940cd4e-3a83-494b-8cf1-380fbf95e168,Grand Resort and Spa Lakefront Suites,High-end lakefront suites set in tropical gardens.,South Ethiopia Regional State,Gazer,,[],"[""grand-resort"",""lakefront-suites"",""bahir-dar""]","{""lat"":5.904078,""lng"":36.5777252}",2026-07-27 22:07:25.776912+00,luxury
59546cd9-8e43-4fa1-bc6f-37733a3ff660,Bale Mountains Alpine Trekking & Trail Running Loops,High-altitude trail running across the Sanetti Plateau.,Oromia,Shufune,,[],"[""bale"",""trail-running"",""alpine-loops""]","{""lat"":9.1095594,""lng"":38.7199762}",2026-07-27 22:07:25.776912+00,sports
5966f553-1ad7-4805-881a-59bae6f806bc,Lake Abijatta Shoreline Excursion Points,Shoreline entry points for shallow water nature excursions.,Oromia,,,[],"[""abijatta"",""shoreline"",""excursions""]","{""lat"":7.5390028,""lng"":38.5223013}",2026-07-27 22:07:25.776912+00,cruise
59792e0c-f972-415d-837d-85233b8743b9,Red Terror Martyrs Memorial Museum,Museum commemorating victims of the Derg regime communist purge.,Addis Ababa,Kirkos,,[],"[""red-terror"",""memorial-museum"",""addis""]","{""lat"":9.0102054,""lng"":38.7629294}",2026-07-27 22:07:25.776912+00,dark
59c68638-dbde-4e61-a973-299a837d5f6c,Lake Ziway Eco-Wetlands & Bird Sanctuary,"Wetland ecosystem home to marabou storks, white pelicans, and hippos.",Sidama,Hawassa,,[],"[""ziway"",""wetlands"",""bird-sanctuary""]","{""lat"":7.0565734,""lng"":38.5645095}",2026-07-27 22:07:25.776912+00,ecotourism
59f277fd-ccc1-42d3-85e8-bfdd2a6b84a7,Asham Africa Resort MICE Hall,Lakeside meeting facilities inspired by African art.,Oromia,Bishoftu,,[],"[""asham-africa"",""mice"",""bishoftu""]","{""lat"":8.7436854,""lng"":38.9894021}",2026-07-27 22:07:25.776912+00,business
59f75b6a-4179-438d-991e-2d70f1d18986,Avanti Blue Nile Hotel Wellness Spa,Full-service hotel spa located near the Blue Nile river outlet.,Amhara,Bahir Dar Special Zone,,[],"[""avanti"",""wellness-spa"",""bahir-dar""]","{""lat"":11.6030239,""lng"":37.3797987}",2026-07-27 22:07:25.776912+00,wellness
5a25aa6b-7149-4646-8a59-9ac0eed9487a,Gheralta Lodge Private Cottages,Boutique luxury stone cottages set against sandstone mountain cliffs.,Tigray,Halah Gheralta,,[],"[""gheralta-lodge"",""private-cottages"",""tigray""]","{""lat"":13.7478418,""lng"":39.2536119}",2026-07-27 22:07:25.776912+00,luxury
5a434d8d-bb0d-4a1a-822f-bf98fc0f4246,Jupiter International Hotel Event Spaces,Business event rooms in the business center of Kazanchis.,Addis Ababa,Kirkos,,[],"[""jupiter-hotel"",""event-spaces"",""kazanchis""]","{""lat"":9.0161492,""lng"":38.76822}",2026-07-27 22:07:25.776912+00,business
5a72b83b-fa8c-43fa-9f07-7300ee34b739,Hawassa International Stadium,Major sports stadium hosting national league football matches.,Sidama,Hawassa,,[],"[""hawassa"",""stadium"",""sports-venue""]","{""lat"":7.040469,""lng"":38.4945612}",2026-07-27 22:07:25.776912+00,sports
5aa3e09e-81dc-4910-b241-f68432ff254b,Choke Mountain High-Altitude Alpine Landscapes,"Afro-alpine moorlands, giant lobelias, and mountain streams.",Amhara,,,[],"[""choke-mountain"",""alpine-landscape"",""high-altitude""]","{""lat"":10.7117887,""lng"":37.8435035}",2026-07-27 22:07:25.776912+00,photography
5af1b662-3df1-4cba-9cb5-0a734f977119,Adwa Victory Memorial Museum Complex,"State-of-the-art museum facility equipped with modern elevators, ramps, and accessible halls.",,,,[],"[""adwa-memorial"",""elevators"",""ramps""]",,2026-07-27 22:07:25.776912+00,accessible
5afedf5a-519c-499c-a3b0-53185c958ccb,Doho Lodge VIP Thermal Cabins,Luxury eco-cabins built directly over natural thermal hot springs.,Afar,,,[],"[""doho-lodge"",""vip-cabins"",""thermal-spa""]","{""lat"":12.29583,""lng"":42.22806}",2026-07-27 22:07:25.776912+00,luxury
5b0361dc-661a-4ae1-a57e-e93a5acd26f6,Yod Abyssinia Cultural Restaurant,Premier cultural dining hall serving traditional injera platters with live music and dance.,Addis Ababa,Addis Ababa,,[],"[""yod-abyssinia"",""cultural-dining"",""traditional-food""]","{""lat"":9.0260054,""lng"":38.7507566}",2026-07-27 22:07:25.776912+00,culinary
5b7175e4-cfe8-4397-8cf1-2ea8bb24b75d,Lalibela Community Education & NGO Projects,Community volunteer programs focused on English teaching and youth mentoring.,Amhara,Lalibela,,[],"[""lalibela"",""education-volunteer"",""ngo""]","{""lat"":12.0360639,""lng"":39.0456845}",2026-07-27 22:07:25.776912+00,voluntourism
5b72bbaf-e3b4-4fdd-9030-e3789d6bf325,Gore British Military & Diplomatic Historic Ruins,Ruins of WWII British military posts and diplomatic quarters.,Oromia,Gore,,[],"[""gore"",""british-ruins"",""ww2-history""]","{""lat"":8.1525979,""lng"":35.5371154}",2026-07-27 22:07:25.776912+00,dark
5ba0ed28-8146-49bb-91e3-6c4ffcb2f7a5,Sabana Beach Resort Executive Villas,Cliffside executive luxury chalets featuring panoramic views over Lake Langano.,Oromia,Arsi Negelle,,[],"[""sabana"",""executive-villas"",""langano""]","{""lat"":7.5919956,""lng"":38.6913141}",2026-07-27 22:07:25.776912+00,luxury
5c1bc672-ff14-46df-ba4b-3b1ceb920ba6,Beta Maryam Church,"Rock-hewn church in Lalibela dedicated to the Virgin Mary, featuring beautiful carvings.",Amhara,Lalibela,642,"[""https://images.unsplash.com/photo-1585208798174-6cedd86e019a?w=800"",""https://images.unsplash.com/photo-1605106901227-991bd663255c?w=800""]","[""Monastery"",""Rock-Hewn"",""UNESCO"",""Lalibela"",""Orthodox""]","{""lat"":12.0318,""lng"":39.0478}",2025-12-08 05:10:50.501803+00,religious
5c3a2ca1-79d1-42ad-baf7-a3b1f7f236f0,Wondo Genet College of Forestry & Natural Resources,Pioneer academic institution dedicated to forestry education.,Sidama,Harabet Shumba,,[],"[""wondo-genet-college"",""forestry"",""natural-resources""]","{""lat"":7.1010154,""lng"":38.6270522}",2026-07-27 22:07:25.776912+00,educational
5c457c35-9ab5-49f4-b88c-ff5b7e8c3e5a,Tewfed Specialized Eye Center,Specialized eye care and ophthalmology center.,Addis Ababa,Yeka,,[],"[""ophthalmology"",""eye-center"",""addis""]","{""lat"":9.0225064,""lng"":38.7820276}",2026-07-27 22:07:25.776912+00,medical
5c90954b-462e-4e2f-a9fd-b86ec5e2163c,Sapphire Addis Luxury Rooms,Boutique luxury hotel rooms in Bole.,Addis Ababa,Bole,,[],"[""sapphire-addis"",""luxury-rooms"",""bole""]","{""lat"":9.0002179,""lng"":38.7833921}",2026-07-27 22:07:25.776912+00,luxury
5cd06f1e-246b-45de-83c0-eb514220953d,Mount Zuqualla Volcano Hike,Ascent up an extinct volcano with a sacred crater lake at its summit.,,,,[],"[""volcano"",""crater-lake"",""hiking""]",,2026-07-27 22:07:25.776912+00,adventure
5ce73a7a-e2ac-49d5-9da3-5018cec93d5a,Yirgalem City Center,Historic coffee processing town center in Sidama.,Sidama,Aleta Wendo,,[],"[""yirgalem"",""city-center"",""sidama""]","{""lat"":6.6046692,""lng"":38.4247871}",2026-07-27 22:07:25.776912+00,urban
5cfef0c4-85fe-4fa3-9530-c03a23960fc0,Hawassa Lakefront Public Park,Lakeside public park popular for sunset views.,Sidama,Hawassa,,[],"[""hawassa"",""lakefront-park"",""public""]","{""lat"":7.0481029,""lng"":38.47861}",2026-07-27 22:07:25.776912+00,budget
5d921774-ceec-4ab6-a275-7690aeb0b27e,Haile Resort Executive Lake Suites,Luxury lakefront executive suites offering top-tier amenities on Lake Hawassa.,,,,[],"[""haile-resort"",""executive-suites"",""hawassa""]",,2026-07-27 22:07:25.776912+00,luxury
5d9ef771-8180-47d4-a853-033b16c8afcc,Getfam Hotel Public Halls,Modern hotel layout with wide elevators and accessible facilities.,,,,[],"[""getfam-hotel"",""public-halls"",""addis""]",,2026-07-27 22:07:25.776912+00,accessible
5e085177-a180-4369-9013-db829885227b,Bonga Forest Natural Spa & Eco-Lodge,Eco-lodge set in rainforest surroundings offering natural hot spring baths.,South West Ethiopia Peoples,Bonga,,[],"[""bonga"",""natural-spa"",""eco-lodge""]","{""lat"":7.2645383,""lng"":36.2460526}",2026-07-27 22:07:25.776912+00,wellness
5e99d589-9e8a-493d-b5ef-6df29399b119,Tiya Megalithic Site Preservation Projects,Heritage preservation projects around ancient carved stelae.,Oromia,Tiya,,[],"[""tiya"",""site-preservation"",""volunteer""]","{""lat"":8.437331,""lng"":38.609296}",2026-07-27 22:07:25.776912+00,voluntourism
5ecb6b6c-0ecc-49ff-bc02-c7a199ca385f,Kuriftu Bishoftu Resort Main Level Boardwalks,Paved stone pathways connecting main resort dining and lake views.,Oromia,Bishoftu,,[],"[""kuriftu"",""main-level"",""bishoftu""]","{""lat"":8.7789777,""lng"":39.0004021}",2026-07-27 22:07:25.776912+00,accessible
5ed8b317-4fc5-42f6-8b0b-47f20d9f885f,Central Hawassa Luxury Suites,High-end urban hotel suites located in downtown Hawassa.,Sidama,Hawassa,,[],"[""central-hawassa"",""luxury-suites"",""hotel""]","{""lat"":7.0476368,""lng"":38.4682618}",2026-07-27 22:07:25.776912+00,luxury
5f4a7e8f-0983-4b84-a80c-ab65cf708ee1,Lake Abijatta-Shalla National Park,Protected twin lakes park famous for flamingos and deep volcanic waters.,Oromia,Arsi Negelle,,[],"[""abijatta-shalla"",""flamingo"",""hot-springs""]","{""lat"":7.5284208,""lng"":38.6680653}",2026-07-27 22:07:25.776912+00,ecotourism
5f5585e6-4710-44c9-8369-baa9e4fdcf27,Choke Mountain Biodiversity Reserve,Highland ecosystem supporting unique afro-alpine flora and fauna.,Amhara,,,[],"[""choke"",""biodiversity"",""afro-alpine""]","{""lat"":10.7117887,""lng"":37.8435035}",2026-07-27 22:07:25.776912+00,wildlife
5f6baf9d-b2f5-4411-a8a8-e9bbe4537813,Sodere Resort Olympic Swimming Pools Complex,Large thermal springfed swimming pools used for recreation and training.,Oromia,Sodere,,[],"[""sodere"",""olympic-pool"",""thermal-swimming""]","{""lat"":8.4034494,""lng"":39.3869748}",2026-07-27 22:07:25.776912+00,sports
5f9562e4-b3c9-4bf8-83d5-2fd9438b81d6,Nechisar National Park Plains (Burchells Zebras),Nechisar plains habitat home to large herds of Burchells zebras.,,,,[],"[""zebra"",""nechisar"",""plains""]",,2026-07-27 22:07:25.776912+00,wildlife
5fa1edbf-7d4f-45ab-b6dc-5a2e5ee4a93c,Gishen Debre Kerbe Monastery,Cruciform mountain monastery housing a fragment of the True Cross.,Amhara,,,[],"[""gishen"",""monastery"",""true-cross""]","{""lat"":11.5245732,""lng"":39.3529106}",2026-07-27 22:07:25.776912+00,religious
602a0fe7-98e5-404f-bc7a-fc47fa238002,Woranso-Mille Paleontological Site,Major site producing early hominid fossil discoveries.,,,,[],"[""woranso-mille"",""hominid-fossils"",""afar""]",,2026-07-27 22:07:25.776912+00,ancestry
607b3912-f39b-43d7-845e-2d0e789df856,Bishoftu Rose Flower Farms Belt,Concentrated export greenhouse belt specialized in cut roses.,Oromia,Bishoftu,,[],"[""rose-farms"",""floriculture"",""bishoftu""]","{""lat"":8.750004,""lng"":38.981734}",2026-07-27 22:07:25.776912+00,agritourism
613a9429-d256-4600-870e-cd8b1b384c56,Lake Langano Windsurfing & Water Skiing Hub,Lakeside resort sports hub for windsurfing and powerboating.,Oromia,,,[],"[""windsurfing"",""water-skiing"",""langano""]","{""lat"":7.6120061,""lng"":38.7629256}",2026-07-27 22:07:25.776912+00,sports
6151ba43-5bd7-426d-b383-1c0829462d6a,Wukro Chirkos Carved Stone Facade,Monolithic stone church carved directly out of sandstone rock.,,,,[],"[""wukro-chirkos"",""rock-church"",""architectural-photography""]",,2026-07-27 22:07:25.776912+00,photography
61555a68-11c8-46fb-a17a-081fce0da812,Battlefield of Adwa Historic Sites,The actual mountain pass battlegrounds of the historic 1896 conflict.,,,,[],"[""adwa"",""battlefield"",""historic-site""]",,2026-07-27 22:07:25.776912+00,dark
616d3f0e-89e1-4a53-a515-bde34ae4850e,Metekel Gumuz Farming Hamlets,Traditional rural settlements along the Blue Nile basin in Benishangul.,,,,[],"[""metekel"",""gumuz"",""farming-hamlets""]",,2026-07-27 22:07:25.776912+00,rural
6180aeaf-b103-459a-91b1-9c7f705b69d3,Daniel Korkor Monastery,"Ancient rock-hewn monastery in Gheralta, known for its isolated location and spiritual significance.",Tigray,Gheralta,780,"[""https://images.unsplash.com/photo-1585208798174-6cedd86e019a?w=800"",""https://images.unsplash.com/photo-1605106901227-991bd663255c?w=800""]","[""Monastery"",""Rock-Hewn"",""Gheralta"",""Historic"",""Orthodox""]","{""lat"":13.915,""lng"":39.195}",2025-12-08 05:10:50.501803+00,religious
61a22afe-fc57-46a4-8499-721b658c1226,Bale Mountains Plateau & Mount Tullu Dimtu,Afro-alpine plateau trekking reaching Ethiopia second highest peak.,Oromia,Bale,,[],"[""trekking"",""highland"",""bale""]","{""lat"":7.7308591,""lng"":39.9998827}",2026-07-27 22:07:25.776912+00,adventure
61aa18b2-7477-4373-91a4-8e03656b2c67,Lake Turkana Northern Shoreline Boat Excursions,Southern border boat expeditions navigating the delta of Lake Turkana.,South Ethiopia Regional State,Omorate,,[],"[""turkana"",""omorate"",""boat-excursions""]","{""lat"":4.8032381,""lng"":36.0504375}",2026-07-27 22:07:25.776912+00,cruise
6224fdbb-385c-4de0-87b1-89ae8b3c8c8d,Mount Zuqualla Crater Rim,Extinct volcanic crater rim offering elevated night sky views.,Oromia,,,[],"[""zuqualla"",""crater-rim"",""stargazing""]","{""lat"":8.5396564,""lng"":38.8539547}",2026-07-27 22:07:25.776912+00,space
6239e48b-37ce-42eb-8bae-5ce1207783b3,Zewditu Memorial Hospital,Public general hospital in central Addis Ababa.,Addis Ababa,Kirkos,,[],"[""hospital"",""zewditu"",""addis""]","{""lat"":9.0185621,""lng"":38.7562463}",2026-07-27 22:07:25.776912+00,medical
62526dc5-8e94-402f-8757-6fbde7a110b5,Yeha Church of Abuna Aftse,Historic church standing adjacent to the ancient pagan Great Temple.,,,,[],"[""abuna-aftse"",""yeha"",""church""]",,2026-07-27 22:07:25.776912+00,religious
62783716-55b7-4691-bf65-0167086218a7,Addis Ababa Stadium,Historic national stadium hosting major football matches and athletic track events.,Addis Ababa,Kirkos,,[],"[""stadium"",""national-stadium"",""addis""]","{""lat"":9.0133925,""lng"":38.756404}",2026-07-27 22:07:25.776912+00,sports
6300931c-3ab6-41a6-a793-9355a0a6e2ee,Saint George Cathedral Public Grounds,Public plaza and exterior church courtyard in Piazza.,,,,[],"[""st-george"",""public-grounds"",""historic""]",,2026-07-27 22:07:25.776912+00,budget
6322f9a2-20ad-44ab-bc7d-e02bc2e22363,Bati Heritage Crossroads Market,Historic trade nexus connecting highland and lowland pastoralist groups.,Amhara,Bati,,[],"[""bati"",""crossroads-market"",""cultural-nexus""]","{""lat"":11.1916257,""lng"":40.019752}",2026-07-27 22:07:25.776912+00,ancestry
6337dd00-4575-4a82-8f29-f015ca6e16c0,Sululta Highland Running Trails Network,"World-famous high-altitude meadow running trails (2,700m).",Oromia,Sululta,,[],"[""sululta"",""running-trails"",""distance-running""]","{""lat"":9.2893858,""lng"":38.8135595}",2026-07-27 22:07:25.776912+00,sports
634b65cc-17fe-48ab-b8d8-769b46401d23,Lake Tana Biosphere Reserve Visitor Center,UNESCO educational center detailing wetland ecology and history.,Amhara,,,[],"[""lake-tana"",""biosphere-center"",""unesco""]","{""lat"":11.9507719,""lng"":37.294878}",2026-07-27 22:07:25.776912+00,educational
635a2e98-c03d-4730-9b5e-f29aee1f543d,Dorze Eco-Lodge Suite Huts,Upmarket oversized bamboo suite huts with sweeping Rift Valley views.,South Ethiopia Regional State,Dorze,,[],"[""dorze-lodge"",""suite-huts"",""chencha""]","{""lat"":6.1948568,""lng"":37.5743447}",2026-07-27 22:07:25.776912+00,luxury
6364f9c1-56ea-43a3-8e1a-46593f4aa947,የዳብረ ብርሃን ቅዱስ ሥላሴ ቤተክርስቲያን,"Historic Ethiopian Orthodox church in the heart of Addis Ababa, known for its beautiful architecture and spiritual significance.",Addis Ababa,Addis Ababa,5.2,"[""https://images.unsplash.com/photo-1609137144813-7d9921338f24?w=1200&q=80""]","[""Historic"",""Orthodox"",""City Center""]","{""lat"":9.032,""lng"":38.7469}",2025-12-07 07:00:43.902649+00,religious
63bae99e-dce2-4a53-85d5-d5219e965a4b,Gondar Fasilides Castle Enclosure at Sunrise,Golden hour light illuminating 17th-century stone royal fortresses.,Amhara,Gonder,,[],"[""gondar"",""fasilides-castle"",""sunrise-photography""]","{""lat"":12.610368,""lng"":37.466766}",2026-07-27 22:07:25.776912+00,photography
63cb91a4-40f3-4d29-8826-9a9ccb44c13e,Lake Ziway Debre Sina Island Ferry Point,Ferry crossing point connecting to island monasteries on Lake Ziway.,,,,[],"[""debre-sina-island"",""ferry-point"",""ziway""]",,2026-07-27 22:07:25.776912+00,cruise
646cceb9-9b24-49e2-a445-d976da182723,Aregash Natura Lodge Luxury Huts,High-end eco-lodge constructed in traditional Sidama architectural style.,,,,[],"[""aregash-natura"",""luxury-huts"",""sidama""]",,2026-07-27 22:07:25.776912+00,luxury
648bdc09-cd0f-4915-9e79-83b8cf62d074,Central Hawassa Hotel MICE Facilities,Convenient urban conference center in downtown Hawassa.,Sidama,Hawassa,,[],"[""central-hawassa"",""mice"",""event-venue""]","{""lat"":7.0476368,""lng"":38.4682618}",2026-07-27 22:07:25.776912+00,business
64d79049-824e-447d-9295-528cf0dc2f80,Tendaho Sugar Cane Estate,Large-scale irrigated desert sugar plantation along the Awash River.,Afar,,,[],"[""tendaho"",""sugar-estate"",""afar""]","{""lat"":11.5501731,""lng"":41.3888651}",2026-07-27 22:07:25.776912+00,agritourism
64f5e6cd-d7c8-4ee3-9091-21ff4f851f58,Haile Grand Addis Ababa Spa Facilities,Luxury hotel spa and health center.,Addis Ababa,Bole,,[],"[""haile-grand"",""spa-facilities"",""addis""]","{""lat"":9.0003176,""lng"":38.7872056}",2026-07-27 22:07:25.776912+00,wellness
6525ad8d-450a-4eab-8c46-602f29e60b2d,Mount Chilalo Peak Hike,High-altitude mountain hike through Afro-alpine vegetation in Arsi.,Oromia,Asella,,[],"[""hiking"",""arsi"",""mountain""]","{""lat"":7.9150565,""lng"":39.2620904}",2026-07-27 22:07:25.776912+00,adventure
656ef50f-0224-48ff-bf13-9f72009240f4,Mekelle University Astronomical Hill,High-elevation academic observatory site.,Tigray,Mek'elē,,[],"[""mekelle-university"",""astronomical-hill"",""observatory""]","{""lat"":13.4842836,""lng"":39.4554493}",2026-07-27 22:07:25.776912+00,space
657486e7-1f74-4541-b7db-e6fdd6ca8235,Debre Libanos Portuguese Bridge Public Hike,Low-cost hiking route leading to a historic stone bridge and waterfall.,Oromia,Debre Libanos,,[],"[""portuguese-bridge"",""public-hike"",""debre-libanos""]","{""lat"":9.7336961,""lng"":38.8138446}",2026-07-27 22:07:25.776912+00,budget
65fd1b83-514b-4f10-bac4-f4e88a03070d,Lake Abbe Limestone Salt Chimneys at Dawn,Steam venting from desolate limestone towers bathed in early morning light.,Afar,,,[],"[""lake-abbe"",""salt-chimneys"",""dawn-photography""]","{""lat"":11.1711957,""lng"":41.7873451}",2026-07-27 22:07:25.776912+00,photography
661a4bd8-89ca-447e-9341-9d4403f5872a,Zefmesh Grand Mall Elevator Outlets,Equipped with operational elevators and step-free store access.,Addis Ababa,Yeka,,[],"[""zefmesh-mall"",""elevators"",""shopping""]","{""lat"":9.0205677,""lng"":38.8002333}",2026-07-27 22:07:25.776912+00,accessible
663dd3bb-96b0-480f-8ea5-51689c3e6967,Mertule Maryam Monastery,One of the oldest stone monastic sites in East Gojjam.,Amhara,Adet,,[],"[""monastery"",""gojjam"",""historic""]","{""lat"":11.2628077,""lng"":37.4859752}",2026-07-27 22:07:25.776912+00,religious
668c5fdf-aa64-4a76-8568-861c82198a93,Radisson Blu Hotel Meeting Facilities,Business-focused event rooms in the financial district.,Addis Ababa,Kirkos,,[],"[""radisson-blu"",""meeting-rooms"",""kazanchis""]","{""lat"":9.0161832,""lng"":38.7677471}",2026-07-27 22:07:25.776912+00,business
66e225a1-7e53-4156-84cf-f6c74175a229,Beta Giyorgis (St. George) Church,"Iconic cross-shaped rock-hewn church in Lalibela, one of the most famous of the 11 churches.",Amhara,Lalibela,642,"[""https://images.unsplash.com/photo-1578922746317-aac19659f663?w=1200&q=80""]","[""Monastery"",""Rock-Hewn"",""UNESCO"",""Lalibela"",""Orthodox""]","{""lat"":12.0316,""lng"":39.0476}",2025-12-08 05:10:50.501803+00,religious
67225d3a-ffaf-4a0b-9125-eacb1a2467a3,Desse Highland Athletic Training Ground,High-altitude mountain running routes in South Wollo.,Amhara,Dessie,,[],"[""dessie"",""athletic-training"",""wollo""]","{""lat"":11.122604,""lng"":39.634982}",2026-07-27 22:07:25.776912+00,sports
67381361-9a08-442c-9655-5cc9a90c8b21,Grand Palace Hotel VIP Wing,Upmarket hotel featuring boutique luxury suites near government offices.,,,,[],"[""grand-palace"",""vip-wing"",""luxury-hotel""]",,2026-07-27 22:07:25.776912+00,luxury
678d89b2-b8f0-4a2f-ad3d-21937a7c8736,Afar Middle Awash Research Sites,Discovery site of Ardipithecus ramidus (Ardi - 4.4 million years old).,,,,[],"[""middle-awash"",""ardi"",""paleoanthropology""]",,2026-07-27 22:07:25.776912+00,ancestry
6813575d-96cc-42be-b65b-e016185db629,Skylight Hotel Spa & Wellness Center,Massive state-of-the-art spa and wellness center near Bole Airport.,Addis Ababa,Bole,,[],"[""skylight-hotel"",""spa-wellness"",""addis""]","{""lat"":8.9869542,""lng"":38.7890925}",2026-07-27 22:07:25.776912+00,wellness
681816d7-79d7-42dc-86c0-e89153f648d1,Gore Forest Canopy Expedition,Rainforest expedition through dense Southwestern canopy trails.,,,,[],"[""canopy"",""rainforest"",""illubabor""]",,2026-07-27 22:07:25.776912+00,adventure
68c81bcb-2cd5-4830-9433-6a3f16984144,Magdala (Amba Mariam) Ruined Fortress Hill,Ruins of the mountain fortress besieged by the British expedition of Napier.,,,,[],"[""magdala"",""amba-mariam"",""fortress-ruins""]",,2026-07-27 22:07:25.776912+00,dark
69044005-6dd1-4baa-a7bf-5ac45942266f,Jijiga Faras Magala Market,"Vibrant market famous for incense, Somali textiles, and spices.",Somali,Jijiga,,[],"[""jijiga"",""faras-magala"",""somali-market""]","{""lat"":9.3508526,""lng"":42.8003788}",2026-07-27 22:07:25.776912+00,shopping
6922d03b-2e0a-43e8-ad8c-570f62c016ff,Jimma Town Square & Abba Jifar Access,Public town square and walking roads leading to the palace hill.,Oromia,Jimma,,[],"[""jimma"",""town-square"",""public""]","{""lat"":7.6756152,""lng"":36.8478779}",2026-07-27 22:07:25.776912+00,budget
692926ec-f32f-4685-b291-a17e5aa1e39e,Sidama Bamboo Homestead Villages,Rural compounds crafted entirely from native bamboo species.,Sidama,Irgalem,,[],"[""sidama"",""bamboo-homesteads"",""yirgalem""]","{""lat"":6.7473747,""lng"":38.40767}",2026-07-27 22:07:25.776912+00,rural
694cfc0b-4394-40a0-b7e5-32aaa17d5ab3,Mount Kundudo Feral Horse Plateau,Plateau hike leading to a wild population of mountain horses.,Harar,Harar,,[],"[""feral-horses"",""hiking"",""harar""]","{""lat"":9.3118304,""lng"":42.1284009}",2026-07-27 22:07:25.776912+00,adventure
69c333c5-10b0-4d5f-95a5-9c7f05521d4a,Bale Highland Barley & Wheat Farms,Extensive highland grain farming operations surrounding Robe.,Oromia,Bale,,[],"[""bale"",""barley-farms"",""wheat""]","{""lat"":7.7308591,""lng"":39.9998827}",2026-07-27 22:07:25.776912+00,agritourism
6a0a01d1-4ae2-4473-9fc1-30f6ff672ace,Nyangatom Omo River Crossing,Action photography of pastoralists crossing the Omo River in dugouts.,,,,[],"[""nyangatom"",""omo-river"",""river-crossing""]",,2026-07-27 22:07:25.776912+00,photography
6a708f59-6b30-45a4-9ced-db6d926f2b43,Ankober Heritage Preservation Projects,Community volunteers restoring historic sites along the Shewan escarpment.,Amhara,Ankober,,[],"[""ankober"",""heritage-preservation"",""volunteer""]","{""lat"":9.5911547,""lng"":39.7338213}",2026-07-27 22:07:25.776912+00,voluntourism
6ad09a0a-e179-4659-9ef9-48f0f8842ff8,Choke Mountains Eco-Community Lodges,High-altitude community-driven agro-ecotourism project.,Amhara,,,[],"[""choke"",""eco-lodge"",""community-tourism""]","{""lat"":10.7117887,""lng"":37.8435035}",2026-07-27 22:07:25.776912+00,ecotourism
6af5fcaf-0f7a-422f-afb4-eb3c92075ab9,Adwa Victory Memorial Complex & Auditorium,State-of-the-art municipal complex featuring large event halls.,,,,[],"[""adwa-memorial"",""auditorium"",""events""]",,2026-07-27 22:07:25.776912+00,business
6b48558c-8f66-48e5-8256-390af4262692,Danakil Depression Dark-Sky Reserve,Ultra-remote desert terrain offering zero light pollution for deep space stargazing.,Afar,,,[],"[""danakil"",""dark-sky"",""zero-light-pollution""]","{""lat"":13.9528181,""lng"":40.6366886}",2026-07-27 22:07:25.776912+00,space
6b852b92-a8c1-4f5c-aec4-bd7f25dee76d,Kebran Gabriel Monastery (Women's Section),"Separate section of the famous Kebran Gabriel monastery, accessible to women pilgrims.",Amhara,Lake Tana,565,"[""https://images.unsplash.com/photo-1585208798174-6cedd86e019a?w=800"",""https://images.unsplash.com/photo-1605106901227-991bd663255c?w=800""]","[""Monastery"",""Lake Tana"",""Island"",""Orthodox""]","{""lat"":11.608,""lng"":37.376}",2025-12-08 05:10:50.501803+00,religious
6b9a30c3-642e-4887-a787-4fe997a4c982,Gore Community Library & School Projects,Local volunteer initiatives supporting rural education and literacy.,,,,[],"[""gore"",""community-library"",""volunteering""]",,2026-07-27 22:07:25.776912+00,voluntourism
6beae27e-b640-4eab-8dc6-9cbe62a15b7b,Afar Nomadic Pastoralist Settlements,Traditional nomadic encampments built from woven mats across desert plains.,,,,[],"[""afar"",""nomadic"",""hamadela""]",,2026-07-27 22:07:25.776912+00,rural
6beb2067-f215-4d07-a80e-7c486a81a6f6,Holy Trinity Cathedral (Kidist Selassie),Main Orthodox cathedral and burial site of Emperor Haile Selassie.,Addis Ababa,Addis Ababa,,[],"[""cathedral"",""addis"",""royal-tombs""]","{""lat"":9.0358119,""lng"":38.7524315}",2026-07-27 22:07:25.776912+00,religious
6bfc2bf6-f880-4626-86b6-f40bbd334847,Limmu Coffee Farm Estates,State and private coffee estates in the historic Jimma coffee zone.,Oromia,,,[],"[""limmu"",""coffee-farm"",""jimma""]","{""lat"":8.25,""lng"":36.91667}",2026-07-27 22:07:25.776912+00,agritourism
6c7a043c-5bff-443a-9499-79fe143ad512,Lake Bishoftu Public Walking Trails,Public trails circling volcanic crater lakes without entrance fees.,Oromia,Bishoftu,,[],"[""bishoftu"",""public-trails"",""lake-walk""]","{""lat"":8.750004,""lng"":38.981734}",2026-07-27 22:07:25.776912+00,budget
6c883b0e-b8db-4e9d-9c62-90df9053b424,Balcha Hospital,Historic general hospital facility in Addis Ababa.,Addis Ababa,Lideta,,[],"[""hospital"",""balcha"",""addis""]","{""lat"":9.0116517,""lng"":38.7385122}",2026-07-27 22:07:25.776912+00,medical
6ca8c5a6-0df2-4901-bb9d-bd3ddc8c1e40,Lake Ziway Waterbird Conservation Projects,Ornithological volunteer projects monitoring migratory bird populations.,,,,[],"[""lake-ziway"",""waterbird"",""conservation""]",,2026-07-27 22:07:25.776912+00,voluntourism
6caa0ab7-6fa4-485d-af54-761a45f3d5a2,Arba Minch Crocodile Ranch & Breeding Center,Educational facility researching Nile crocodile breeding and conservation.,South Ethiopia Regional State,Arba Minch,,[],"[""crocodile-ranch"",""arba-minch"",""reptile-breeding""]","{""lat"":6.0302778,""lng"":37.5921705}",2026-07-27 22:07:25.776912+00,educational
6cba1f7c-4a71-4c37-a357-6e5d58a52218,Addis Ababa National Museum (Lucy/Dinkinesh Exhibit),National museum housing the original fossil remains of Lucy (Dinkinesh).,Addis Ababa,Addis Ababa,,[],"[""museum"",""lucy"",""addis""]","{""lat"":9.0358119,""lng"":38.7524315}",2026-07-27 22:07:25.776912+00,cultural
6cc423aa-f46e-4c7f-af02-13439b70781e,Sora Lodge Luxury Cliffside Villas,High-end cliffside villas offering views over the Lalibela valley.,Amhara,Altipiano Sora,,[],"[""sora-lodge"",""cliffside-villas"",""lalibela""]","{""lat"":12.4138829,""lng"":38.6617562}",2026-07-27 22:07:25.776912+00,luxury
6cc5e8b1-b605-44b5-b5df-68bc84b67610,African Union Headquarters Complex,Diplomatic capital complex representing unified Pan-African history and heritage.,Addis Ababa,Kirkos,,[],"[""african-union"",""pan-africanism"",""diaspora-hub""]","{""lat"":8.9993889,""lng"":38.743291}",2026-07-27 22:07:25.776912+00,ancestry
6cc83001-5676-4d8e-8b06-22f0ab80eb5b,Baro River Kayaking,Long-distance river paddling through the lush lowlands of Gambella.,Gambela,Gambela,,[],"[""kayaking"",""gambella"",""river""]","{""lat"":8.2503656,""lng"":34.5877344}",2026-07-27 22:07:25.776912+00,adventure
6ceaf39e-da7e-4e79-8097-f606b29cf7f6,Simien Mountains Ultra-Marathon Trail,"Extreme high-altitude trail running route above 3,000 meters.",Amhara,,,[],"[""simien"",""ultra-marathon"",""high-altitude""]","{""lat"":13.2458802,""lng"":38.0999456}",2026-07-27 22:07:25.776912+00,sports
6d0addeb-e6bf-4e18-9fd9-476918014e60,Wukro Museum Memorial Wing,Museum wing dedicated to preserving conflict heritage.,Tigray,Wukro,,[],"[""wukro-museum"",""memorial-wing"",""history""]","{""lat"":13.7862549,""lng"":39.601525}",2026-07-27 22:07:25.776912+00,dark
6d1ff157-30a7-4e30-a84b-3e6902657388,Menz Guassa Community Conservation Volunteer Base,Community-led conservation base welcoming research and ecological volunteers.,Amhara,,,[],"[""guassa"",""community-base"",""conservation""]","{""lat"":10.3511111,""lng"":39.7959722}",2026-07-27 22:07:25.776912+00,voluntourism
6d8a98f8-7f29-4096-986a-1fdff33246ac,Dessie Youth & Vocational Training Volunteers,Vocational training centers seeking technical skills volunteers.,Amhara,Dessie,,[],"[""dessie"",""vocational-training"",""youth""]","{""lat"":11.122604,""lng"":39.634982}",2026-07-27 22:07:25.776912+00,voluntourism
6de79b57-18cb-4858-b7a4-cd7efe7f713f,Sebatenia Traditional Goods Market,"Mercato section specialized in clay pots, ironwork, and spices.",Addis Ababa,Addis Ababa,,[],"[""sebatenia"",""addis"",""spices""]","{""lat"":9.0358119,""lng"":38.7524315}",2026-07-27 22:07:25.776912+00,shopping
6e30a166-b1cf-4a6d-8ba8-b290c765f9c8,Lake Besaka Hydrological Phenomenon Site,Field study site for rapid volcanic lake water expansion.,,,,[],"[""lake-besaka"",""hydrology"",""lake-expansion""]",,2026-07-27 22:07:25.776912+00,educational
6ebdfa50-948b-4a55-b876-75027bfeff53,Unison Hotel Executive Suites,Premier luxury hotel accommodations in Hawassa.,Amhara,Bahir Dar Special Zone,,[],"[""unison-hotel"",""executive-suites"",""hawassa""]","{""lat"":11.5957145,""lng"":37.3854336}",2026-07-27 22:07:25.776912+00,luxury
6ec0c0e2-9f74-4a68-83a1-19a1b25e40cf,Amba Alagi Mountain Pass Conflict Site,High mountain pass battlefield site of major WWII engagements in 1941.,Tigray,Mecam,,[],"[""amba-alagi"",""mountain-pass"",""ww2-battlefield""]","{""lat"":12.75,""lng"":39.68333}",2026-07-27 22:07:25.776912+00,dark
6ed10846-8977-4147-8645-539cc1aa8ac0,Chelba Tutiti Megalithic Burial Site,"Massive ancient burial site holding over 1,500 carved stone stelae.",,,,[],"[""chelba-tutiti"",""burial-site"",""megaliths""]",,2026-07-27 22:07:25.776912+00,dark
6ed137e6-b2fb-45de-a9cb-632d60b3e26e,Aksum Stelae Field Perimeter Walk,Free public view walk surrounding the central stelae park.,,,,[],"[""axum"",""perimeter-walk"",""stelae-view""]",,2026-07-27 22:07:25.776912+00,budget
6ee3278a-2bde-4a93-ad42-b5292b25b6f9,Borena Plain Astronomy Observation Sites,Flat open savannah plains offering low atmospheric humidity and dark skies.,,,,[],"[""borena-plain"",""astronomy"",""clear-sky""]",,2026-07-27 22:07:25.776912+00,space
6eec3cd6-0847-4e46-979d-28b1aa86c20a,Lake Tana Islands Bird Sanctuaries,Islands and papyrus beds providing nesting grounds for pelicans.,,,,[],"[""lake-tana"",""bird-sanctuary"",""pelicans""]",,2026-07-27 22:07:25.776912+00,wildlife
6ef89f25-49f4-4d34-a0b2-4366d37d902a,Chencha Dorze Traditional Kocho Bread Tasting Houses,Village cultural huts serving fresh fire-baked Kocho bread with hot chili paste.,South Ethiopia Regional State,Dorze,,[],"[""dorze"",""kocho-bread"",""fermented-enset""]","{""lat"":6.1948568,""lng"":37.5743447}",2026-07-27 22:07:25.776912+00,culinary
6f0c80e8-8f2a-4577-810c-26657a4753e3,Jinka South Omo Research Center (SORC) Museum,Academic research base and museum documenting Omo Valley cultures.,South Ethiopia Regional State,Jinka,,[],"[""sorc"",""jinka"",""ethnographic-museum""]","{""lat"":5.786181,""lng"":36.5654425}",2026-07-27 22:07:25.776912+00,educational
6f424124-ebba-488d-b52f-1af1a3422633,Guji Gold & Gem Artisanal Shops,Local trade outlets selling raw mineral and artisanal gold items.,Oromia,Shakiso,,[],"[""shakiso"",""guji-gold"",""gems""]","{""lat"":5.7746802,""lng"":38.9028468}",2026-07-27 22:07:25.776912+00,shopping
6f76873a-2039-489a-9879-f0a6b25c24c2,Hawassa Lakefront City & Boulevard,Rapidly growing modern rift valley city centered on Lake Hawassa.,Sidama,Hawassa,,[],"[""hawassa"",""lakefront-city"",""boulevard""]","{""lat"":7.0481029,""lng"":38.47861}",2026-07-27 22:07:25.776912+00,urban
6f9058d6-050c-460d-b4e6-dda815555391,Hyatt Regency Addis Ababa Event Venues,Modern corporate meeting halls located adjacent to Meskel Square.,Addis Ababa,Kirkos,,[],"[""hyatt-regency"",""event-venue"",""meskel-square""]","{""lat"":9.0100868,""lng"":38.7640678}",2026-07-27 22:07:25.776912+00,business
708dce05-ba03-4a7a-a387-5aa2ce0ee152,Bishoftu Natural Thermal Hydrotherapy Baths,Geothermal thermal baths used for natural hydrotherapy treatments.,Oromia,Bishoftu,,[],"[""hydrotherapy"",""thermal"",""bishoftu""]","{""lat"":8.750004,""lng"":38.981734}",2026-07-27 22:07:25.776912+00,medical
70cecc9a-79c8-4b63-977f-1ec8642df328,Jimma Arabica Coffee Farm Tasting Outlets,Origin farm tasting centers for Jimma Arabica coffee strains.,Oromia,Jimma,,[],"[""jimma"",""arabica-tasting"",""coffee-farms""]","{""lat"":7.6756152,""lng"":36.8478779}",2026-07-27 22:07:25.776912+00,culinary
70d891ea-fc2f-47a2-9747-c78f8fc3249a,Mount Guna Ridge Dark-Sky Site,High-altitude mountain ridge free from urban light pollution.,,,,[],"[""mount-guna"",""dark-sky"",""gondar""]",,2026-07-27 22:07:25.776912+00,space
717107ce-f6a3-4b16-a798-5e52ff9e657c,Gurage Enset Agro-Forestry Farms,Intensive enset agro-forestry systems integrated with livestock.,,,,[],"[""gurage"",""enset"",""agro-forestry""]",,2026-07-27 22:07:25.776912+00,agritourism
71853a5b-2c2e-416d-803e-b4bb670de0ac,Hararghe Khat & Coffee Terrace Farms,Intricately terraced mountain farms growing khat and Harar coffee.,,,,[],"[""hararghe"",""khat-terraces"",""coffee""]",,2026-07-27 22:07:25.776912+00,agritourism
71a0f2e7-dfb2-4f1e-86d3-c339cb24bd5a,Sabon Hotel MICE Center,Modern meeting center equipped for business seminars.,Addis Ababa,Bole,,[],"[""sabon-hotel"",""mice"",""addis""]","{""lat"":8.9997998,""lng"":38.7840093}",2026-07-27 22:07:25.776912+00,business
71bfbd21-38b2-4cc9-8fe7-c9f387c89b43,Sidama Cultural Bamboo Settlements,Traditional rural settlements showcasing Sidama architectural heritage.,Sidama,Hawassa,,[],"[""sidama"",""bamboo"",""hawassa""]","{""lat"":7.0519849,""lng"":38.4834978}",2026-07-27 22:07:25.776912+00,cultural
7288f377-de14-49a6-abe4-ecce81608dc2,Capital Hotel & Spa Flat Access Wing,Equipped with wide elevators and step-free access to dining and spa.,Addis Ababa,Bole,,[],"[""capital-hotel"",""flat-access"",""elevators""]","{""lat"":9.0135725,""lng"":38.7800846}",2026-07-27 22:07:25.776912+00,accessible
72959167-72a6-43cf-af90-6344ccf7430c,Soro Rural Agricultural Communities,Rural farming hamlets in Hadiya.,,,,[],"[""soro"",""hadiya"",""agricultural""]",,2026-07-27 22:07:25.776912+00,rural
72dca287-624c-468a-a6c6-a5fd99ba4909,Sodere Handicrafts & Clay Souvenir Stalls,Market stalls selling traditional clay pottery and carved crafts.,Oromia,Sodere,,[],"[""sodere"",""clay-crafts"",""handicrafts""]","{""lat"":8.4034494,""lng"":39.3869748}",2026-07-27 22:07:25.776912+00,shopping
72e965f1-e8b4-435a-8127-1ec31d3d45ea,Gondar Fasiledes Stadium,Primary sports venue serving Gondar.,Amhara,Gonder,,[],"[""gondar"",""fasiledes-stadium"",""sports""]","{""lat"":12.610368,""lng"":37.466766}",2026-07-27 22:07:25.776912+00,sports
72e9f520-f4ea-4bac-8419-6688f25a6966,Lake Langano Watersports & Windsurfing,Popular Rift Valley freshwater lake for windsurfing and motorboating.,Oromia,,,[],"[""watersports"",""windsurfing"",""rift-valley""]","{""lat"":5,""lng"":37}",2026-07-27 22:07:25.776912+00,adventure
7326e44a-6069-462a-abf4-ee25de2db194,Arba Minch Viewpoint Public Grounds,Highland public viewpoint overlooking Lake Abaya and Lake Chamo.,South Ethiopia Regional State,Arba Minch,,[],"[""arba-minch"",""viewpoint"",""public-grounds""]","{""lat"":6.0215142,""lng"":37.5539809}",2026-07-27 22:07:25.776912+00,budget
737dad16-70aa-4b63-bd37-f2563ce871ed,Gonderine Royal Castle Enclosure (Fasil Ghebbi),17th-century UNESCO fortress city of Ethiopian emperors.,Amhara,Gonder,,[],"[""gondar"",""castles"",""unesco""]","{""lat"":12.610368,""lng"":37.466766}",2026-07-27 22:07:25.776912+00,cultural
739a8b04-9360-4442-8326-c61ffe7de64f,Babile Rock Formations,Balancing granite boulders creating otherworldly landscape photography.,,,,[],"[""babile"",""rock-formations"",""geomorphology""]",,2026-07-27 22:07:25.776912+00,space
73ac5648-8a44-493e-81ad-74bd712adc6f,Lake Chamo Boat Safari Launch Point,Boat launch point for wildlife safaris to the Crocodile Market.,South Ethiopia Regional State,,,[],"[""chamo"",""boat-safari"",""arba-minch""]","{""lat"":5.835358,""lng"":37.568742}",2026-07-27 22:07:25.776912+00,cruise
73fa1647-e28a-4ed2-8c91-01d9e8af8517,Marriott Executive Apartments Plaza,Paved entrance plaza with ramp access.,Addis Ababa,Kirkos,,[],"[""marriott"",""paved-plaza"",""addis""]","{""lat"":9.010443,""lng"":38.7651132}",2026-07-27 22:07:25.776912+00,accessible
744bca88-3b45-4fbf-a9d9-28e8c3f28974,Gheralta Lodge Peaceful Retreat,Quiet eco-lodge set beneath sandstone mountains ideal for solitude.,Tigray,Halah Gheralta,,[],"[""gheralta-lodge"",""retreat"",""tigray""]","{""lat"":13.7478418,""lng"":39.2536119}",2026-07-27 22:07:25.776912+00,wellness
747633e2-2aaa-42a2-a116-d54d3b9aa7ad,Lake Logipi / Afar Wetland Systems,Remote seasonal saline lake and wetland ecosystem in Afar.,,,,[],"[""afar"",""wetlands"",""logipi""]",,2026-07-27 22:07:25.776912+00,ecotourism
753031cc-2dfd-4765-aeb5-776df375a55b,Ankober Imperial Capital Hill,Historic 18th-century mountain capital of the Shewan kingdom.,Amhara,Ankober,,[],"[""ankober"",""shewa-kingdom"",""imperial-capital""]","{""lat"":9.5911547,""lng"":39.7338213}",2026-07-27 22:07:25.776912+00,ancestry
75629099-8287-4f41-8c1b-fceb18999bf1,Entoto Space Science Research Center & Observatory,National educational facility conducting astronomical research and education.,,,,[],"[""entoto-observatory"",""astronomy"",""space-science""]",,2026-07-27 22:07:25.776912+00,educational
7573f029-279f-4fce-a981-04527cfb1046,Sekota Agew Highland Villages,Remote mountain hamlets in the Wag Hemra zone.,Amhara,Dahana,,[],"[""sekota"",""agew"",""wag-hemra""]","{""lat"":12.4298493,""lng"":38.82529}",2026-07-27 22:07:25.776912+00,rural
758d3678-744c-4d4d-baaa-3160b2116e1b,Wonchi Crater Rim Agro-Villages,Highland rural farming hamlets surrounding the volcanic crater lake.,,,,[],"[""wonchi"",""agro-villages"",""crater-rim""]",,2026-07-27 22:07:25.776912+00,rural
75a34292-e2bf-40bb-8848-710890acde9f,Metu Forest Product Markets,"Market center for purchasing wild honey, beeswax, and forest spices.",Oromia,Metu,,[],"[""metu"",""forest-products"",""illubabor""]","{""lat"":8.2956473,""lng"":35.5834319}",2026-07-27 22:07:25.776912+00,shopping
75ce2351-c396-401e-9d0d-7d041e2524c4,Unity Park Imperial Dining Hall & Tea House,Restored historical imperial dining halls serving coffee and traditional light fare.,,,,[],"[""unity-park"",""imperial-dining"",""tea-house""]",,2026-07-27 22:07:25.776912+00,culinary
75d0ec7a-424a-418e-a85f-9f2cda14bbad,Mezena Lodge Luxury Cottages,Upmarket eco-lodge set in landscaped gardens near Lalibela churches.,Amhara,Lalibela,,[],"[""mezena-lodge"",""luxury-cottages"",""lalibela""]","{""lat"":12.0360639,""lng"":39.0456845}",2026-07-27 22:07:25.776912+00,luxury
75d23b20-011f-43bf-92ce-863f0cc0cc0b,Bale Dinsho Rural High-Altitude Communities,Rural settlements operating at the gateway to Bale Mountains Park.,Oromia,Dinsho,,[],"[""dinsho"",""bale"",""high-altitude""]","{""lat"":7.108213,""lng"":39.780153}",2026-07-27 22:07:25.776912+00,rural
7632ad52-c5db-4151-beb2-afa168a24600,Dire Dawa Somali-Harari Camel Meat & Halwa Outlets,"Eastern culinary outlets serving roasted camel meat, rice, and sweet Halwa.",Dire Dawa,Dire Dawa,,[],"[""dire-dawa"",""camel-meat"",""halwa""]","{""lat"":9.5913368,""lng"":41.8566126}",2026-07-27 22:07:25.776912+00,culinary
766d4383-7b86-400b-8964-a88261cba48b,Melka Kunture Archaeological Museum Site,On-site archaeological museum displaying excavated stone tools and fossils.,Oromia,Melka Awash,,[],"[""melka-kunture"",""archaeology-museum"",""paleolithic""]","{""lat"":8.705032,""lng"":38.5996486}",2026-07-27 22:07:25.776912+00,educational
76af50a0-f47f-40a6-85f9-379922cf2cbd,Arsi Dairy & Wheat Farming Estates,Ethiopia primary wheat belt featuring large-scale commercial farms and dairy.,,,,[],"[""arsi"",""dairy-farms"",""wheat-belt""]",,2026-07-27 22:07:25.776912+00,agritourism
7700497d-3c1e-4056-b314-3b8c7d6a7327,National Museum of Ethiopia,"Primary educational museum documenting paleontology, history, and royal artifacts.",Addis Ababa,Addis Ababa,,[],"[""national-museum"",""paleontology"",""lucy""]","{""lat"":9.0379782,""lng"":38.7618606}",2026-07-27 22:07:25.776912+00,educational
7721fb0f-91e7-420b-9571-f3d72180fa00,Arba Minch University Physics & Space Observation Outpost,University research station for atmospheric physics.,South Ethiopia Regional State,Arba Minch,,[],"[""arba-minch-university"",""space-outpost"",""physics""]","{""lat"":6.0659447,""lng"":37.5600365}",2026-07-27 22:07:25.776912+00,space
772718d2-2fcd-4651-b304-2f42ba25545a,Golden Tulip Luxury Suites,4-star superior luxury suite accommodation near airport.,Addis Ababa,Bole,,[],"[""golden-tulip"",""luxury-suites"",""bole""]","{""lat"":8.9955392,""lng"":38.7870007}",2026-07-27 22:07:25.776912+00,luxury
774d65a3-db8f-4dd7-b8d2-3131998586e5,Dallol & Danakil Depression,"One of the lowest and hottest places on Earth, famous for its bizarre, brightly colored hydrothermal terraces and sulfur springs.",Afar,Dallol,1100,"[""https://images.unsplash.com/photo-1509316975850-ff9c5deb0cd9?w=1200&q=80""]","[""Volcano"",""Adventure"",""Extreme Landscape"",""Salt Flat""]","{""lat"":14.241,""lng"":40.298}",2026-07-08 10:14:01.34431+00,adventure
774fb0dd-af2d-4f6b-aa4d-83e060941082,Metahara Thermal Springs,Geothermal hot springs near Lake Besaka.,Oromia,Awash,,[],"[""thermal"",""metahara"",""hot-springs""]","{""lat"":8.9034451,""lng"":39.9186248}",2026-07-27 22:07:25.776912+00,medical
7763645c-ba1d-43f1-9056-1945753f1978,Lake Chew Bahir Fringe (Desert Wildlife),"Arid saline margins hosting gerenuks, dik-diks, and desert foxes.",,,,[],"[""chew-bahir"",""desert-wildlife"",""gerenuk""]",,2026-07-27 22:07:25.776912+00,wildlife
7766b967-9486-4a9f-840d-f27ba1d5db25,Radisson Blu Spa & Fitness Hub,Upmarket urban spa specializing in stress-relief massage therapies.,Addis Ababa,Kirkos,,[],"[""radisson-blu"",""spa-fitness"",""kazanchis""]","{""lat"":9.0161832,""lng"":38.7677471}",2026-07-27 22:07:25.776912+00,wellness
77a2c585-e455-4d80-865c-97065deba4cc,Gatira Thermal Springs,Mineral hot springs located in the highlands of Arsi.,Oromia,Gatira,,[],"[""thermal"",""gatira"",""arsi""]","{""lat"":8.0424398,""lng"":36.3410514}",2026-07-27 22:07:25.776912+00,medical
77ce857f-7bfb-4c7c-be3e-e5794e34a3b0,Blue Nile Gorge Whitewater Rafting / Trekking,Expedition rafting and deep gorge trekking through the Blue Nile Canyon.,,,,[],"[""rafting"",""river"",""gorge""]",,2026-07-27 22:07:25.776912+00,adventure
77d50b88-c513-48e5-bd4b-5884529a42aa,Choke Mountain Agro-Eco Trekking Loop,Community-managed mountain trekking loop around Mount Choke.,Amhara,,,[],"[""agro-eco"",""choke"",""trekking""]","{""lat"":10.7117887,""lng"":37.8435035}",2026-07-27 22:07:25.776912+00,adventure
77e40b88-aec6-430b-afb4-fdfc163e79fb,Bete Merqorewos,Partially collapsed underground rock-hewn church in Lalibela.,Amhara,Lalibela,,[],"[""bete-merqorewos"",""lalibela"",""rock-church""]","{""lat"":12.0360639,""lng"":39.0456845}",2026-07-27 22:07:25.776912+00,religious
78386fbf-e147-490d-9dee-bb91ee6af286,Lalibela Rock-Hewn Churches,UNESCO World Heritage Site featuring rock-hewn churches dating back to the 12th century. A pilgrimage destination for Ethiopian Orthodox Christians.,Amhara,Lalibela,642.3,"[""https://images.unsplash.com/photo-1578922746317-aac19659f663?w=1200&q=80""]","[""UNESCO"",""Historic"",""Pilgrimage"",""Rock-Hewn""]","{""lat"":12.0316,""lng"":39.0476}",2025-12-07 07:00:43.902649+00,religious
788942e1-12f4-4423-b7ed-a620138313fa,Radisson Blu Hotel Presidential Suite,International luxury business hotel featuring high-security presidential suites.,Addis Ababa,Kirkos,,[],"[""radisson-blu"",""presidential-suite"",""kazanchis""]","{""lat"":9.0161832,""lng"":38.7677471}",2026-07-27 22:07:25.776912+00,luxury
78e3c8c4-de3f-4539-83ba-d6fd93b64197,Saint Gabriel General Hospital,Private multi-specialty general hospital.,Addis Ababa,Arada,,[],"[""hospital"",""saint-gabriel"",""addis""]","{""lat"":9.0239378,""lng"":38.7665055}",2026-07-27 22:07:25.776912+00,medical
791f2010-c9f7-46cf-b9e2-831136c7e22a,Koysha Lake / Halala Kella Boat Cruise Dock,Modern boat cruise dock on the newly formed Koysha reservoir lake.,South Ethiopia Regional State,Kindo Koysha,,[],"[""koysha"",""halala-kella"",""boat-cruise""]","{""lat"":6.933691,""lng"":37.5892615}",2026-07-27 22:07:25.776912+00,cruise
791fd2e8-d352-4ff4-be89-1f21f63ab7d2,Kuriftu Resort & Spa Bishoftu,"Premier lakeside luxury spa resort offering massage, sauna, and hydrotherapy.",,,,[],"[""kuriftu"",""spa"",""wellness-resort""]",,2026-07-27 22:07:25.776912+00,wellness
79586961-69c8-4c9f-8449-cfc4b08ed115,Mekelle Romanat Market,"Central marketplace selling spices, traditional Tigrayan dresses, and crafts.",Tigray,Romanat,,[],"[""romanat-market"",""mekelle"",""tigray""]","{""lat"":13.5899444,""lng"":39.4255413}",2026-07-27 22:07:25.776912+00,shopping
7978eafa-3e91-4915-ab4e-415ca2e10beb,Simien Mountains Conservation Project Camps,Volunteer research camps focusing on wildlife conservation and trail upkeep.,Amhara,,,[],"[""simien"",""conservation-volunteer"",""trail-maintenance""]","{""lat"":13.2458802,""lng"":38.0999456}",2026-07-27 22:07:25.776912+00,voluntourism
79edb245-2330-4d30-a972-eb648227b2df,Gishen Pharmacy Coffee Plantation Estate,Large-scale commercial coffee plantation located inside the Kafa rainforest zone.,,,,[],"[""gishen-coffee"",""coffee-estate"",""kafa""]",,2026-07-27 22:07:25.776912+00,agritourism
7a00111b-9a60-4113-8a08-3fec28046725,Battlefield of Anchem,Historical 1930 civil war battle site between Empress Zewditu and Ras Tafari.,,,,[],"[""anchem"",""battlefield"",""civil-war-history""]",,2026-07-27 22:07:25.776912+00,dark
7a15aa66-fed8-4dd5-8328-0ad463fcb4be,Ankober Palace Eco-Lodge Ridge,Cliffside eco-lodge overlooking the Great Rift Valley.,Amhara,Ankober,,[],"[""ankober"",""eco-lodge"",""escarpment""]","{""lat"":9.5911547,""lng"":39.7338213}",2026-07-27 22:07:25.776912+00,ecotourism
7a4fa0f6-bb6a-4080-b62d-0ba765f074d7,Haile Grand Addis Ababa Conference Center,Modern hotel convention center equipped for corporate summits.,Addis Ababa,Bole,,[],"[""haile-grand"",""conference"",""addis""]","{""lat"":9.0003059,""lng"":38.7817192}",2026-07-27 22:07:25.776912+00,business
7a5e0fe6-3e60-4db5-8eff-b9547c1883fd,West Shewa Agro-Forestry Villages,Forest-fringe farming hamlets near Ambo.,,,,[],"[""west-shewa"",""agro-forestry"",""ambo""]",,2026-07-27 22:07:25.776912+00,rural
7abea604-751f-41e1-bb7f-f5c1f35dfe25,Baro River Riparian Forest (Nile Crocodiles),Lowland river forest holding Nile crocodiles and hippos.,Gambela,Gambela,,[],"[""baro-river"",""nile-crocodiles"",""gambella""]","{""lat"":8.2503656,""lng"":34.5877344}",2026-07-27 22:07:25.776912+00,wildlife
7afecfb4-d229-4c76-9edd-ba490b0355ed,Kafa Biosphere Original Wild Coffee Forest,Origin site offering wild Arabica coffee bean harvests and traditional coffee ceremonies.,,,,[],"[""kafa"",""wild-coffee"",""tasting""]",,2026-07-27 22:07:25.776912+00,culinary
7b23982e-4363-4a29-96c7-5b3f00898229,Chorora Fossil Site,"Discovery site of Chororapithecus abyssinicus, an 8-million-year-old ape ancestor.",,,,[],"[""chorora"",""chororapithecus"",""gorilla-ancestor""]",,2026-07-27 22:07:25.776912+00,ancestry
7b4e7cef-beaf-4208-81b3-dbc6d1c90297,Danakil Salt Flat Camel Caravan Trail,Overland trail following traditional Afar salt transport caravans.,Afar,Melabday,,[],"[""caravan"",""salt-flats"",""danakil""]","{""lat"":13.9745086,""lng"":40.0685197}",2026-07-27 22:07:25.776912+00,adventure
7bacf781-a26b-46a8-81e1-b12eeb816990,Lake Chamo Crocodile Market & Nature Reserve,Natural lake shore famous for giant Nile crocodiles and hippos.,South Ethiopia Regional State,,,[],"[""chamo"",""crocodile-market"",""hippos""]","{""lat"":5.835358,""lng"":37.568742}",2026-07-27 22:07:25.776912+00,ecotourism
7bcbed40-6495-4be9-aa57-c74b340efdbc,Debre Bizen Historic Connections / Border Monasteries,Historic highland monastic connections near the northern escarpments.,,,,[],"[""monastery"",""historic"",""border""]",,2026-07-27 22:07:25.776912+00,religious
7c15eb70-294d-471e-90eb-bc32d5e1e764,Dire Dawa Taiwan Market,Bustling commercial market district famous for imported goods and electronics.,Dire Dawa,Dire Dawa,,[],"[""taiwan-market"",""dire-dawa"",""imported-goods""]","{""lat"":9.592233,""lng"":41.8674731}",2026-07-27 22:07:25.776912+00,shopping
7cbc0d54-1e40-4fe3-81c9-01fc6d81b29a,Sof Omar Cave Systems (Bat Colonies),Subterranean limestone ecosystem housing massive bat colonies.,Oromia,Sof Omar,,[],"[""bats"",""sof-omar"",""cave-wildlife""]","{""lat"":6.9013463,""lng"":40.8438263}",2026-07-27 22:07:25.776912+00,wildlife
7cc14bb7-fbe0-4ee9-a700-0492dfcb447d,Fasilides Bathing Palace,Historic royal bath complex central to Timkat (Epiphany) celebrations.,Amhara,Gonder,,[],"[""fasilides"",""timkat-heritage"",""gondar""]","{""lat"":12.6174164,""lng"":37.4575171}",2026-07-27 22:07:25.776912+00,ancestry
7cd80dc4-e5d4-47a6-8b1b-cd4b8b4252b9,Best Western Plus Pearl Spa Hub,Contemporary hotel spa center.,,,,[],"[""best-western"",""spa-hub"",""addis""]",,2026-07-27 22:07:25.776912+00,wellness
7cf3597a-13a5-40f2-abad-ed22febf9b77,Lake Besaka Submerged Ghost Villages,Villages and infrastructure flooded by the rapid expansion of Lake Besaka.,,,,[],"[""lake-besaka"",""ghost-villages"",""submerged""]",,2026-07-27 22:07:25.776912+00,dark
7d01281b-5acf-4850-90d2-74d00c1829cc,Simien Mountains (Gelada Baboons & Walia Ibex),Highland habitat home to endemic Gelada baboons and Walia ibex.,Amhara,,,[],"[""gelada-baboon"",""walia-ibex"",""simien""]","{""lat"":13.2458802,""lng"":38.0999456}",2026-07-27 22:07:25.776912+00,wildlife
7d92ca06-8c62-48d7-85cf-d6ffba4d9fe7,Gambella Commercial Rice & Cotton Farms,Large commercial agricultural projects growing rice and cotton.,Gambela,Gambela,,[],"[""gambella"",""rice-farms"",""cotton""]","{""lat"":8.2503656,""lng"":34.5877344}",2026-07-27 22:07:25.776912+00,agritourism
7db7e03a-a831-40a0-8d2f-d4e9b43af733,Awi Agew Cultural Region,Highland cultural area preserving unique Agew heritage and traditions.,,,,[],"[""awi"",""agew"",""injibara""]",,2026-07-27 22:07:25.776912+00,cultural
7de8f2d0-cea7-417d-8616-bf91e2ed6c2b,Kafa Biosphere Reserve (Wild Primates & Forest Birds),Lush rainforest home to colobus monkeys and wild forest birds.,,,,[],"[""primates"",""kafa"",""forest-birds""]",,2026-07-27 22:07:25.776912+00,wildlife
7e1fd6e8-4464-43c1-8789-b0b6d7448f31,Beta Medhane Alem Church,"Largest rock-hewn church in Lalibela, known as the ""House of the Saviour of the World"".",Amhara,Lalibela,642,"[""https://images.unsplash.com/photo-1585208798174-6cedd86e019a?w=800"",""https://images.unsplash.com/photo-1605106901227-991bd663255c?w=800""]","[""Monastery"",""Rock-Hewn"",""UNESCO"",""Lalibela"",""Orthodox""]","{""lat"":12.032,""lng"":39.048}",2025-12-08 05:10:50.501803+00,religious
7e33cae2-4050-4b22-bdad-9bdb255ddd1e,Gurage Zone Wolkite Kitfo Capital Hub,The recognized national capital of authentic Kitfo preparation.,Central Ethiopia Regional State,Welkite,,[],"[""wolkite"",""kitfo-capital"",""gurage""]","{""lat"":8.2925634,""lng"":37.781154}",2026-07-27 22:07:25.776912+00,culinary
7eab8587-b580-4d89-a9c5-b3b0a7d3ef3c,Alamata Agricultural Plain Villages,Farming hamlets spread across the fertile Alamata valley.,Tigray,Alamata,,[],"[""alamata"",""agricultural-plain"",""villages""]","{""lat"":12.4175995,""lng"":39.5603233}",2026-07-27 22:07:25.776912+00,rural
7f03a0a7-5543-4810-af24-c9738cd35f15,Shashemene Rastafarian Handicraft Shops,"Specialty craft shops selling handmade leather goods, drums, and art.",Oromia,,,[],"[""shashemene"",""rastafarian"",""handicrafts""]","{""lat"":8.78333,""lng"":38.71667}",2026-07-27 22:07:25.776912+00,shopping
7f7941de-606d-41f2-9784-a581d6b3a775,Alatish National Park (Lions & African Leopards),"Remote woodland park protecting lions, leopards, and woodland game.",Amhara,,,[],"[""lion"",""leopard"",""alatish""]","{""lat"":12.3230117,""lng"":35.5544937}",2026-07-27 22:07:25.776912+00,wildlife
8009a153-ae22-4577-b206-fd7f5242770c,Melka Wakena Reservoir Boating Point,High-altitude hydro-reservoir boat launch in Bale.,Oromia,,,[],"[""melka-wakena"",""reservoir"",""bale""]","{""lat"":7.1745689,""lng"":39.4298925}",2026-07-27 22:07:25.776912+00,cruise
804aa093-37d1-4ecf-b976-537214dcdbe1,Ankober Palace Cliffside,High escarpment edge looking down into dark Rift Valley basins.,Amhara,Ankober,,[],"[""ankober"",""cliffside"",""high-altitude""]","{""lat"":9.5911547,""lng"":39.7338213}",2026-07-27 22:07:25.776912+00,space
808ac17a-9ec9-46a4-b8bf-91d7a9709b08,Dati Wolel National Park (Waterfowl & Primates),Wetland and forest park supporting dense bird and primate populations.,,,,[],"[""dati-wolel"",""waterfowl"",""primates""]",,2026-07-27 22:07:25.776912+00,wildlife
80f516ce-6570-467e-b52d-b250909d14d8,Mekelle Martyrs Memorial Monument & Museum,Massive monument and museum commemorating struggle casualties in Tigray.,,,,[],"[""mekelle"",""martyrs-memorial"",""monument""]",,2026-07-27 22:07:25.776912+00,dark
810c6f17-ed36-4bc7-bef4-9af0082f5de2,Bete Maryam & Imperial Compound,Historic imperial church and compound in central Addis Ababa.,,,,[],"[""imperial"",""addis"",""palace""]",,2026-07-27 22:07:25.776912+00,cultural
812db92e-8bc5-4ba1-aa6c-1f5a50495e53,Adwa Victory Memorial & Battlefields Museum,Memorial complex documenting the 1896 anti-colonial Battle of Adwa.,,,,[],"[""adwa-victory"",""memorial"",""military-history""]",,2026-07-27 22:07:25.776912+00,dark
814a6aa4-8d5d-4564-ada7-29a0a304f31d,Debre Birhan Urban Center,Cold highland industrial city located northeast of Addis Ababa.,Amhara,Debre Birhan,,[],"[""debre-birhan"",""urban-center"",""industrial-hub""]","{""lat"":9.6283285,""lng"":39.4969562}",2026-07-27 22:07:25.776912+00,urban
81999c9f-98b5-4082-a3ac-8f3a5d8ef41b,Mentewab Palace at Qusquam,Eighteenth-century royal palace complex built for Empress Mentewab.,Amhara,Gonder,,[],"[""qusquam"",""gondar"",""palace""]","{""lat"":12.6226064,""lng"":37.4458824}",2026-07-27 22:07:25.776912+00,cultural
81a9782a-2d3c-46b5-a659-4e1d0203bb3b,Unity Park (Addis Ababa),"A modern urban park located inside the Grand Palace complex, featuring pavilions, gardens, and rich historical exhibits.",Addis Ababa,Addis Ababa,2,"[""https://images.unsplash.com/photo-1477959858617-67f85cf4f1df?w=1200&q=80""]","[""Urban Park"",""Addis Ababa"",""Palace"",""Gardens"",""Museum""]","{""lat"":9.0232,""lng"":38.7635}",2026-07-08 10:14:03.293698+00,city
81e305b4-cce7-4240-8715-89fd09e9cda4,Jijiga War Memorial Site (Ethio-Somali War 1977),Memorial site commemorating soldiers fallen during the 1977 Ogaden War.,Somali,Jijiga,,[],"[""jijiga"",""war-memorial"",""1977-conflict""]","{""lat"":9.3508526,""lng"":42.8003788}",2026-07-27 22:07:25.776912+00,dark
82178d07-6743-4fa2-8a6b-0e502a43bae4,Church of St. George (Biete Ghiorgis),The iconic monolith rock-hewn church carved from red volcanic tuff in the shape of a Greek cross. The most famous symbol of Lalibela.,Amhara,Lalibela,680,"[""https://images.unsplash.com/photo-1547471080-7cc2caa01a7e?q=80&w=1000"",""https://upload.wikimedia.org/wikipedia/commons/thumb/c/c5/Bete_Giyorgis_Lalibela_Ethiopia.jpg/1024px-Bete_Giyorgis_Lalibela_Ethiopia.jpg""]","[""UNESCO"",""Monolith"",""Rock-Hewn"",""Pilgrimage""]","{""lat"":12.0319,""lng"":39.0411}",2026-07-27 21:19:12.232213+00,religious
828adfee-2dac-4c07-bd30-e0f392ea439c,Aira Rainforest Sanctuary,Protected rainforest sanctuary located in western Wollega.,,,,[],"[""aira"",""rainforest"",""wollega""]",,2026-07-27 22:07:25.776912+00,ecotourism
82aba8b1-2db2-4e2d-a571-714d5afee55b,Simien Mountains Ecology Center,Educational center providing scientific guidance on highland park ecology.,Amhara,,,[],"[""simien-mountains"",""debark"",""ecology-center""]","{""lat"":13.2458802,""lng"":38.0999456}",2026-07-27 22:07:25.776912+00,educational
82eae310-3d7c-49aa-83fb-28d265edc902,Avanti Blue Nile Hotel Business Hub,Business conference facilities along Lake Tana.,Amhara,Bahir Dar Special Zone,,[],"[""avanti"",""blue-nile"",""bahir-dar""]","{""lat"":11.6030239,""lng"":37.3797987}",2026-07-27 22:07:25.776912+00,business
833154f4-0f60-41b7-b495-50c9d226cb8c,Yeha Temple of the Moon,Great stone temple marking the ancient Pre-Axumite Dmt kingdom.,Tigray,Yeha,,[],"[""yeha"",""pre-axumite"",""sabaean""]","{""lat"":14.2859622,""lng"":39.0179108}",2026-07-27 22:07:25.776912+00,ancestry
83381113-88e0-4b99-a696-5429844cbeca,Addis Ababa Railway Station Square (Lagahar),Flat concrete public square accessible for walking and mobility devices.,,,,[],"[""railway-station"",""paved-square"",""lagahar""]",,2026-07-27 22:07:25.776912+00,accessible
835093ea-45b9-4aa7-b2db-64933e21749b,Dallol Hydrothermal Geological Laboratory,World-renowned natural geological research laboratory for extreme environments.,Afar,,,[],"[""dallol"",""geology"",""extremophiles""]","{""lat"":14.2424728,""lng"":40.2996919}",2026-07-27 22:07:25.776912+00,educational
835a62a6-07f4-49ca-a561-9e50de625daa,Bishoftu Kuriftu Waterpark Boardwalks,Paved boardwalks providing step-free access across waterpark attractions.,Oromia,Bishoftu,,[],"[""waterpark"",""boardwalks"",""kuriftu""]","{""lat"":8.7789777,""lng"":39.0004021}",2026-07-27 22:07:25.776912+00,accessible
8364c9d2-7a3b-40e7-84fa-58272fe4d30e,Sapphire Addis Hotel Public Concourse,Modern step-free hotel entrance and elevators.,Addis Ababa,Bole,,[],"[""sapphire-addis"",""concourse"",""elevators""]","{""lat"":9.0002179,""lng"":38.7833921}",2026-07-27 22:07:25.776912+00,accessible
83950463-0db0-4149-941a-e8b61955fd62,Jijiga Mountain Escarpment Viewpoints,High mountain escarpments offering unobstructed horizon viewing.,Somali,Jijiga,,[],"[""jijiga"",""escarpment"",""stargazing""]","{""lat"":9.3508526,""lng"":42.8003788}",2026-07-27 22:07:25.776912+00,space
83c5e55d-dfd5-4c0e-a896-38a9558ce548,Ankober Ridge Public Viewpoints,Free cliffside viewpoints over the Great Rift Valley.,Amhara,Ankober,,[],"[""ankober"",""public-viewpoints"",""escarpment""]","{""lat"":9.5911547,""lng"":39.7338213}",2026-07-27 22:07:25.776912+00,budget
83e79b66-f2d6-4aef-bc7b-78f8090042da,Lake Abbe Desolate Salt Chimneys & Ghost Town,Eerie desert landscape featuring decaying geothermal chimneys.,Afar,,,[],"[""lake-abbe"",""desolate"",""salt-chimneys""]","{""lat"":11.1711957,""lng"":41.7873451}",2026-07-27 22:07:25.776912+00,dark
83faa7a2-d590-4250-ac24-c7ba27b7abe1,Yirgacheffe Coffee Cooperatives & Farms,Famous high-altitude smallholder coffee farms offering origin tours.,South Ethiopia Regional State,Yirga Cheffe,,[],"[""yirgacheffe"",""coffee-coops"",""gedeo""]","{""lat"":6.1529383,""lng"":38.2023167}",2026-07-27 22:07:25.776912+00,agritourism
8451ed49-dc4f-45f1-b76d-89bc6b96ac98,CURE International Orthopedic Hospital,Specialized pediatric and adult orthopedic surgical hospital.,Addis Ababa,Lideta,,[],"[""orthopedic"",""cure"",""pediatric""]","{""lat"":9.0195322,""lng"":38.748111}",2026-07-27 22:07:25.776912+00,medical
845fbe3e-83ff-40d7-9095-34b3478634ed,Yirgalem Hot Springs Sanctuary,Secluded hot springs surrounded by natural vegetation.,Sidama,Irgalem,,[],"[""thermal"",""yirgalem"",""sidama""]","{""lat"":6.7473747,""lng"":38.40767}",2026-07-27 22:07:25.776912+00,medical
84cfd8ed-473b-42b3-9f1a-f106be9b0b5b,Lower Omo Valley Hamer Cultural Villages,Traditional indigenous villages known for cultural heritage and bull-jumping rituals.,,,,[],"[""hamer"",""tribal"",""south-omo""]",,2026-07-27 22:07:25.776912+00,cultural
85a9f32b-890f-42a4-8fdf-6cf0b36f4d86,Mikael Imba Monastery,"Historic monastery in Tigray, known for its architectural beauty and religious significance.",Tigray,Tigray,900,"[""https://images.unsplash.com/photo-1585208798174-6cedd86e019a?w=800"",""https://images.unsplash.com/photo-1605106901227-991bd663255c?w=800""]","[""Monastery"",""Tigray"",""Historic"",""Orthodox""]","{""lat"":14.15,""lng"":39.2}",2025-12-08 05:10:50.501803+00,religious
85d2b02d-2abc-4042-9899-c30686233d5a,Chelba Tutiti Stelae Site,Massive archaeological site featuring hundreds of standing carved stones.,South Ethiopia Regional State,Yirga Cheffe,,[],"[""stelae"",""yirgacheffe"",""gedeo""]","{""lat"":6.1529383,""lng"":38.2023167}",2026-07-27 22:07:25.776912+00,cultural
85db4b7d-bd91-4392-95ed-cc625f8e610e,Haile Gebrselassie High-Altitude Training Center,High-altitude distance running camp in the Arsi highlands.,Oromia,Asella,,[],"[""haile-gebrselassie"",""asella"",""training-center""]","{""lat"":7.95,""lng"":39.13333}",2026-07-27 22:07:25.776912+00,sports
867907b1-ded6-4dcd-9f3a-8d8b5246cc54,Injibara Crater Lake Viewpoint,Free roadside viewpoint overlooking lush volcanic crater lakes.,Amhara,Injibara,,[],"[""injibara"",""crater-lake"",""viewpoint""]","{""lat"":10.9592268,""lng"":36.9340697}",2026-07-27 22:07:25.776912+00,budget
86bfa076-8fe0-4906-9393-c7b532ed92bb,Adama Science & Technology University Labs,National university research center specialized in engineering and technology.,,,,[],"[""astu"",""technology-labs"",""engineering""]",,2026-07-27 22:07:25.776912+00,educational
86da00d3-4067-4eea-93a6-c63358a077d8,Gondar Royal Enclosure (Fasil Ghebbi),17th-century stone royal fortress representing medieval Ethiopian monarchy.,Amhara,Gonder,,[],"[""fasil-ghebbi"",""gondar"",""imperial-castles""]","{""lat"":12.6082643,""lng"":37.4698895}",2026-07-27 22:07:25.776912+00,ancestry
870dbcdd-f0e1-4ca5-b549-02e9b9430349,Entoto Kuriftu Resort & Spa Chalets,Luxury mountain park chalets featuring private spa access above Addis Ababa.,,,,[],"[""entoto-kuriftu"",""mountain-chalets"",""luxury""]",,2026-07-27 22:07:25.776912+00,luxury
8717e5d4-d053-438e-ab34-4f076e27b61f,Gidabo Reservoir Boating Pier,New reservoir pier providing boating access in Sidama.,,,,[],"[""gidabo"",""reservoir"",""boating-pier""]",,2026-07-27 22:07:25.776912+00,cruise
875b32ea-050c-4fd2-b883-749a03f6646d,Konso Walled Settlements,UNESCO-listed centuries-old drystone terraced hill settlements.,South Ethiopia Regional State,,,[],"[""konso"",""walled-settlements"",""ancestral-terracing""]","{""lat"":5.25,""lng"":37.5}",2026-07-27 22:07:25.776912+00,ancestry
877c1012-20c9-411c-80c3-34e069c5fc40,Yabello Town Ridge Hike,Free hillside ridge hike overlooking Yabello town.,Oromia,Yabēlo,,[],"[""yabello"",""town-ridge"",""free-hike""]","{""lat"":4.8888074,""lng"":38.109828}",2026-07-27 22:07:25.776912+00,budget
87a9de05-f18c-484d-919b-5e43a6013d18,Gambella Wildlife Protection Volunteer Base,Remote conservation outposts monitoring mammal migrations and river habitats.,Gambela,Gambela,,[],"[""gambella"",""wildlife-protection"",""volunteer""]","{""lat"":8.2503656,""lng"":34.5877344}",2026-07-27 22:07:25.776912+00,voluntourism
87f36375-f6b3-4789-b379-de10e85bdc11,Maze National Park Valley,Conservation area featuring riverine forests and savannah plains.,South Ethiopia Regional State,,,[],"[""maze"",""national-park"",""valley""]","{""lat"":6.4105535,""lng"":37.2124317}",2026-07-27 22:07:25.776912+00,ecotourism
87f84f43-33a6-42f8-8896-c33235bd2bb1,Choke Mountain Summit Stargazing Platform,High-altitude mountain peak offering 360-degree night sky horizons.,Amhara,,,[],"[""choke-mountain"",""stargazing"",""alpine-platform""]","{""lat"":10.7117887,""lng"":37.8435035}",2026-07-27 22:07:25.776912+00,space
8809f9f2-116f-4013-86a8-2c5a18175bda,Surma/Suri Cattle Encampments,Remote rural cattle camps in the Bench Maji zone.,,,,[],"[""suri"",""kibish"",""cattle-camp""]",,2026-07-27 22:07:25.776912+00,rural
88219826-9557-4b37-8021-366ff09d0fd2,Debre Tabor Monasteries,Cluster of historic hill monasteries in South Gondar.,Amhara,Debre Tabor,,[],"[""debre-tabor"",""monasteries"",""gondar""]","{""lat"":11.856591,""lng"":38.008309}",2026-07-27 22:07:25.776912+00,religious
8852aefd-6716-4705-ade6-d70e40db9973,African Union Conference Center Concourse,International facility built to modern universal accessibility standards.,,,,[],"[""au-conference-center"",""accessible-concourse"",""elevators""]",,2026-07-27 22:07:25.776912+00,accessible
885649e0-596c-4fc0-b81d-778d432372f5,Kiyaro Yoga & Forest Retreat,Rainforest retreat dedicated to yoga and nature immersion.,,,,[],"[""kiyaro"",""yoga-retreat"",""kafa""]",,2026-07-27 22:07:25.776912+00,wellness
886f3a62-4647-40b8-b451-0bb914393cfa,Koka Dragonfruit & Exotic Fruit Farms,Commercial agricultural project introducing dragonfruit and papaya.,Oromia,Sire Robe,,[],"[""koka"",""dragonfruit"",""exotic-fruit""]","{""lat"":8.3911374,""lng"":39.0860496}",2026-07-27 22:07:25.776912+00,agritourism
8875723d-4573-45bf-9874-0ae1210d22f1,Lake Ziway Resort Wellness Grounds,Relaxing lakeside resort grounds surrounded by acacias.,,,,[],"[""lake-ziway"",""wellness-grounds"",""resort""]",,2026-07-27 22:07:25.776912+00,wellness
88793f58-7a9c-4b9f-bbcc-9be429c79782,Inter Luxury Hotel Presidential Suites,Top-floor luxury suites catering to international diplomats and executives.,Addis Ababa,Bole,,[],"[""inter-luxury"",""presidential-suites"",""addis""]","{""lat"":9.0060961,""lng"":38.8111966}",2026-07-27 22:07:25.776912+00,luxury
892cbc79-6390-42d1-bd71-2ed79b378d1a,Woldiya Central Market,Highland market center trading regional goods and agricultural products.,,,,[],"[""woldiya"",""central-market"",""north-wollo""]",,2026-07-27 22:07:25.776912+00,shopping
8956ca30-716e-4923-b7aa-61fd70fa671d,Dallol Hydrothermal Sulfur Fields,Vibrant sulfur and salt hydrothermal deposits in the Danakil Depression.,,,,[],"[""hydrothermal"",""danakil"",""extreme""]",,2026-07-27 22:07:25.776912+00,adventure
89ab6e9f-04fe-477b-95d7-c7c1c0e41884,Upper Awash Agro-Industry Citrus Orchards,"Extensive commercial fruit orchards producing oranges, mandarins, and grapes.",,,,[],"[""upper-awash"",""citrus-orchards"",""elaborate""]",,2026-07-27 22:07:25.776912+00,agritourism
89af16e0-ae04-431a-a31c-9b4ee6f2d7ec,Addis Ketema & Mercato Commercial District,Intense high-density urban commercial center surrounding Africa largest open-air market.,Addis Ababa,Addis Ketema,,[],"[""addis-ketema"",""mercato"",""urban-market""]","{""lat"":9.0367127,""lng"":38.7275668}",2026-07-27 22:07:25.776912+00,urban
89b0fb74-c0f0-4cbc-8eab-43ca95b5268c,Hossaena City Hub,Main commercial urban center of the Hadiya zone.,,,,[],"[""hossaena"",""city-hub"",""hadiya""]",,2026-07-27 22:07:25.776912+00,urban
89e57cc5-f90c-4f0f-b936-779e5472277b,Debre Markos Athletic Training Hub,Regional training ground for distance runners in Gojjam.,Amhara,Debre Markos,,[],"[""debre-markos"",""athletics"",""gojjam""]","{""lat"":10.3358665,""lng"":37.7285604}",2026-07-27 22:07:25.776912+00,sports
8a2c9876-3d1d-4329-80cc-19e3e34cf107,Menz Guassa Community Lodge VIP Cabin,High-end rustic VIP cabin set in isolated alpine wilderness.,Amhara,,,[],"[""guassa"",""vip-cabin"",""eco-luxury""]","{""lat"":10.3511111,""lng"":39.7959722}",2026-07-27 22:07:25.776912+00,luxury
8ab6c3ad-4cc0-46b9-8163-aca350724db1,Lewi Resort Lake Promenade,Paved lakeside walkway running along the resort edge.,,,,[],"[""lewi-resort"",""lake-promenade"",""hawassa""]",,2026-07-27 22:07:25.776912+00,accessible
8ae1271e-a65b-4684-ab42-c626ce27cfbd,Guzara Castle Abandoned Ruins,Haunting ruined stone castle standing on a isolated hill.,Amhara,Enferaz,,[],"[""guzara-castle"",""abandoned-ruins"",""infraz""]","{""lat"":12.2344189,""lng"":37.6350175}",2026-07-27 22:07:25.776912+00,dark
8bb0a047-c759-415a-b29f-a7cb180ca0fc,Dire Dawa International Exhibition Center,Regional trade center and exhibition hall in Dire Dawa.,Dire Dawa,Dire Dawa,,[],"[""dire-dawa"",""exhibition-center"",""trade""]","{""lat"":9.5913368,""lng"":41.8566126}",2026-07-27 22:07:25.776912+00,business
8c041c42-bd22-46fb-a143-4d702d20b9a6,Abba Garima Monastery,"Monastery near Adwa, famed for the Abba Garima Gospels (among the world’s oldest illuminated manuscripts).",Tigray,Adwa,1000,"[""https://images.unsplash.com/photo-1585208798174-6cedd86e019a?w=800"",""https://images.unsplash.com/photo-1605106901227-991bd663255c?w=800""]","[""Monastery"",""Manuscripts"",""Historic"",""Orthodox""]","{""lat"":14.12,""lng"":39.29}",2025-12-08 02:04:50.339394+00,religious
8cd7d29e-ca5c-4c5d-9547-58b4d24745ff,Harenna Forest Canopy (Bale Monkeys & Black-and-White Colobus),Cloud forest canopy harboring the rare endemic Bale monkey.,,,,[],"[""bale-monkey"",""colobus"",""harenna""]",,2026-07-27 22:07:25.776912+00,wildlife
8d30a35e-22e9-47a3-aea6-d724a3f1238c,Lame Dera / Ethiopian IT Park Business Centers,Technology park facility offering modern corporate conference spaces.,Addis Ababa,Bole,,[],"[""it-park"",""business-center"",""tech""]","{""lat"":8.9934018,""lng"":38.7941228}",2026-07-27 22:07:25.776912+00,business
8db4ea13-f1d7-49db-b9f2-fa182aeda975,Gore Rainforest Reserve (Slightly-spotted Primates),Pristine rainforest supporting diverse primate populations.,Oromia,Gore,,[],"[""gore"",""primates"",""rainforest""]","{""lat"":8.1525979,""lng"":35.5371154}",2026-07-27 22:07:25.776912+00,wildlife
8dcb4a89-1e11-477e-adfc-cba608eccc66,Lake Ziway Island Public Dock,Low-cost dock access for local ferry rides across Ziway.,,,,[],"[""lake-ziway"",""public-dock"",""low-cost""]",,2026-07-27 22:07:25.776912+00,budget
8dd89383-1d93-4358-9f05-75d34b5e5adc,Erta Ale Active Volcano & Lava Lake,Active basaltic shield volcano in Afar featuring a persistent lava lake.,Afar,,,[],"[""volcano"",""hiking"",""danakil""]","{""lat"":13.2972405,""lng"":40.7809115}",2026-07-27 22:07:25.776912+00,adventure
8e21efbe-8fce-4e5c-bfef-f2c6dcf62b24,Washa Mikael Rock-Hewn Church,4th-century semi-monolithic church in Addis Ababa; one of Ethiopia's oldest rock-hewn churches.,Addis Ababa,Addis Ababa,8,"[""https://images.unsplash.com/photo-1609137144813-7d9921338f24?w=1200&q=80"",""https://images.unsplash.com/photo-1585208798174-6cedd86e019a?w=1200&q=80""]","[""Monastery"",""Rock-Hewn"",""Historic"",""Orthodox"",""Ancient""]","{""lat"":9.01,""lng"":38.75}",2025-12-08 05:10:50.501803+00,religious
8e2ad15c-42ba-4c98-b014-1acd387e8d68,Debre Birhan Raw Meat & Injera Outlets,Highland stopover town famous for high-quality mutton and beef butcheries.,Amhara,Debre Birhan,,[],"[""debre-birhan"",""raw-meat"",""mutton""]","{""lat"":9.6752117,""lng"":39.5324899}",2026-07-27 22:07:25.776912+00,culinary
8e2d27ee-d1df-42eb-85d6-fd8b214bd966,Kafa Coffee Forests,The ancestral geographic birthplace of wild Arabica coffee.,,,,[],"[""kafa"",""coffee-origin"",""botanical-heritage""]",,2026-07-27 22:07:25.776912+00,ancestry
8e43f02f-24a3-47a8-ae88-2cae06889f34,Babile Elephant Sanctuary (Somali Elephants),Dry-land sanctuary protecting the native Somali elephant subspecies.,,,,[],"[""babile"",""somali-elephant"",""sanctuary""]",,2026-07-27 22:07:25.776912+00,wildlife
8e909beb-aa25-4342-881d-1faf0cd3cb30,Halala Kella Lodge Executive Retreat Center,High-level executive retreat center overlooking Koysha Lake.,,,,[],"[""halala-kella"",""executive-retreat"",""koysha""]",,2026-07-27 22:07:25.776912+00,business
8eb7ca14-baca-476a-a5c5-1e9f1efe708c,Yabello Desert Night Sky Observation Outpost,Arid southern desert outpost providing exceptionally clear night skies.,Oromia,Yabēlo,,[],"[""yabello"",""desert-sky"",""astronomy""]","{""lat"":4.8888074,""lng"":38.109828}",2026-07-27 22:07:25.776912+00,space
8f0ed152-8290-4805-98e9-e7cded62f931,Haile Resort Spa & Lakefront Retreat,High-altitude wellness resort overlooking Nechisar National Park.,,,,[],"[""haile-resort"",""arba-minch"",""lakefront-retreat""]",,2026-07-27 22:07:25.776912+00,wellness
8f15be20-81cc-41c0-8560-0edcd02889d6,Dassanech Tribal Villages,Pastoralist tribal settlements located along the banks of the Omo River.,South Ethiopia Regional State,Omorate,,[],"[""dassanech"",""omorate"",""turkana""]","{""lat"":4.8032381,""lng"":36.0504375}",2026-07-27 22:07:25.776912+00,cultural
8f1e59ff-3f5d-4f0c-8872-ddd7ec9d468e,Kazanchis Commercial & Financial District,High-density urban district housing international hotels and corporate headquarters.,Addis Ababa,Kirkos,,[],"[""kazanchis"",""financial-district"",""downtown""]","{""lat"":9.0159277,""lng"":38.7712221}",2026-07-27 22:07:25.776912+00,urban
8f41c1ee-880f-4605-948d-d7151f570088,Konso Craft Villages & Woodcarving Outlets,Village artisan shops selling traditional wooden grave markers (Waga) and carvings.,South Ethiopia Regional State,,,[],"[""konso"",""woodcarving"",""waga""]","{""lat"":5.25,""lng"":37.5}",2026-07-27 22:07:25.776912+00,shopping
8f65d342-d22a-4b44-95b2-b38f63f74553,Lake Babogaya Eco-Circuit,Peaceful volcanic crater lake encircled by eco-lodges and nature trails.,Oromia,Bishoftu,,[],"[""babogaya"",""eco-circuit"",""crater-lake""]","{""lat"":8.7873711,""lng"":38.9931534}",2026-07-27 22:07:25.776912+00,ecotourism
8f8c7971-f9fa-4e30-bd73-2cfdde6d4cd6,Alem Bekagn Historical Prison Compound,Former notorious imperial and Derg prison site (meaning Farewell to the World).,,,,[],"[""alem-bekagn"",""prison-compound"",""historic-dark""]",,2026-07-27 22:07:25.776912+00,dark
9063a991-68a8-4abb-aa58-84e371147fbf,"Lake Tana Island Monasteries (Ura Kidane Mehret, etc.)",Medieval island monasteries containing preserved religious murals and relics.,Amhara,,,[],"[""lake-tana"",""monasteries"",""island""]","{""lat"":11.9507719,""lng"":37.294878}",2026-07-27 22:07:25.776912+00,religious
909e4cf2-c7ff-4ab4-85b1-dbcdc3aaefe4,Bonga Forest High-Altitude Canopy Stargazing,High-altitude clearing within protected rainforest offering dark sky views.,South West Ethiopia Peoples,Bonga,,[],"[""bonga"",""canopy-stargazing"",""forest-sky""]","{""lat"":7.2645383,""lng"":36.2460526}",2026-07-27 22:07:25.776912+00,space
90ae9c67-5eb1-49f9-9eed-2335fe70afa3,Adama Science & Technology University Sports Complex,Modern university athletic tracks and sports halls.,Oromia,Adama,,[],"[""adama"",""sports-complex"",""university""]","{""lat"":8.5633204,""lng"":39.2903721}",2026-07-27 22:07:25.776912+00,sports
91086c98-7678-44f3-975b-c91441850ea6,Wonchi-Dendi Twin Crater Lakes,Proximity crater lakes showcasing volcanic geology and mountain hiking.,Oromia,Dendi,,[],"[""wonchi"",""dendi"",""crater-lakes""]","{""lat"":8.9347933,""lng"":38.1236741}",2026-07-27 22:07:25.776912+00,ecotourism
912c9319-94d0-4491-a362-a1aa2b995122,Bale Harenna Downhill Mountain Biking Trail,Technical downhill mountain biking trail descending through cloud forest.,Oromia,,,[],"[""bale"",""harenna"",""downhill-biking""]","{""lat"":6.7584724,""lng"":39.7218796}",2026-07-27 22:07:25.776912+00,sports
913a500a-f3f6-4bf3-9ef1-8ea1d0487905,Black Lion (Tikur Anbessa) Historic Memorials,Historic site honoring patriots who resisted Fascist occupation.,Addis Ababa,Addis Ababa,,[],"[""tikur-anbessa"",""anti-fascist-resistance"",""memorial""]","{""lat"":9.0225621,""lng"":38.7527167}",2026-07-27 22:07:25.776912+00,ancestry
914678a4-c6d8-4245-800d-fcdcd29726e9,Debre Libanos Monastery Community School Base,Monastery-affiliated volunteer center providing education to local youth.,Oromia,Debre Libanos,,[],"[""debre-libanos"",""community-school"",""volunteer""]","{""lat"":9.7295697,""lng"":38.8167682}",2026-07-27 22:07:25.776912+00,voluntourism
91544c3a-921b-40f3-9431-6e2c8601790e,Bahir Dar International Stadium,Large FIFA-standard sports stadium located near Lake Tana.,Amhara,Bahir Dar,,[],"[""bahir-dar"",""international-stadium"",""football""]","{""lat"":11.6039786,""lng"":37.3212006}",2026-07-27 22:07:25.776912+00,sports
917a1935-f63a-42c6-b62b-6562fba03986,Entoto Raguel Church & Palace Complex,19th-century church built by Emperor Menelik II on Mount Entoto.,Addis Ababa,Addis Ketema,,[],"[""raguel"",""entoto"",""historic""]","{""lat"":9.0321724,""lng"":38.7398953}",2026-07-27 22:07:25.776912+00,religious
91b4d2c6-1baf-43f4-b20f-236de77fb168,Entoto Forest Reforestation Outposts,Community forest conservation outposts dedicated to indigenous tree planting.,,,,[],"[""entoto"",""reforestation"",""volunteer""]",,2026-07-27 22:07:25.776912+00,voluntourism
91dbff24-9719-448d-8429-56a2d907f9cf,Gishen Debre Kerbe,Cruciform mountain holding medieval manuscripts and religious relics.,Amhara,,,[],"[""gishen"",""true-cross-relic"",""pilgrimage-heritage""]","{""lat"":11.5245732,""lng"":39.3529106}",2026-07-27 22:07:25.776912+00,ancestry
91f5ec03-87e1-493a-adc9-d5432193b182,Mount Kundudo Plateau,Isolated high-altitude plateau ideal for astronomical photography.,,,,[],"[""kundudo"",""stargazing"",""high-altitude""]",,2026-07-27 22:07:25.776912+00,space
920e5e85-d676-427b-be80-421953474914,Melka Kunture Ancient Fossil Sites,Archaeological site displaying prehistoric butchery and early hominin sites.,Oromia,Melka Awash,,[],"[""melka-kunture"",""fossils"",""prehistoric""]","{""lat"":8.705032,""lng"":38.5996486}",2026-07-27 22:07:25.776912+00,dark
927ecbc5-df2d-490f-9084-5a55d905d06e,Hawassa Lakefront Fresh Tilapia Fish Market Dining,Lakeside open-air dining serving freshly caught fried tilapia and fish soup.,Sidama,Hawassa,,[],"[""hawassa"",""fresh-fish"",""tilapia""]","{""lat"":7.0481029,""lng"":38.47861}",2026-07-27 22:07:25.776912+00,culinary
92b7858d-63ae-40c4-8b8b-d7f22c2eed15,Konso Cultural Landscape & Terraces,UNESCO-listed walled hilltop settlements with stone terracing.,South Ethiopia Regional State,,,[],"[""konso"",""unesco"",""terraces""]","{""lat"":5.25,""lng"":37.5}",2026-07-27 22:07:25.776912+00,cultural
92c55696-bd94-407e-9d30-b3f7480ba4e1,Bahir Dar Lakefront Fish Cutlet & Agelgil Outlets,Lakeside restaurants specializing in Lake Tana fish and traditional Agelgil baskets.,Amhara,Bahir Dar Special Zone,,[],"[""bahir-dar"",""fish-cutlet"",""agelgil""]","{""lat"":11.5949663,""lng"":37.3882251}",2026-07-27 22:07:25.776912+00,culinary
93622d43-1d35-4375-8ae9-a7870a3234dc,Jimma University Coffee Research Center,Premier university center researching coffee breeding and disease resistance.,Oromia,Jimma,,[],"[""jimma-university"",""coffee-research"",""agriculture""]","{""lat"":7.6792877,""lng"":36.8533248}",2026-07-27 22:07:25.776912+00,educational
9368a510-3ea4-41ab-a507-3bcb9402a37f,Yabello Wildlife Sanctuary Eco-Zone,Protected dry savannah environment home to endemic bird species.,Oromia,Yabēlo,,[],"[""yabello"",""sanctuary"",""borena""]","{""lat"":4.8888074,""lng"":38.109828}",2026-07-27 22:07:25.776912+00,ecotourism
938d92ee-aa43-43e7-bb0e-13e642a5b5fd,Jijiga Camel Milk & Somali Culinary Outlets,"Restaurants serving fresh camel milk, Somali goat roast, and flatbreads.",Somali,Jijiga,,[],"[""jijiga"",""camel-milk"",""somali-cuisine""]","{""lat"":9.3508526,""lng"":42.8003788}",2026-07-27 22:07:25.776912+00,culinary
93b305b7-2ee4-449c-a9f8-5dc363c705d9,Tiya Megalithic Site,UNESCO site containing carved burial markers of an ancient unidentified African culture.,Oromia,Tiya,,[],"[""tiya"",""burial-culture"",""megaliths""]","{""lat"":8.437331,""lng"":38.609296}",2026-07-27 22:07:25.776912+00,ancestry
93d40feb-ce2a-42b8-a1fa-176bd74f9488,Silte Agricultural Communities,Farming hamlets known for grain production and community markets.,,,,[],"[""silte"",""worabe"",""agriculture""]",,2026-07-27 22:07:25.776912+00,rural
93fde9e1-4b9b-4a3e-82e5-a186153ee5d0,Gheralta Rock-Hewn Monastery Complex,Collection of mountain cliffside rock-hewn churches.,Tigray,Halah Gheralta,,[],"[""rock-churches"",""gheralta"",""tigray""]","{""lat"":13.7478418,""lng"":39.2536119}",2026-07-27 22:07:25.776912+00,religious
9476315f-86bd-4c97-aaf7-def273a2daaa,Entoto Park Complex,Comprehensive mountain eco-park overlooking the capital cityscape.,,,,[],"[""entoto-park"",""mountain-park"",""urban-retreat""]",,2026-07-27 22:07:25.776912+00,urban
94812cd7-959b-4b3b-8045-77417362aa2b,Yeka Mikael Historic Unfinished Complex,Mysterious medieval rock-hewn monolithic church carving.,,,,[],"[""yeka-mikael"",""unfinished-monolith"",""ancient-carving""]",,2026-07-27 22:07:25.776912+00,ancestry
94869432-e851-4cea-b7db-939fa7be65b6,Kulubi Gabriel Church,Massive pilgrimage church site attracting hundreds of thousands biannually.,,,,[],"[""kulubi-gabriel"",""pilgrimage"",""hararghe""]",,2026-07-27 22:07:25.776912+00,religious
94b1a91f-4cc4-43dd-8a87-c620e203e29d,Elilly International Hotel MICE Suites,Conference rooms located in the Kazanchis business hub.,Addis Ababa,Kirkos,,[],"[""elilly"",""mice"",""kazanchis""]","{""lat"":9.0142532,""lng"":38.7688899}",2026-07-27 22:07:25.776912+00,business
94bf4182-8b92-486d-bdec-be8e046e2204,Holy Trinity Cathedral Grounds,Paved flat courtyard allowing easy mobility around the cathedral exterior.,Addis Ababa,Addis Ababa,,[],"[""holy-trinity"",""paved-courtyard"",""accessible""]","{""lat"":9.0308012,""lng"":38.7664911}",2026-07-27 22:07:25.776912+00,accessible
94d12a41-7f0c-4a7b-a886-29f692d429e0,Turmi Hamer Bull Jumping Ceremony,Action cultural photography documenting traditional rite-of-passage rituals.,South Ethiopia Regional State,Turmi,,[],"[""turmi"",""bull-jumping"",""cultural-photography""]","{""lat"":4.96835,""lng"":36.487794}",2026-07-27 22:07:25.776912+00,photography
94d5c37d-fa37-40a2-ab31-54ebcb67a3c5,Tut Fela Megalithic Site,Dense concentration of phallic and anthropomorphic carved stone stelae.,,,,[],"[""tut-fela"",""stelae"",""gedeo""]",,2026-07-27 22:07:25.776912+00,cultural
94f57ddf-1897-4e4e-8c52-8b3a9c13bccf,Hadiya Traditional Homesteads,Rural homestead compounds in the Hadiya zone.,,,,[],"[""hadiya"",""hossaena"",""homesteads""]",,2026-07-27 22:07:25.776912+00,rural
9500da88-001f-43f0-878b-5e3a2daee625,Debre Damo Mountain Plateau,Isolated flat mountain top providing clear atmospheric conditions.,Tigray,Debre Damo Debir,,[],"[""debre-damo"",""flat-plateau"",""night-sky""]","{""lat"":14.373127,""lng"":39.2893444}",2026-07-27 22:07:25.776912+00,space
9542fac3-8a72-4cd2-8698-4d022b301034,Borena Pastoralist Villages,Semi-arid rural settlements centered around traditional livestock care.,Oromia,Yabēlo,,[],"[""borena"",""pastoralist"",""yabello""]","{""lat"":4.8888074,""lng"":38.109828}",2026-07-27 22:07:25.776912+00,rural
9554eb6d-d648-47d0-b756-4988f68aed35,Sor Waterfall Forest Reserve,Dense forest reserve surrounding the Sor River plunge waterfall.,Oromia,,,[],"[""sor-waterfall"",""forest-reserve"",""illubabor""]","{""lat"":8.41667,""lng"":35.75}",2026-07-27 22:07:25.776912+00,ecotourism
955a9a28-7c28-451f-85ca-c0226728fa0a,Bishoftu Lake Babogaya Flat Garden Resorts,Lakefront resort gardens featuring level lawn paths.,Oromia,Bishoftu,,[],"[""babogaya"",""flat-gardens"",""resorts""]","{""lat"":8.7873711,""lng"":38.9931534}",2026-07-27 22:07:25.776912+00,accessible
955e6d60-f49f-4c8d-b957-20f01cb2a2ef,Mago National Park (Buffaloes & Giraffes),"Wilderness park home to African buffalo, giraffes, and plains game.",South Ethiopia Regional State,,,[],"[""mago"",""buffalo"",""savannah""]","{""lat"":5.6321485,""lng"":36.2621523}",2026-07-27 22:07:25.776912+00,wildlife
957352d9-93b3-4283-90bc-59f6054d806f,Ethiopian Airlines Aviation University Auditorium,Large modern auditorium facility near Bole Airport.,Addis Ababa,Bole,,[],"[""ethiopian-airlines"",""auditorium"",""aviation""]","{""lat"":8.9794625,""lng"":38.7833267}",2026-07-27 22:07:25.776912+00,business
95869035-afc3-4181-84fc-199ca30e1a83,Semera Modern Planned Capital City,Modern purpose-built capital city of the Afar Region.,Afar,Semera,,[],"[""semera"",""planned-city"",""afar-capital""]","{""lat"":11.7923098,""lng"":41.0089155}",2026-07-27 22:07:25.776912+00,urban
95fec16c-2089-4eb1-bb40-3d7910f36919,Lake Abaya Red Lake Boat Excursions,Boating excursions across the red oxide waters of Lake Abaya.,,,,[],"[""lake-abaya"",""boat-excursions"",""red-lake""]",,2026-07-27 22:07:25.776912+00,cruise
963f586a-6bc8-40de-b5eb-ecf0d6abde0f,Mount Guna Ridge Expedition,Ridge trekking across Mount Guna in South Gondar.,Amhara,Gonder,,[],"[""mountain"",""gondar"",""trekking""]","{""lat"":12.610368,""lng"":37.466766}",2026-07-27 22:07:25.776912+00,adventure
96749ad5-3ee7-40f8-9a62-f025b2fce475,Ari Cultural Village & Pottery Centers,Agricultural community known for traditional pottery and painted homes.,South Ethiopia Regional State,Jinka,,[],"[""ari"",""pottery"",""jinka""]","{""lat"":5.7895896,""lng"":36.5681704}",2026-07-27 22:07:25.776912+00,cultural
96829d8e-cb24-413f-8c3a-7da7ce58d8ef,Medhane Alem Cathedral,Large modern Orthodox cathedral in the Bole district of Addis Ababa.,Addis Ababa,Bole,,[],"[""cathedral"",""bole"",""orthodox""]","{""lat"":8.9485552,""lng"":38.7959826}",2026-07-27 22:07:25.776912+00,religious
9686b9ba-499c-4897-8c78-61af60f16d85,Moyale Border Town Public Circuit,Walkable border town public circuit.,Oromia,Moyale,,[],"[""moyale"",""border-town"",""public-walk""]","{""lat"":3.5241898,""lng"":39.0512683}",2026-07-27 22:07:25.776912+00,budget
96c55b56-44f3-4324-b389-ea53f6b35bc8,Gojjam Traditional Agrarian Homesteads,Classic rural farming compounds reflecting traditional Amhara agriculture.,,,,[],"[""gojjam"",""agrarian"",""homestead""]",,2026-07-27 22:07:25.776912+00,cultural
96cec641-2b83-4c42-b491-76f45a934edf,Debre Libanos Monastery & Cave of Tekle Haymanot,Major 13th-century monastery complex and sacred cave.,Oromia,Debre Libanos,,[],"[""monastery"",""debre-libanos"",""cave""]","{""lat"":9.7120303,""lng"":38.8475576}",2026-07-27 22:07:25.776912+00,religious
96d5b8bd-cbcc-423d-bd71-e1c7af28bebe,Mount Abuye Meda High-Altitude Trek,Alpine trekking along the highland plateau of Menz Guassa.,Amhara,,,[],"[""trekking"",""menz-guassa"",""high-altitude""]","{""lat"":10.3511111,""lng"":39.7959722}",2026-07-27 22:07:25.776912+00,adventure
9797f82d-d977-4d1b-8742-c6c69bcb2ea0,Sheraton Addis Aqua Club & Luxury Spa,"Five-star wellness facility with heated outdoor pools, sauna, and massages.",Addis Ababa,Kirkos,,[],"[""sheraton-addis"",""aqua-club"",""luxury-spa""]","{""lat"":9.0204847,""lng"":38.7595978}",2026-07-27 22:07:25.776912+00,wellness
979a23fe-2a2d-47a7-abae-dc2b33f33350,Yem Special Woreda Cultural Villages,Distinct cultural rural hamlets preserving Yem traditions.,,,,[],"[""yem"",""cultural-villages"",""snnpr""]",,2026-07-27 22:07:25.776912+00,rural
97f54aa2-42c0-4402-bc79-ec1ed17e0e02,Omorate Border Health & Sanitation Volunteer Camps,Humanitarian health volunteer camps near the border of Kenya.,South Ethiopia Regional State,Omorate,,[],"[""omorate"",""health-camps"",""sanitation""]","{""lat"":4.8032381,""lng"":36.0504375}",2026-07-27 22:07:25.776912+00,voluntourism
97fa3b51-4afd-449f-8fe5-d89fa2746edc,Jijiga City Center & Faras Magala,Rapidly expanding commercial capital of the Somali Region.,Somali,Jijiga,,[],"[""jijiga"",""city-center"",""faras-magala""]","{""lat"":9.3508526,""lng"":42.8003788}",2026-07-27 22:07:25.776912+00,urban
9811f302-c7d8-4dc7-ba9a-fa1b342d7837,Unison Hotel & Wellness Spa,Modern urban spa facility in Hawassa.,Amhara,Bahir Dar Special Zone,,[],"[""unison-hotel"",""wellness-spa"",""hawassa""]","{""lat"":11.5957145,""lng"":37.3854336}",2026-07-27 22:07:25.776912+00,wellness
983e12e8-2109-4ca0-88eb-8ab86c337ee6,Wondo Genet Medicinal & Aromatic Plants Farm,"Research farm specialized in essential oils, lemon grass, and aromatic herbs.",Sidama,Wondo Genet,,[],"[""wondo-genet"",""medicinal-plants"",""essential-oils""]","{""lat"":7.0854757,""lng"":38.6141113}",2026-07-27 22:07:25.776912+00,agritourism
9846b597-9b21-47cb-b607-a3e52cfe7377,Konso Cultural Landscape,"UNESCO site featuring stone-walled terraced agricultural fields, wooden grave markers (Waga), and fortified hilltop villages.",SNNPR,Konso,590,"[""https://upload.wikimedia.org/wikipedia/commons/thumb/5/52/Konso_village_Ethiopia.jpg/1024px-Konso_village_Ethiopia.jpg""]","[""UNESCO"",""Terraces"",""Waga Monuments"",""Culture""]","{""lat"":5.3333,""lng"":37.4333}",2026-07-27 21:19:12.232213+00,cultural
98488f14-3547-441e-89f0-77b416fdad3d,Kwegu Indigenous Fishing Villages,Small hunter-gatherer and fishing community along the lower Omo River.,,,,[],"[""kwegu"",""fishing"",""omo-river""]",,2026-07-27 22:07:25.776912+00,cultural
985d43dc-05d4-43c9-9394-f0cb0a06c034,Gheralta Massif Free Solo/Climbing Routes,Technical free solo and traditional rock climbing across sandstone towers.,,,,[],"[""rock-climbing"",""massif"",""tigray""]",,2026-07-27 22:07:25.776912+00,adventure
98825d15-0444-4c03-aafd-531652d97ce9,Sof Omar Cave Sacred Islamic Shrine,Subterranean limestone cave complex used as a sacred Islamic site.,Oromia,Sheik Hussein,,[],"[""cave"",""shrine"",""islamic""]","{""lat"":7.7466905,""lng"":40.7074585}",2026-07-27 22:07:25.776912+00,religious
989af979-c2c5-4303-a3b9-b1d4408c9730,Haile Resort Hawassa (Lake Hawassa),"Premier resort along the shores of Lake Hawassa, offering bird watching, boat tours to see hippos, and scenic lakeside dining.",Sidama,Hawassa,275,"[""https://images.unsplash.com/photo-1571896349842-33c89424de2d?q=80&w=1000""]","[""Lake Hawassa"",""Resort"",""Fish Market"",""Hippos""]","{""lat"":7.0667,""lng"":38.4667}",2026-07-27 21:19:12.232213+00,other
98c1ea10-4a2e-43bb-b9e2-013369decee7,Lake Besaka Quad Biking,Off-road quad biking route around the expanding saline Lake Besaka.,,,,[],"[""quad-biking"",""lake"",""fantale""]",,2026-07-27 22:07:25.776912+00,adventure
990bab76-f1d7-4a01-8cbf-95a413e5cf62,Doho Lodge & Thermal Springs Retreat,Lodge built directly over natural hot springs on the edge of Awash Park.,Afar,,,[],"[""doho-lodge"",""thermal-springs"",""awash""]","{""lat"":12.29583,""lng"":42.22806}",2026-07-27 22:07:25.776912+00,wellness
991aae19-c03d-463e-8972-7315ecc8ff17,Senkele Sanctuary (Swaynes Hartebeest),Dedicated protection sanctuary for the endangered Swaynes Hartebeest.,,,,[],"[""swaynes-hartebeest"",""senkele"",""endemic""]",,2026-07-27 22:07:25.776912+00,wildlife
994caadf-34b4-425e-a463-f421f7789912,Sheka Rainforest Community Conservation Outposts,Eco-volunteer stations focusing on rainforest mapping and indigenous support.,,,,[],"[""sheka"",""rainforest"",""conservation""]",,2026-07-27 22:07:25.776912+00,voluntourism
9965e3e8-94cd-47f5-a2cb-1f9b54a77425,Sof Omar Underground Cave Geomorphology Site,Vast subterranean limestone structures studied for planetary cave systems.,,,,[],"[""sof-omar"",""geomorphology"",""subterranean""]",,2026-07-27 22:07:25.776912+00,space
99d5e22c-f497-4c5b-956e-4c0ad4e3970f,Suba Forest Eco-Mindfulness Retreat,Ancient protected forest ideal for nature walking therapy.,Oromia,Walmara,,[],"[""suba-forest"",""mindfulness"",""nature-walks""]","{""lat"":8.96667,""lng"":38.53333}",2026-07-27 22:07:25.776912+00,wellness
99e4f495-c8c9-4080-a4be-19a62d296698,Danakil Salt Flat Camel Caravans,Silhouetted camel trains trekking across reflective salt flats.,Afar,,,[],"[""danakil"",""camel-caravan"",""salt-flats""]","{""lat"":13.9528181,""lng"":40.6366886}",2026-07-27 22:07:25.776912+00,photography
9a2b1b60-8109-4faf-afdf-3cd13a617d71,Dessie Historical War Trenches,Preserved mountain trenches used during WWII and subsequent conflicts.,Amhara,Dessie,,[],"[""dessie"",""war-trenches"",""wollo""]","{""lat"":11.122604,""lng"":39.634982}",2026-07-27 22:07:25.776912+00,dark
9a2cd2c9-90bf-473f-b560-3bfa87e6eecc,Jupiter International Executive Suites,Upmarket executive suites located in central business districts.,Addis Ababa,Kirkos,,[],"[""jupiter-hotel"",""executive-suites"",""addis""]","{""lat"":9.010443,""lng"":38.7651132}",2026-07-27 22:07:25.776912+00,luxury
9a43800e-30e2-4a59-9d66-8c4d960dcedc,Science Museum Complex,"High-tech interactive museum complex dedicated to science, artificial intelligence, and innovation.",Addis Ababa,Kirkos,,[],"[""science-museum"",""stem"",""interactive-exhibits""]","{""lat"":9.0211333,""lng"":38.7622597}",2026-07-27 22:07:25.776912+00,educational
9a4b4a01-887a-4cbf-87ea-646cb1ed08c2,Avanti Blue Nile Hotel VIP Wing,Luxury lakefront hotel wing overlooking Lake Tana.,Amhara,Bahir Dar Special Zone,,[],"[""avanti"",""vip-wing"",""bahir-dar""]","{""lat"":11.6030239,""lng"":37.3797987}",2026-07-27 22:07:25.776912+00,luxury
9a56505f-aa6c-483b-afbb-e357ef11b7ae,Mount Fentale Lava Fields,Barren basaltic lava flows resembling lunar and Martian surface geology.,Oromia,,,[],"[""fentale"",""lava-fields"",""lunar-terrain""]","{""lat"":8.9875653,""lng"":39.9019248}",2026-07-27 22:07:25.776912+00,space
9ae04c21-11f2-497e-ab55-0d70ea594866,Bora Crater Lake Expedition,Hike into the steep-walled volcanic basin of Lake Bora.,,,,[],"[""crater-lake"",""hiking"",""bishoftu""]",,2026-07-27 22:07:25.776912+00,adventure
9af706fa-5816-450d-8b1d-0c0054c5703d,Winifred Thermal Retreat,Thermal mineral bath retreat near Ambo.,,,,[],"[""winifred"",""thermal-retreat"",""ambo""]",,2026-07-27 22:07:25.776912+00,wellness
9b35e32e-ffdd-4b17-be32-bafe32cbfcc7,Wukro Youth Training Center,Vocational training center welcoming technical and language volunteer trainers.,Tigray,Wukro,,[],"[""wukro"",""youth-training"",""vocational""]","{""lat"":13.7862549,""lng"":39.601525}",2026-07-27 22:07:25.776912+00,voluntourism
9b41010d-256d-49e3-a5d8-3274cbafac53,Ambo Mineral Stone Crafts Stalls,Artisanal stalls selling carved Ambo sandstone decorations and sculptures.,,,,[],"[""ambo"",""mineral-stone"",""crafts""]",,2026-07-27 22:07:25.776912+00,shopping
9b45c302-6e42-424d-9fb1-965eac7c81ae,Getfam Hotel Business Event Center,Large conference halls along Haile Gebreselassie Avenue.,Addis Ababa,Bole,,[],"[""getfam"",""business-event"",""addis""]","{""lat"":9.0147551,""lng"":38.7835838}",2026-07-27 22:07:25.776912+00,business
9c2c28d9-abe6-49fc-84f7-cbe4015d7655,Dirre Sheikh Hussein Cultural Complex,Thirteenth-century white-domed Islamic cultural pilgrimage complex.,Oromia,Sheik Hussein,,[],"[""sheikh-hussein"",""bale"",""shrine""]","{""lat"":7.7466905,""lng"":40.7074585}",2026-07-27 22:07:25.776912+00,cultural
9cf8629a-5d09-4add-9bee-8d89ce0f44cc,Asheten Maryam Monastery,High-altitude cliff monastery overlooking Lalibela.,,,,[],"[""monastery"",""highland"",""lalibela""]",,2026-07-27 22:07:25.776912+00,religious
9d095ae9-630c-4366-a967-537dd17b1062,Lake Langano Sunset over Golden Waters,Golden hour reflection shots across the brown-gold waters of Lake Langano.,Oromia,,,[],"[""langano"",""sunset"",""golden-waters""]","{""lat"":7.6120061,""lng"":38.7629256}",2026-07-27 22:07:25.776912+00,photography
9d5f8831-95c6-4402-bb6d-e5d2d51a4fbd,Fejej Paleontological Site,Early paleolithic stone tool discovery site in South Omo.,,,,[],"[""fejej"",""stone-tools"",""south-omo""]",,2026-07-27 22:07:25.776912+00,ancestry
9d78ce5f-f785-4f8c-a063-26790078bebf,Arba Minch Textile & Traditional Weaving Market,Market famous for purchasing authentic Dorze handwoven cotton fabrics.,South Ethiopia Regional State,Arba Minch,,[],"[""arba-minch"",""weaving"",""textiles""]","{""lat"":6.0215142,""lng"":37.5539809}",2026-07-27 22:07:25.776912+00,shopping
9db1e1d4-5ba2-4000-93ac-a0a0d2a5c195,Church of Our Lady Mary of Zion (Arc of the Covenant),Historic church complex sanctuary housing the Ark of the Covenant.,,,,[],"[""axum"",""arc-of-covenant"",""orthodox""]",,2026-07-27 22:07:25.776912+00,religious
9e204ec0-8363-4d3e-9cf6-f44d8cb34e4b,Mursi Mugali Settlements,Lowland Mursi settlements showcasing pastoralist traditions.,South Ethiopia Regional State,Hana - Margo Mursi Bodie,,[],"[""mursi"",""south-omo"",""tribal""]","{""lat"":6.2235574,""lng"":36.1284585}",2026-07-27 22:07:25.776912+00,cultural
9e3ba575-35e4-415c-8952-d54f1ffcf04c,Gedeo Yirgacheffe Forested Coffee Terraces,Lush green forested mountain slopes dedicated to coffee cultivation.,South Ethiopia Regional State,Yirga Cheffe,,[],"[""yirgacheffe"",""coffee-terraces"",""landscape""]","{""lat"":6.1529383,""lng"":38.2023167}",2026-07-27 22:07:25.776912+00,photography
9e43ef47-9766-48de-a223-dbb837559cda,Yeha Archaeological Museum,Site museum housing Sabean inscriptions and artifacts.,Tigray,,,[],"[""yeha-museum"",""archaeology"",""sabaean-history""]","{""lat"":14.25,""lng"":38.91667}",2026-07-27 22:07:25.776912+00,educational
9ee64cf3-15be-44ed-b853-3265ccf3e729,Hawassa University Agricultural & Forestry Research Center,Major educational center for agricultural and natural resource management.,Sidama,Cheffe,,[],"[""hawassa-university"",""forestry"",""agriculture""]","{""lat"":7.0529428,""lng"":38.4995556}",2026-07-27 22:07:25.776912+00,educational
9f077fc3-adef-4f23-aa41-eec7ed8b126a,Ankober Escarpment (Ankober Serin Spotting),Cliffside habitat home to the extremely rare endemic Ankober Serin bird.,,,,[],"[""ankober-serin"",""endemic"",""escarpment""]",,2026-07-27 22:07:25.776912+00,wildlife
9f29e052-016b-4def-81d2-893b9b1dac54,Jimma Abba Jifar Palace,19th-century royal palace representing the Kingdom of Jimma.,Oromia,Jimma,,[],"[""jimma"",""abba-jifar"",""oromo-monarchy""]","{""lat"":7.6756152,""lng"":36.8478779}",2026-07-27 22:07:25.776912+00,ancestry
9f2b1214-5912-4aa3-baf1-cde511a0f0fc,Tulu Moye Geothermal Retreat Zone,Natural geothermal vents and steam bath area.,Oromia,,,[],"[""tulu-moye"",""geothermal-retreat"",""steam-baths""]","{""lat"":8.1600308,""lng"":39.1370309}",2026-07-27 22:07:25.776912+00,wellness
9f715fe1-efd5-4353-8eb1-f884ba3930fd,Bahir Dar Avanti Resort Lakefront Gardens,Flat lawn and paved paths along Lake Tana.,Amhara,Bahir Dar Special Zone,,[],"[""avanti"",""flat-gardens"",""bahir-dar""]","{""lat"":11.6030239,""lng"":37.3797987}",2026-07-27 22:07:25.776912+00,accessible
9fa2904a-22f7-4061-b474-cb5c0697c9f2,Lake Bishoftu Crater Pedal & Motorboat Launch,Crater lake boat launch offering recreational pedal and motorboats.,Oromia,Bishoftu,,[],"[""bishoftu"",""pedal-boat"",""motorboat""]","{""lat"":8.750004,""lng"":38.981734}",2026-07-27 22:07:25.776912+00,cruise
9fc01cc9-3dc5-4a9e-9dbf-02200bcee829,Sheka Forest Biodiversity Research Center,Ecological research center studying montane rainforest habitats.,,,,[],"[""sheka-forest"",""biodiversity"",""ecology""]",,2026-07-27 22:07:25.776912+00,educational
9fd08c2c-7be0-4324-a085-3e706038313a,Unity Park State Banquet Hall & Venues,Historic state banquet facilities and corporate venues.,Addis Ababa,Bole,,[],"[""unity-park"",""banquet-hall"",""state-venue""]","{""lat"":9.0034887,""lng"":38.8049675}",2026-07-27 22:07:25.776912+00,business
9fd4b89d-dc4d-4d91-b7de-0a32141cc862,Unity Park & Imperial Palace,"Fully paved public grounds with ramps, smooth walkways, and golf cart assistance.",Addis Ababa,Bole,,[],"[""unity-park"",""paved-paths"",""accessible""]","{""lat"":9.0034887,""lng"":38.8049675}",2026-07-27 22:07:25.776912+00,accessible
9fd98183-74ba-4250-b0fc-7c931db0acd7,Grand Resort & Spa Flat Gardens,Step-free garden access and wide paved walkways.,,,,[],"[""grand-resort"",""accessible-gardens"",""bahir-dar""]",,2026-07-27 22:07:25.776912+00,accessible
a0221617-ca7f-4426-8818-1659c4e2d0ad,Semera Afar Pastoralist Education Projects,Volunteer initiatives working to expand mobile schools for Afar children.,Afar,Semera,,[],"[""semera"",""afar-education"",""volunteer""]","{""lat"":11.7965635,""lng"":41.0104744}",2026-07-27 22:07:25.776912+00,voluntourism
a0328609-3fe7-43fe-81a0-0aca483cdc68,Arba Minch Forty Springs Trail Hike,Forest trail hike surrounding forty natural springs near Nechisar.,South Ethiopia Regional State,Arba Minch,,[],"[""hiking"",""springs"",""forest""]","{""lat"":6.0215142,""lng"":37.5539809}",2026-07-27 22:07:25.776912+00,adventure
a054f916-a89b-4c4a-9799-236911eb8713,Inter Luxury Hotel Wellness & Thermal Facilities,"Central hotel spa featuring outdoor swimming, steam, and sauna.",Addis Ababa,Bole,,[],"[""inter-luxury"",""wellness"",""thermal-baths""]","{""lat"":9.0060961,""lng"":38.8111966}",2026-07-27 22:07:25.776912+00,wellness
a0f2eee3-35df-4e97-9555-49952c8adeb1,Tendaho Reservoir Boat Circuit,Desert reservoir boat route near Asaita.,Afar,Tendaho,,[],"[""tendaho"",""reservoir"",""afar""]","{""lat"":11.5148566,""lng"":40.9301381}",2026-07-27 22:07:25.776912+00,cruise
a0fc6e0a-530d-4b95-8df7-035f22f57412,United Nations Economic Commission for Africa (ECA),Historic hall where the Organization of African Unity (OAU) charter was signed in 1963.,Addis Ababa,Kirkos,,[],"[""un-eca"",""pan-african-history"",""africa-hall""]","{""lat"":9.0147265,""lng"":38.767437}",2026-07-27 22:07:25.776912+00,ancestry
a11a9666-01ed-422b-a2fd-6ad6a125a4b3,Wenchi Crater Lake Eco-Village,Community-managed eco-tourism project centered around a crater lake.,Oromia,Ambo Zuria,,[],"[""wenchi"",""eco-village"",""crater-lake""]","{""lat"":8.7875309,""lng"":37.8843326}",2026-07-27 22:07:25.776912+00,ecotourism
a1501a3d-7c66-4936-aa94-f785ea092633,Mekelle City Center & Romanat Square,The political and commercial capital city of Tigray.,Tigray,Mek'elē,,[],"[""mekelle"",""romanat-square"",""city-center""]","{""lat"":13.4929955,""lng"":39.4729467}",2026-07-27 22:07:25.776912+00,urban
a1a647e8-8e96-4985-81b5-841922a1c9f9,Kaldis Coffee Outlets Circuit,Popular urban café circuit serving coffee drinks and Ethiopian pastries.,Addis Ababa,Gulale,,[],"[""kaldis"",""coffee-chain"",""cafes""]","{""lat"":9.0853416,""lng"":38.7383628}",2026-07-27 22:07:25.776912+00,culinary
a1ef5df7-cce4-45d0-ba46-7f308e494537,Lake Boyo Wetlands (Cranes & Waterfowl),Seasonal wetland ecosystem supporting large flocks of wattled cranes.,,,,[],"[""cranes"",""boyo"",""wetlands""]",,2026-07-27 22:07:25.776912+00,wildlife
a209eb52-7fa4-43cf-97f8-891e26770368,Turmi Hamer Weekly Market,"Open-air market for traditional leatherwork, wooden stools, and beadwork.",South Ethiopia Regional State,Turmi,,[],"[""turmi"",""hamer-market"",""crafts""]","{""lat"":4.96835,""lng"":36.487794}",2026-07-27 22:07:25.776912+00,shopping
a2136268-1ca5-4b7b-869d-a6c4ba461aa8,Daga Estifanos Monastery,Lake Tana island monastery reputed to house imperial remains; strict access rules.,Amhara,Lake Tana,570,"[""https://images.unsplash.com/photo-1585208798174-6cedd86e019a?w=800"",""https://images.unsplash.com/photo-1605106901227-991bd663255c?w=800""]","[""Monastery"",""Lake Tana"",""Island"",""Orthodox""]","{""lat"":11.88,""lng"":37.27}",2025-12-08 05:10:50.501803+00,religious
a2b6930f-8f3e-4366-a66e-b58fb09c9354,Korean Hospital (MCM - Myungsung Christian Medical Center),Tertiary international general referral hospital.,Addis Ababa,Bole,,[],"[""hospital"",""mcm"",""specialized""]","{""lat"":8.9985133,""lng"":38.8092576}",2026-07-27 22:07:25.776912+00,medical
a310b843-e800-451d-9347-dacef53bf90a,Arba Minch City Highlands & Lakes Overlook,Twin-tier southern city overlooking Lake Abaya and Lake Chamo.,South Ethiopia Regional State,Arba Minch,,[],"[""arba-minch"",""city-highlands"",""lakes-overlook""]","{""lat"":6.0215142,""lng"":37.5539809}",2026-07-27 22:07:25.776912+00,urban
a35b1ac5-02c8-4c8d-b3c5-1d5fa4718be2,Emperor Fasilides Bathing Palace,Historic imperial pool enclosure used for royal relaxation and Timkat.,Amhara,Gonder,,[],"[""fasilides"",""gondar"",""bath""]","{""lat"":12.6174164,""lng"":37.4575171}",2026-07-27 22:07:25.776912+00,cultural
a3674094-06ce-460e-a0b5-794603a7574d,Karamara Hospital,Primary regional hospital serving the Somali region.,Somali,Jijiga,,[],"[""hospital"",""karamara"",""jijiga""]","{""lat"":9.3595825,""lng"":42.8011943}",2026-07-27 22:07:25.776912+00,medical
a36e1261-f724-4624-a1c2-3052f5045f9b,Dorze Bamboo Elephant Houses & Weaving Village,Highland village known for bee-hive bamboo architecture and weaving.,,,,[],"[""dorze"",""weaving"",""chencha""]",,2026-07-27 22:07:25.776912+00,cultural
a412401c-9edd-4790-9bf7-b5c4d4b14070,Totot Cultural Restaurant,Specialized cultural restaurant famous for authentic Gurage Kitfo and Kocho.,Addis Ababa,Bole,,[],"[""totot"",""kitfo"",""gurage-food""]","{""lat"":9.0071908,""lng"":38.8061823}",2026-07-27 22:07:25.776912+00,culinary
a420fb0b-fa70-4247-89d8-6d03814c9a67,Gorgora Eco-Resort Wellness Sanctuary,Tranquil lakeside sanctuary for nature relaxation and rejuvenation.,Amhara,Gorgora,,[],"[""gorgora"",""eco-resort"",""wellness-sanctuary""]","{""lat"":12.2382669,""lng"":37.2971393}",2026-07-27 22:07:25.776912+00,wellness
a4590c74-818e-4c5d-b77a-f0d086057790,Golden Tulip Hotel Meeting Halls,International corporate meeting facilities near Bole.,,,,[],"[""golden-tulip"",""meeting-halls"",""bole""]",,2026-07-27 22:07:25.776912+00,business
a471e427-7849-4b2f-b1ec-722588e9fbd2,Sheikh Abadir Shrine & Tombs,Tomb of the founding patron saint of Harar.,Oromia,Sheik Hussein,,[],"[""shrine"",""harar"",""tomb""]","{""lat"":7.7466905,""lng"":40.7074585}",2026-07-27 22:07:25.776912+00,religious
a4a27727-8501-4e4a-a377-2d947cb81ed6,Axum Tombs of Kaleb and Gebre Meskel,Massive 6th-century underground stone burial chambers.,Tigray,Axum,,[],"[""tombs"",""kaleb"",""gebre-meskel""]","{""lat"":14.1422913,""lng"":38.7292489}",2026-07-27 22:07:25.776912+00,dark
a4ce71e3-c668-464a-a1d5-2b23c23a2ba5,Sodere Resort Barbecue & Park Dining,Resort dining specialized in open-air roasted meats along the Awash River.,Oromia,Sodere,,[],"[""sodere"",""barbecue"",""resort-dining""]","{""lat"":8.4034494,""lng"":39.3869748}",2026-07-27 22:07:25.776912+00,culinary
a4f69955-8899-4790-a847-8456b087ddbf,Sabana Beach Resort (Lake Langano),"Popular beach resort along Lake Langano, one of the few bilharzia-free lakes in Ethiopia safe for swimming, water sports, and beach camping.",Oromia,Langano,200,"[""https://images.unsplash.com/photo-1507525428034-b723cf961d3e?q=80&w=1000""]","[""Beach"",""Swimming"",""Rift Valley"",""Resort""]","{""lat"":7.6,""lng"":38.7167}",2026-07-27 21:19:12.232213+00,other
a584404f-6bdc-4509-b15b-f3849b06d125,Planet Hotel Wellness Center,Full-service health and wellness facility including indoor swimming.,,,,[],"[""planet-hotel"",""wellness-center"",""mekelle""]",,2026-07-27 22:07:25.776912+00,wellness
a5df60e9-c2d9-4a85-bf82-f339274cab73,Omo River Delta Boat Safaris,River delta boat route traversing traditional Dassanech territory.,,,,[],"[""omo-delta"",""boat-safari"",""dassanech""]",,2026-07-27 22:07:25.776912+00,cruise
a64316d3-1e4b-4c96-b429-3998b8e8d0d9,Liben Plains (Endemic Sidamo Lark Spotting),Grassland plain habitat of the endangered endemic Sidamo Lark.,,,,[],"[""sidamo-lark"",""liben-plains"",""endemic""]",,2026-07-27 22:07:25.776912+00,wildlife
a683a9af-809c-48ea-8732-e47bc46ab955,Bete Medhane Alem,The largest monolithic rock-hewn church in the world.,Amhara,Lalibela,,[],"[""monolithic"",""lalibela"",""largest""]","{""lat"":12.033783,""lng"":39.0439966}",2026-07-27 22:07:25.776912+00,religious
a6938b22-e38d-4f39-9426-4a8d00eaad13,Harar Walled City Street Exploration,Budget-friendly walking access through 368 narrow historic alleyways.,Harar,Harar,,[],"[""harar"",""walled-city"",""street-walk""]","{""lat"":9.3118304,""lng"":42.1284009}",2026-07-27 22:07:25.776912+00,budget
a69a4f2a-a69b-4d64-837c-5bf3eedd0c69,Tana Qirqos Island Boat Access Point,Island boat landing point servicing historical monastery tours.,Amhara,,,[],"[""tana-qirqos"",""boat-access"",""island""]","{""lat"":11.8635159,""lng"":37.4908505}",2026-07-27 22:07:25.776912+00,cruise
a69cdcf8-67e2-4923-82db-a3e87eef84a3,Abijatta-Shalla Lakes National Park (Flamingos & Waterbirds),Lakeside bird sanctuary famous for millions of lesser flamingos.,Oromia,,,[],"[""flamingos"",""waterbirds"",""rift-valley""]","{""lat"":7.4047633,""lng"":38.4271591}",2026-07-27 22:07:25.776912+00,wildlife
a6c5fb8f-0f92-4ebd-a3bd-ef2205c31644,Mount Choqa Astronomy Viewpoint,High-altitude peak offering optimal night sky visibility.,Oromia,Bishoftu,,[],"[""choqa"",""astronomy"",""viewpoint""]","{""lat"":8.7832477,""lng"":38.9969502}",2026-07-27 22:07:25.776912+00,space
a6cf02c6-b55e-4988-aa17-3e8714b558f4,Sodere Thermal Springs Level Promenade,Flat concrete walkways surrounding the main thermal swimming pools.,Oromia,Sodere,,[],"[""sodere"",""level-promenade"",""thermal-pool""]","{""lat"":8.4034494,""lng"":39.3869748}",2026-07-27 22:07:25.776912+00,accessible
a6d4fa71-f780-48c5-a115-162a08f816ca,Dallol Hydrothermal Fields,"Extreme hyper-acidic, hypersaline environment studied as an astrobiological analogue for early Mars.",Afar,,,[],"[""dallol"",""astrobiology"",""mars-analog""]","{""lat"":14.2424728,""lng"":40.2996919}",2026-07-27 22:07:25.776912+00,space
a739aaa5-5c63-489e-b0de-d4432dc62de7,Nyangatom Community Villages,Indigenous pastoral communities residing along the Kibish River.,,,,[],"[""nyangatom"",""kibish"",""tribal""]",,2026-07-27 22:07:25.776912+00,cultural
a7875a12-13ae-4274-9563-4ecd05892b69,Jimma City & Royal Heritage Precincts,Major commercial coffee city in southwestern Ethiopia.,Oromia,Jimma,,[],"[""jimma"",""urban-center"",""heritage""]","{""lat"":7.6756152,""lng"":36.8478779}",2026-07-27 22:07:25.776912+00,urban
a8036c35-608a-41ed-b286-62e4ee33a54b,Debre Libanos Gorge Overlook,High cliff edge offering deep canyon night sky views.,Oromia,Debre Libanos,,[],"[""debre-libanos"",""gorge-overlook"",""night-sky""]","{""lat"":9.7295697,""lng"":38.8167682}",2026-07-27 22:07:25.776912+00,space
a86ee5bc-cd7e-4a91-9f3e-7af4e40039d1,Choke Mountain High-Altitude Running Circuit,"Extreme altitude training trails reaching up to 4,000 meters.",Amhara,,,[],"[""choke"",""running-circuit"",""high-altitude""]","{""lat"":10.7117887,""lng"":37.8435035}",2026-07-27 22:07:25.776912+00,sports
a8f499a1-073c-4219-92ae-7e4a4ebdea65,Gedeo Sacred Cultural Landscape,UNESCO World Heritage cultural landscape featuring ancient megalithic sites.,,,,[],"[""gedeo"",""unesco"",""megaliths""]",,2026-07-27 22:07:25.776912+00,cultural
a9666c25-4c4b-4bdf-abd6-95ca09b2891f,Chebera Churchura Wild Elephant Herds,Telephoto photography of wild African elephant herds in forest clearings.,South West Ethiopia Peoples,,,[],"[""chebera-churchura"",""elephants"",""wildlife-photography""]","{""lat"":6.9042595,""lng"":36.7301591}",2026-07-27 22:07:25.776912+00,photography
a97248f8-ff53-4f50-b569-89d1ab6a120b,Kazanchis Historic Tejbet Outlets,Traditional honey wine houses operating in the historic Kazanchis quarter.,Addis Ababa,Kirkos,,[],"[""kazanchis"",""tejbet"",""historic-taverns""]","{""lat"":9.0159277,""lng"":38.7712221}",2026-07-27 22:07:25.776912+00,culinary
a9dffab7-8c8d-417c-8a30-4e5dbdc067ce,Harar Jugol Walled City,Historic fourth holiest city of Islam preserving century-old Islamic African culture.,,,,[],"[""harar-jugol"",""islamic-heritage"",""diaspora-hub""]",,2026-07-27 22:07:25.776912+00,ancestry
aa0ffa48-cede-4d4c-999d-1fa870f9141c,Konso Walled Terraces Panorama,Dramatic landscape shots of hand-built stone terraced hillsides.,South Ethiopia Regional State,,,[],"[""konso"",""terraced-hills"",""landscape-photography""]","{""lat"":5.25,""lng"":37.5}",2026-07-27 22:07:25.776912+00,photography
aa6c0945-3928-4d30-afd3-651362c8152d,Bole Ambassader Public Promenade,Paved urban walking promenade located in central Bole.,,,,[],"[""bole"",""public-promenade"",""walkway""]",,2026-07-27 22:07:25.776912+00,budget
aa7db2b3-e978-40ef-a447-af33678cf9f5,Lake Shalla Deep Water Boating Access,Boating access on Ethiopia deepest crater lake (266m).,Oromia,,,[],"[""shalla"",""deep-water"",""boating""]","{""lat"":7.5390028,""lng"":38.5223013}",2026-07-27 22:07:25.776912+00,cruise
aa84c129-93c8-46c3-9bae-2abbb64d8ba9,Lakeshore Wellness Resort,Quiet resort on Lake Hawassa dedicated to wellness retreats.,Sidama,Hawassa,,[],"[""lakeshore-resort"",""hawassa"",""wellness""]","{""lat"":7.0481029,""lng"":38.47861}",2026-07-27 22:07:25.776912+00,wellness
aaedbac4-8136-41c0-a679-f9159aa9705d,Dembel City Center,One of Addis Ababa original modern shopping centers hosting boutique shops.,Addis Ababa,Kirkos,,[],"[""dembel"",""city-center"",""addis""]","{""lat"":9.0047069,""lng"":38.7670633}",2026-07-27 22:07:25.776912+00,shopping
aaf39f24-f344-4aca-b02c-7987205bd9e5,Hyatt Regency Addis Ababa,Premium 5-star luxury hotel positioned directly on Meskel Square.,Addis Ababa,Kirkos,,[],"[""hyatt-regency"",""meskel-square"",""luxury""]","{""lat"":9.0100868,""lng"":38.7640678}",2026-07-27 22:07:25.776912+00,luxury
ab036e39-48a4-4f83-927e-c6f35dc44a70,Ethiopian Space Science & Technology Institute,National university institute leading satellite engineering and astronomy.,Addis Ababa,Gulale,,[],"[""essti"",""space-institute"",""research""]","{""lat"":9.0507285,""lng"":38.7611956}",2026-07-27 22:07:25.776912+00,space
ab03a2e5-104e-4e71-8127-b80ef8b0602a,Blue Nile Falls (Tis Abay),A spectacular 42-meter waterfall on the Blue Nile river located 30km downstream from Lake Tana.,Amhara,Bahir Dar,590,"[""https://upload.wikimedia.org/wikipedia/commons/thumb/2/23/Blue_Nile_Falls_Ethiopia.jpg/1024px-Blue_Nile_Falls_Ethiopia.jpg""]","[""Waterfall"",""Blue Nile"",""Hiking"",""Nature""]","{""lat"":11.485,""lng"":37.5925}",2026-07-27 21:19:12.232213+00,nature
ab05f92d-9430-45db-b067-57f3f5e9d21f,Borena Pastoralist Singing Wells,Ancient hand-dug wells where pastoralists chant to draw water for cattle.,Oromia,Yabēlo,,[],"[""borena"",""singing-wells"",""yabello""]","{""lat"":4.8888074,""lng"":38.109828}",2026-07-27 22:07:25.776912+00,cultural
ab294bec-dde6-4d2e-973b-41b9fa7a5c40,Kebran Gabriel Island Monastery,14th-century monastery on Lake Tana with a vast historic library.,Oromia,Debre Libanos,,[],"[""monastery"",""kebran-gabriel"",""men-only""]","{""lat"":9.7120303,""lng"":38.8475576}",2026-07-27 22:07:25.776912+00,religious
ab47d58d-c48f-4c55-a084-1ba86d43c53f,Yeha Ancient Tombs & Crypts,Subterranean stone tombs dating back to the Sabean period.,Tigray,Axum,,[],"[""yeha"",""ancient-tombs"",""crypts""]","{""lat"":14.1422913,""lng"":38.7292489}",2026-07-27 22:07:25.776912+00,dark
ab60729b-f045-4435-9031-abb6c44a6012,Imperial Palace & Unity Park Complex,Historic seat of Ethiopian emperors dating back to King Menelik II.,Addis Ababa,Bole,,[],"[""unity-park"",""imperial-palace"",""monarchy-history""]","{""lat"":9.0034887,""lng"":38.8049675}",2026-07-27 22:07:25.776912+00,ancestry
ab6fe8ad-0f59-495f-9f3c-73eb7e36689a,Lalibela Ben Abeba Architectural & Fusion Restaurant,Famous hilltop architectural restaurant serving Ethiopian-Scottish fusion food.,Amhara,Lalibela,,[],"[""ben-abeba"",""fusion-dining"",""lalibela""]","{""lat"":12.0432542,""lng"":39.0370149}",2026-07-27 22:07:25.776912+00,culinary
abad81e9-d84c-4846-b88c-ab64a36b4327,Konso Paleontological Site,Discovery site of Homo erectus fossils and advanced Acheulean handaxes.,South Ethiopia Regional State,,,[],"[""konso"",""homo-erectus"",""acheulean-tools""]","{""lat"":5.25,""lng"":37.5}",2026-07-27 22:07:25.776912+00,ancestry
abce70c4-d1f2-4ed5-bfd9-b63ffcc199e0,Gurage Cultural Enset (False Banana) Homesteads,Homesteads demonstrating traditional cultivation and processing of Enset.,,,,[],"[""gurage"",""enset"",""homestead""]",,2026-07-27 22:07:25.776912+00,cultural
ac27be0e-8dd4-447c-a6b6-468b6493eda9,Debre Tabor Emperor Tewodros Military Fort Ruins,Ruins of Emperor Tewodros II military headquarters and foundry.,Amhara,Debre Tabor,,[],"[""debre-tabor"",""military-fort"",""tewodros""]","{""lat"":11.856591,""lng"":38.008309}",2026-07-27 22:07:25.776912+00,dark
aca6e86c-fb19-4fe4-b441-3791249ebde2,Entoto Maryam Church,Historic coronation church atop Mount Entoto.,,,,[],"[""entoto-maryam"",""church"",""coronation""]",,2026-07-27 22:07:25.776912+00,religious
acc97225-1dff-49dc-a5db-bb0fc854c20d,Hawassa Industrial Park Business & Exhibition Complex,Industrial trade and corporate exhibition center.,Sidama,Hawassa,,[],"[""hawassa-industrial-park"",""business"",""trade""]","{""lat"":7.0673591,""lng"":38.4978857}",2026-07-27 22:07:25.776912+00,business
acd40618-1c52-483a-a8c0-23714e3c91e5,St. George Cathedral (St. Georges),Octagonal historic cathedral built to commemorate the Battle of Adwa.,Addis Ababa,Kirkos,,[],"[""cathedral"",""st-george"",""addis""]","{""lat"":9.0141275,""lng"":38.7521409}",2026-07-27 22:07:25.776912+00,religious
acf09791-c56d-4e12-b883-14bbcf964393,Karamara War Memorial Park,Park and monument celebrating the strategic victory at Karamara Pass.,,,,[],"[""karamara"",""war-memorial"",""jijiga""]",,2026-07-27 22:07:25.776912+00,dark
acf58a47-0296-4e95-919c-ae9d881e6d38,Arba Minch University Limnology & Water Research Center,Research center focused on Rift Valley lake ecosystems and hydrology.,South Ethiopia Regional State,Arba Minch,,[],"[""arba-minch-university"",""limnology"",""water-research""]","{""lat"":6.0659447,""lng"":37.5600365}",2026-07-27 22:07:25.776912+00,educational
acfaedcc-5bc8-469b-bad3-f73791526690,Friendship Park Outdoor Event Spaces,Expansive outdoor event grounds in downtown Addis Ababa.,Addis Ababa,Addis Ababa,,[],"[""friendship-park"",""outdoor-events"",""addis""]","{""lat"":9.0236603,""lng"":38.7595819}",2026-07-27 22:07:25.776912+00,business
ad051875-a9c0-4a60-bf71-6adfacb5838d,Blue Nile Falls Bridge Hike,Hike over the historic 17th-century Portuguese Bridge to Tis Abay.,Amhara,Tis Abay,,[],"[""waterfall"",""hiking"",""tis-abay""]","{""lat"":11.4878798,""lng"":37.5875677}",2026-07-27 22:07:25.776912+00,adventure
ad3b739a-efe0-428e-abbc-fd39480657dc,Awash National Park (Beisa Oryx & Anubis Baboons),"Savannah wildlife reserve home to Beisa oryx, gazelles, and baboons.",,,,[],"[""beisa-oryx"",""awash"",""savannah""]",,2026-07-27 22:07:25.776912+00,wildlife
ad5f9af1-939c-4e66-9aa6-9a34757052b2,Adama Conference Center / Pan-African Hub,Major regional conference facility located in Adama.,Oromia,Adama,,[],"[""adama"",""conference-center"",""oromia""]","{""lat"":8.5408627,""lng"":39.2655724}",2026-07-27 22:07:25.776912+00,business
ad62ee0f-0424-4851-a1d7-5c32903add84,Mekelle Planet Resort Sports Facilities,"Resort offering fitness centers, swimming, and tennis.",,,,[],"[""planet-resort"",""sports-facilities"",""mekelle""]",,2026-07-27 22:07:25.776912+00,sports
ad9d5a61-da3f-4a35-a9c4-76027dd54cee,Unison Hotel Elevators & Concourse,Modern hotel layout featuring elevators and wide hallways.,Amhara,Bahir Dar Special Zone,,[],"[""unison-hotel"",""elevators"",""hawassa""]","{""lat"":11.5957145,""lng"":37.3854336}",2026-07-27 22:07:25.776912+00,accessible
ada48223-5661-467d-a0ad-52e36324390a,Asaita Afar Traditional Mat Market,Specialized market for hand-woven palm leaf mats and Afar knives (Gile).,Afar,Asaita,,[],"[""asaita"",""afar-mats"",""woven-crafts""]","{""lat"":11.5653325,""lng"":41.4385892}",2026-07-27 22:07:25.776912+00,shopping
ae586ea6-be22-47cb-a0b6-79775802dc87,Mount Abuye Meda Dark-Sky Outpost,"Remote 4,000-meter mountain site for deep sky observation.",Amhara,,,[],"[""abuye-meda"",""dark-sky"",""menz""]","{""lat"":10.51667,""lng"":39.76667}",2026-07-27 22:07:25.776912+00,space
ae74983d-a9e2-4b1a-a5ef-5be62fc8eabb,Axum Archaeological Museum & Research Base,"Museum displaying inscriptions, coins, and artifacts from the Axumite Empire.",Tigray,Axum,,[],"[""axum-museum"",""archaeology"",""ancient-history""]","{""lat"":14.1220982,""lng"":38.7321749}",2026-07-27 22:07:25.776912+00,educational
aea4a4cd-8591-40dd-b241-2a03c7d8111c,Jimma University Sports Complex Stadium,Modern university athletic stadium facility.,Oromia,Jimma,,[],"[""jimma"",""sports-complex"",""stadium""]","{""lat"":7.6756152,""lng"":36.8478779}",2026-07-27 22:07:25.776912+00,sports
aed683d3-0307-4abb-98f3-a8e25645aa21,Lake Koka Dam Boating Launch,Boating access launch on the Koka reservoir lake.,,,,[],"[""koka-dam"",""boating"",""reservoir""]",,2026-07-27 22:07:25.776912+00,cruise
af7bb4ed-fff5-4e06-b5da-fc329d82d1fe,Wonchi Crater Lake Wellness Lodge,Serene volcanic crater retreat for mountain air relaxation.,,,,[],"[""wonchi"",""wellness-lodge"",""crater-lake""]",,2026-07-27 22:07:25.776912+00,wellness
afca8363-2f78-4c8e-91cf-afe3abfab5bb,Haile Grand Addis Ababa Luxury Suites,Upmarket 5-star property offering luxury suites and sports amenities.,,,,[],"[""haile-grand"",""luxury-suites"",""addis""]",,2026-07-27 22:07:25.776912+00,luxury
affd4889-de6c-4dd1-aa73-05087cb2537f,Ethio-American Doctors Hospital Complex,Modern state-of-the-art medical tertiary facility.,,,,[],"[""hospital"",""ethio-american"",""addis""]",,2026-07-27 22:07:25.776912+00,medical
b03d1698-6c76-41fa-a74d-29805896d22f,Wolisso Hot Springs Waterfall Streams,Steaming natural hot spring streams surrounded by lush tropical vegetation.,,,,[],"[""wolisso"",""thermal-waterfalls"",""nature""]",,2026-07-27 22:07:25.776912+00,photography
b044136b-5159-4c41-8d0f-f205bafc2af9,Bole Fawkner / City Tennis & Sports Clubs,Urban tennis and athletic recreation club.,,,,[],"[""tennis"",""sports-club"",""addis""]",,2026-07-27 22:07:25.776912+00,sports
b0593f5d-c975-467a-8583-b01faf1afd22,Marriott Executive Apartments Business Hub,Corporate meeting space and executive business center.,,,,[],"[""marriott"",""business-hub"",""conferences""]",,2026-07-27 22:07:25.776912+00,business
b072f551-6080-47a8-913d-931ec74cf1f0,Asaita Historic Afar Sultanate Seat,Historic seat of the Afar Sultanate of Aussa.,Afar,Asaita,,[],"[""asaita"",""afar-sultanate"",""historic-seat""]","{""lat"":11.5653325,""lng"":41.4385892}",2026-07-27 22:07:25.776912+00,ancestry
b14ecf8a-6df7-4193-85e5-28ced46f78aa,Raya Azebo Commercial Agro-Farms,Modern irrigated agricultural estates producing fruits and grains.,,,,[],"[""raya-azebo"",""commercial-farms"",""irrigation""]",,2026-07-27 22:07:25.776912+00,agritourism
b1693eaa-a9a5-4e24-8d9b-f6cbf55415ad,Kera Leather Market Zone,Commercial zone dedicated to leather tanneries and direct leather products.,,,,[],"[""kera"",""leather-market"",""raw-materials""]",,2026-07-27 22:07:25.776912+00,shopping
b1a65bc3-e022-4324-aca5-cb2fd04db0c9,Sidama Yirgalem Coffee Estates & Tasting Circuit,Coffee plantation tours highlighting Sidama single-origin flavor profiles.,,,,[],"[""sidama"",""coffee-tasting"",""yirgalem""]",,2026-07-27 22:07:25.776912+00,culinary
b1ac8823-6c29-45f3-99a5-ca887fb8be27,Al-Nejashi Mosque,First mosque in Africa established by early followers of Prophet Muhammad.,Tigray,Felegsha,,[],"[""mosque"",""negash"",""islamic-heritage""]","{""lat"":13.8755536,""lng"":39.5987026}",2026-07-27 22:07:25.776912+00,religious
b1fbbc83-92ee-4466-9cd9-43b7a4bbb880,Hawassa Martyrs Memorial Park,Municipal park and monument dedicated to fallen regional heroes.,Sidama,Hawassa,,[],"[""hawassa"",""martyrs-park"",""memorial""]","{""lat"":7.0481029,""lng"":38.47861}",2026-07-27 22:07:25.776912+00,dark
b23868c7-7502-47f0-b40e-465c1581a15d,Wondo Genet Natural Thermal Spa,Forested natural thermal spring pools renowned for relaxation.,,,,[],"[""wondo-genet"",""thermal-spa"",""sidama""]",,2026-07-27 22:07:25.776912+00,wellness
b2389ebb-016a-4235-9ea5-93a8fee8b962,United Nations Conference Centre (UNCC-ECA),World-class international conference complex in Addis Ababa.,,,,[],"[""uncc"",""united-nations"",""events""]",,2026-07-27 22:07:25.776912+00,business
b23d5681-12bb-488c-b0ba-9dc07402bb6f,Intercontinental Addis Business Center,Corporate business meeting facilities in Kazanchis.,,,,[],"[""intercontinental"",""business-center"",""kazanchis""]",,2026-07-27 22:07:25.776912+00,business
b24ddf98-b79e-47d6-9c19-e9aba66cebe1,Bedele Indigenous Forest Belt,Protected belt of native broadleaf forest.,Oromia,Bedele,,[],"[""bedele"",""indigenous-forest"",""illubabor""]","{""lat"":8.455645,""lng"":36.352545}",2026-07-27 22:07:25.776912+00,ecotourism
b24f6732-55ea-4196-bbaf-a6ff017a7104,Gambella Riverside City Hub,Tropical river port city located along the Baro River.,Gambela,Gambela,,[],"[""gambella"",""riverside-city"",""baro-river""]","{""lat"":8.2503656,""lng"":34.5877344}",2026-07-27 22:07:25.776912+00,urban
b2719832-bb7c-4ad6-924d-2fd7cd4783aa,Mount Menagesha Peak Hike,Peak hike ascending through the ancient protected Suba Menagesha forest.,,,,[],"[""hiking"",""forest"",""suba""]",,2026-07-27 22:07:25.776912+00,adventure
b28cd2b2-a2df-4c8c-841a-3db9cfdeab88,Felege Hiwot Hospital,Regional referral hospital in Bahir Dar.,Amhara,Bahir Dar,,[],"[""hospital"",""felege-hiwot"",""bahir-dar""]","{""lat"":11.608003,""lng"":37.3699025}",2026-07-27 22:07:25.776912+00,medical
b2cc4241-dbb0-4484-a7f0-0081725bec7b,Wolayta Cultural Village Centers,Cultural centers exhibiting Wolayta traditional architecture and lifestyle.,,,,[],"[""wolayta"",""sodo"",""heritage""]",,2026-07-27 22:07:25.776912+00,cultural
b4524629-f256-4d57-b6ae-23732213ae1e,Erta Ale Volcano Lava Lake,A continuously active basaltic shield volcano featuring one of the world's few persistent lava lakes in the Danakil desert.,Afar,Amedela,850,"[""https://upload.wikimedia.org/wikipedia/commons/thumb/0/07/Erta_Ale_lava_lake.jpg/1024px-Erta_Ale_lava_lake.jpg""]","[""Lava Lake"",""Volcano"",""Night Trekking"",""Extreme""]","{""lat"":13.6,""lng"":40.6667}",2026-07-27 21:19:12.232213+00,adventure
b474cb05-04e1-4512-bd7b-3383bafff91d,Mount Karayu Lava Tube Caving,Underground exploration of ancient lava flow tunnels near Fantale.,,,,[],"[""lava-tubes"",""caving"",""fantale""]",,2026-07-27 22:07:25.776912+00,adventure
b4a07b20-3354-418a-a80b-17a2ac4d0189,Ethnological Museum at Addis Ababa University,Comprehensive educational museum exhibiting the material culture of Ethiopia ethnic groups.,,,,[],"[""ethnological-museum"",""ethnography"",""tribal-culture""]",,2026-07-27 22:07:25.776912+00,educational
b587b09e-5cf7-46bb-ab15-2883d5dbb624,Assosa Urban Center,Regional capital city of Benishangul-Gumuz.,,,,[],"[""assosa"",""urban-center"",""benishangul""]",,2026-07-27 22:07:25.776912+00,urban
b591f80f-e757-4848-b688-e50b97007931,Sheraton Addis Resort Grounds & Boardwalks,"Paved garden walkways, step-free entrances, and accessible resort facilities.",,,,[],"[""sheraton"",""paved-grounds"",""accessible-resort""]",,2026-07-27 22:07:25.776912+00,accessible
b59727e4-d721-47d4-b534-ffdc553357e5,Debre Zeit Agricultural Research Center,"National lead center for teff, chickpea, and poultry research.",,,,[],"[""debre-zeit"",""agricultural-center"",""teff-research""]",,2026-07-27 22:07:25.776912+00,educational
b6046336-8442-4977-850f-14dfd8c9d66f,Friendship Park Phase I & II,State-of-the-art downtown urban plaza featuring fountains and promenades.,,,,[],"[""friendship-park"",""urban-plaza"",""addis""]",,2026-07-27 22:07:25.776912+00,urban
b61e5b08-c91d-4ce2-bba1-6fa553d26f78,Bonga Kafa Eco-Lodge Executive Wing,Upmarket eco-lodge wing situated inside pristine coffee rainforests.,South West Ethiopia Peoples,Bonga,,[],"[""bonga"",""executive-wing"",""rainforest-luxury""]","{""lat"":7.2645383,""lng"":36.2460526}",2026-07-27 22:07:25.776912+00,luxury
b66b300d-f7f3-4aea-aece-a0c1a5518667,Kafa Coffee Biosphere Reserve Research Station,Research station studying wild coffee genetics and rainforest ecosystems.,,,,[],"[""kafa-biosphere"",""coffee-research"",""biodiversity""]",,2026-07-27 22:07:25.776912+00,educational
b697b80e-b8f3-4880-92a9-8b2279b70a5a,Weyto Crafts & Reed Boat Community,Indigenous artisans known for crafting papyrus reed boats (Tankwa).,,,,[],"[""weyto"",""tankwa"",""lake-tana""]",,2026-07-27 22:07:25.776912+00,cultural
b6aecfe1-84e4-4370-8992-304f2c4a9c25,Sendafa Police Academy High-Altitude Athletic Tracks,Professional high-altitude running tracks used by elite distance runners.,Oromia,Sendafa,,[],"[""sendafa"",""athletic-tracks"",""high-altitude""]","{""lat"":9.155868,""lng"":39.023811}",2026-07-27 22:07:25.776912+00,sports
b6d0822a-e078-4fe7-a40f-d464fda30f7e,Gorgora Eco-Resort Villa Suites,Premium lakeside eco-resort villas on the northern shore of Lake Tana.,,,,[],"[""gorgora"",""luxury-villas"",""lake-tana""]",,2026-07-27 22:07:25.776912+00,luxury
b6d115e1-9702-4726-a874-591db2868a7a,Tulu Moye Geothermal Thermal Wells,Active geothermal area with natural steam baths and mineral waters.,,,,[],"[""geothermal"",""tulu-moye"",""wells""]",,2026-07-27 22:07:25.776912+00,medical
b7859b5c-c334-446f-bb0c-32d5b320250c,Sheka Rainforest Honey Outlets,Specialty outlets selling certified organic flora rainforest honey.,,,,[],"[""sheka"",""honey-outlets"",""masha""]",,2026-07-27 22:07:25.776912+00,culinary
b786899e-1235-4309-8773-302db27fe085,Paradise Lodge VIP Bungalows,Luxury thatched bungalows perched on cliffs overlooking Forty Springs and twin lakes.,,,,[],"[""paradise-lodge"",""vip-bungalows"",""arba-minch""]",,2026-07-27 22:07:25.776912+00,luxury
b79a32d5-6c63-4cc1-becb-c2f1eba832b7,Grand Resort and Spa MICE Facilities,Major lakeside conference resort in Bahir Dar.,,,,[],"[""grand-resort"",""mice"",""bahir-dar""]",,2026-07-27 22:07:25.776912+00,business
b7b844b3-22fb-437a-8e8f-627a9593794e,Lake Tana Outlet & Papyrus Boats,Traditional fishermen navigating papyrus reed boats (Tankwa) at sunrise.,Amhara,,,[],"[""lake-tana"",""papyrus-boats"",""tankwa""]","{""lat"":11.9507719,""lng"":37.294878}",2026-07-27 22:07:25.776912+00,photography
b7bfc38d-0f85-4a35-bebf-58be47ede083,Lake Tana Outlet to Blue Nile Falls Boat Route,Scenic boat route following the Blue Nile river outlet.,,,,[],"[""blue-nile"",""boat-route"",""lake-tana""]",,2026-07-27 22:07:25.776912+00,cruise
b7cda2f1-eaef-40d3-b85d-40f2ccd26f66,Yemrehanna Kristos Cave Church,11th-century built-up marble and wood church inside a basalt cave.,,,,[],"[""cave-church"",""built-church"",""lalibela""]",,2026-07-27 22:07:25.776912+00,religious
b81ee5f1-0025-46e8-892d-32113fa97521,Karrayyu Plain Overland Safari,Overland safari across Karrayyu pastoralist plain terrain.,,,,[],"[""overland"",""pastoralist"",""east-shewa""]",,2026-07-27 22:07:25.776912+00,adventure
b87059a5-5673-48c5-839a-b2b0997a6f55,Simien Escarpment Ridge Trekking,Dramatic cliffside ridge hiking from Sankaber to Chennek.,Amhara,,,[],"[""hiking"",""escarpment"",""simien""]","{""lat"":13.2458802,""lng"":38.0999456}",2026-07-27 22:07:25.776912+00,adventure
b8802b66-fe0e-4ee7-af1b-888ac78b6f90,Nigat Lake Resort VIP Cabins,Exclusive private lakefront cabins.,,,,[],"[""nigat-lake"",""vip-cabins"",""west-ethiopia""]",,2026-07-27 22:07:25.776912+00,luxury
b89ac6af-28f2-42d9-affc-ec736d03d69a,Jimma University Medical Center,Major medical referral center serving southwestern Ethiopia.,Oromia,Jimma,,[],"[""hospital"",""jimma"",""university""]","{""lat"":7.6792877,""lng"":36.8533248}",2026-07-27 22:07:25.776912+00,medical
b90d1e5f-6af8-4c9b-992c-101e44d8ac58,Senkele Sanctuary Open Plain Night Sky,Open grassland plain offering clear horizon-to-horizon night sky views.,,,,[],"[""senkele"",""open-plain"",""night-sky""]",,2026-07-27 22:07:25.776912+00,space
b93352cd-2f5c-4b4f-a433-9380939782cd,Addis Ababa Science Museum Space & Aviation Wing,"Interactive museum wing featuring satellite, space science, and aviation exhibits.",,,,[],"[""science-museum"",""space-wing"",""exhibits""]",,2026-07-27 22:07:25.776912+00,space
b9519fdf-5fc5-41bb-acd1-23bddbbb0383,Lake Chamo Crocodile Market (Nile Crocodiles & Hippos),Famous shoreline holding massive Nile crocodiles and hippo pods.,,,,[],"[""nile-crocodile"",""hippos"",""lake-chamo""]",,2026-07-27 22:07:25.776912+00,wildlife
b97358c0-f417-43e9-9de8-bedfd44c3f28,Ambo Apple & Fruit Orchards,Highland agricultural orchards specialized in temperate apple production.,Oromia,Ambo,,[],"[""ambo"",""apple-orchards"",""fruit-farms""]","{""lat"":8.982104,""lng"":37.8554406}",2026-07-27 22:07:25.776912+00,agritourism
b9a23bb4-1ffc-4535-b70e-56ed34bdde64,Borena Saynt National Park (Gelada Baboons),Protected highland forest home to large Gelada baboon troops.,,,,[],"[""gelada"",""borena-saynt"",""highland""]",,2026-07-27 22:07:25.776912+00,wildlife
b9c934a6-43d2-4c67-8e9d-07dc9bef75eb,የጎንደር ደብረ ብርሃን ሥላሴ ቤተክርስቲያን,"Historic church in the royal city of Gondar, featuring stunning frescoes and traditional Ethiopian architecture.",Amhara,Gondar,738.2,"[""https://images.unsplash.com/photo-1585208798174-6cedd86e019a?w=800"",""https://images.unsplash.com/photo-1605106901227-991bd663255c?w=800""]","[""Royal City"",""Historic"",""Frescoes"",""Orthodox""]","{""lat"":12.6092,""lng"":37.4661}",2025-12-07 07:00:43.902649+00,religious
ba001415-e817-4ba5-91ab-19576b02886c,Abijatta-Shalla Flamingos & Salt Crust Lakes,Massive pink flamingo colonies along saline lake shores.,,,,[],"[""abijatta-shalla"",""flamingos"",""bird-photography""]",,2026-07-27 22:07:25.776912+00,photography
ba25d77c-f5de-4608-b79c-4045fed750c3,Bishoftu Pyramids Resort & Spa,Lakeside pyramid-structured resort featuring spa and massage center.,Oromia,Bishoftu,,[],"[""pyramids-resort"",""bishoftu"",""spa""]","{""lat"":8.750004,""lng"":38.981734}",2026-07-27 22:07:25.776912+00,wellness
ba333088-9c00-4ee7-b962-298e550aefba,Churchill Avenue Public Walkway,Downtown urban walking boulevard connecting Piazza and Railway Station.,,,,[],"[""churchill-avenue"",""walkway"",""addis""]",,2026-07-27 22:07:25.776912+00,budget
ba380ed4-ea00-42e0-9a34-ae2427ca9117,Sof Omar Cave Pillars & Light Shafts,Sunlight beams cutting through subterranean limestone chambers.,,,,[],"[""sof-omar"",""light-shafts"",""cave-photography""]",,2026-07-27 22:07:25.776912+00,photography
ba3f6a9e-2205-40e9-a44f-57a2416dc874,Arba Minch Fish & Fruit Tasting Outlets,"Eateries offering fresh tropical fruits (mangoes, bananas) and Lake Chamo fish.",South Ethiopia Regional State,Arba Minch,,[],"[""arba-minch"",""fresh-fruit"",""fish-cutlet""]","{""lat"":6.0215142,""lng"":37.5539809}",2026-07-27 22:07:25.776912+00,culinary
ba5ee543-3d16-4d06-83b9-fc0de1b389c4,Bale Mountains National Park & Harenna Cloud Forest,Bio-diverse ecosystem containing alpine plateaus and dense mossy cloud forest.,,,,[],"[""bale"",""harenna"",""cloud-forest""]",,2026-07-27 22:07:25.776912+00,ecotourism
ba88e856-c9a7-46a7-81f5-41cb3cfe90ad,Kafa Biosphere Reserve,UNESCO Biosphere Reserve safeguarding wild coffee rainforest ecosystems.,,,,[],"[""kafa"",""unesco"",""biosphere""]",,2026-07-27 22:07:25.776912+00,ecotourism
ba97f6e3-ded6-4b0f-9b91-c34ce33838c4,Guji Coffee Farm Plantations,High-altitude specialty coffee farms set in organic forest environments.,,,,[],"[""guji-coffee"",""shakiso"",""plantations""]",,2026-07-27 22:07:25.776912+00,agritourism
ba9f56d3-b00a-4c7a-8531-0833b494f3cd,Lake Langano Public Beach Access,Public beach access points along Lake Langano.,Oromia,,,[],"[""langano"",""public-beach"",""low-cost""]","{""lat"":7.6120061,""lng"":38.7629256}",2026-07-27 22:07:25.776912+00,budget
bb297d28-8b26-43f4-87ad-45513e12cbbe,Senkele Hartebeest Sanctuary Conservation Center,Educational field center focused on endemic antelope protection.,,,,[],"[""senkele"",""conservation-center"",""hartebeest""]",,2026-07-27 22:07:25.776912+00,educational
bb55b346-d2fa-403f-8891-d4d865bf798d,Ethiopian Institute of Agricultural Research (EIAR - Holeta),Central national research center developing high-yield crops and farming tools.,,,,[],"[""eiar"",""holeta"",""agricultural-research""]",,2026-07-27 22:07:25.776912+00,educational
bb7553ff-8dce-4d61-ac69-ce032ad551d9,Konso Sorghum Beer (Pardo) & Local Dish Centers,Local gathering spots serving traditional low-alcohol fermented sorghum beer.,,,,[],"[""konso"",""sorghum-beer"",""pardo""]",,2026-07-27 22:07:25.776912+00,culinary
bba05c41-e598-4829-b96a-281cd5bb56bc,Guge Mountain High-Altitude Alpine Ecosystem,High-altitude mountain range featuring endemic afro-alpine plants.,,,,[],"[""guge-mountain"",""alpine"",""highlands""]",,2026-07-27 22:07:25.776912+00,ecotourism
bbba8177-f6f8-4379-bb72-c74eddfef287,Asham Africa Executive Lake Suites,Artfully designed luxury lakefront suites.,,,,[],"[""asham-africa"",""executive-suites"",""bishoftu""]",,2026-07-27 22:07:25.776912+00,luxury
bbbd1301-3228-4439-bb78-cc3abaa079a5,Getfam Hotel Presidential Suite,Luxury hotel suite featuring views over the capital city.,,,,[],"[""getfam-hotel"",""presidential-suite"",""addis""]",,2026-07-27 22:07:25.776912+00,luxury
bc5c38df-1497-4ecd-96d1-924bc1f164fe,Menz Guassa gelada baboon troops on cliff edges,High-altitude wildlife photography of Gelada baboons resting on cliffs.,,,,[],"[""guassa"",""gelada-baboons"",""cliff-edges""]",,2026-07-27 22:07:25.776912+00,photography
bca8a498-3c19-46be-b940-475794956631,Durame Urban Hub,Highland commercial town center of Kambaata.,Central Ethiopia Regional State,Durame,,[],"[""durame"",""urban-hub"",""kambaata""]","{""lat"":7.2438769,""lng"":37.9049922}",2026-07-27 22:07:25.776912+00,urban
bcd68e30-4fab-43ff-b93d-67a768a35b86,Battlefield of Maichew,Historic 1936 battlefield site of the Second Italo-Ethiopian War.,,,,[],"[""maichew"",""battlefield"",""second-italo-ethiopian-war""]",,2026-07-27 22:07:25.776912+00,dark
bd1ca5ba-8165-4805-9eb5-c49d8b293553,Addis Ababa Leather Goods Boutique Outlets,"Specialized boutiques selling Ethiopian leather jackets, bags, and shoes.",,,,[],"[""leather-goods"",""boutiques"",""addis""]",,2026-07-27 22:07:25.776912+00,shopping
bd57c662-08da-46da-bffa-c648362a13bc,Nechisar Bridge of God Ridge,Elevated land bridge separating two lakes with zero urban light.,,,,[],"[""nechisar"",""bridge-of-god"",""stargazing""]",,2026-07-27 22:07:25.776912+00,space
bda1d2aa-2b5c-4c90-a201-bfc2793fa645,Arbore Cultural Settlement,Indigenous pastoralist villages near the Chew Bahir basin.,,,,[],"[""arbore"",""south-omo"",""tribal""]",,2026-07-27 22:07:25.776912+00,cultural
bdc914c6-b0cc-4302-ad5a-7496a8b5f740,Addis Ababa Shiro Meda Shiro Tasting Outlets,Specialized local eateries famous for slow-cooked spiced chickpea stew (Shiro Tegabino).,,,,[],"[""shiro"",""shiro-meda"",""vegetarian""]",,2026-07-27 22:07:25.776912+00,culinary
bdd10ec0-fe1e-4536-b60a-400ed9c2804a,Haile Grand Hotel Promenade,Modern hotel property equipped with step-free entrances and elevators.,,,,[],"[""haile-grand"",""promenade"",""accessible""]",,2026-07-27 22:07:25.776912+00,accessible
bdd6772f-6bfb-4879-bdb6-f65d3ce9c837,Gorgora Eco-Resort & Lake Tana Shore,Eco-resort development on the northern wetlands of Lake Tana.,,,,[],"[""gorgora"",""eco-resort"",""lake-tana""]",,2026-07-27 22:07:25.776912+00,ecotourism
be0be554-18e3-4a59-b93e-6d77199792a3,Lower Awash Valley,UNESCO World Heritage site where key hominid fossils including Lucy and Ardi were discovered.,,,,[],"[""lower-awash"",""unesco"",""cradle-of-humankind""]",,2026-07-27 22:07:25.776912+00,ancestry
be24de44-9b7a-47c4-8687-51d5883c45e7,Dinsho Sanctuary & Forest Park,Headquarters of Bale Mountains National Park home to endemic Nyala.,,,,[],"[""dinsho"",""bale"",""sanctuary""]",,2026-07-27 22:07:25.776912+00,ecotourism
be311a32-b448-41f8-8f63-647f6f77af15,Bale Mountains Reforestation & Conservation Outposts,Environmental volunteer camps engaged in native tree planting and wolf protection.,,,,[],"[""bale"",""reforestation"",""tree-planting""]",,2026-07-27 22:07:25.776912+00,voluntourism
be475223-1ec6-4fca-abca-1460ed81b275,Axum King Bazens Tomb,Ancient rock-cut underground tomb attributed to King Bazen.,,,,[],"[""king-bazen"",""tomb"",""axum""]",,2026-07-27 22:07:25.776912+00,dark
beab2afc-d527-4d16-966c-139621393de9,Ayder Comprehensive Specialized Hospital,Major tertiary referral hospital serving northern Ethiopia.,,,,[],"[""hospital"",""ayder"",""mekelle""]",,2026-07-27 22:07:25.776912+00,medical
bf322d22-992f-4e90-9a6b-135d8559f6cf,Gondar Childrens Villages & Orphan Care Programs,Community orphan care centers offering short and long-term volunteer placements.,Amhara,Gonder,,[],"[""gondar"",""childrens-village"",""volunteering""]","{""lat"":12.610368,""lng"":37.466766}",2026-07-27 22:07:25.776912+00,voluntourism
bf5bc580-1fa1-40cd-9318-e7976d9762cd,Yirgacheffe Coffee Bean Buying Cooperatives,Direct buying outlets for world-renowned Yirgacheffe washed coffee beans.,,,,[],"[""yirgacheffe"",""coffee-beans"",""cooperatives""]",,2026-07-27 22:07:25.776912+00,shopping
bf6a9db1-5f34-4588-831c-f56b6debc699,Ethiopian Skylight Hotel Premium Wing,Massive 5-star luxury airport hotel offering presidential suites and fine dining.,,,,[],"[""skylight-hotel"",""premium-wing"",""luxury-suites""]",,2026-07-27 22:07:25.776912+00,luxury
bf769125-da9b-49e1-bd60-ea7ecdb4c2b2,Bole Brass Bakery & Ethiopian Pastry Circuit,"Trendy neighborhood famous for Ethiopian-Italian bakeries, macchiatos, and pastries.",,,,[],"[""bole-brass"",""bakery"",""pastry""]",,2026-07-27 22:07:25.776912+00,culinary
bf9007da-9802-469e-8a39-7298e9991d49,Unity Park & Imperial Palace Compound,Restored historical palace grounds transformed into a modern central urban park.,,,,[],"[""unity-park"",""imperial-palace"",""urban-park""]",,2026-07-27 22:07:25.776912+00,urban
c06dbff9-909d-4784-b3dd-a813bd5aad65,Specialized Kitfo Restaurants District,Concentrated neighborhood of specialized Kitfo houses serving spiced minced beef.,,,,[],"[""kitfo"",""gurage-cuisine"",""specialized-dining""]",,2026-07-27 22:07:25.776912+00,culinary
c0790a25-dedf-41d2-9ed5-29c856eed804,Lake Boyo Boating Access,Seasonal wetland boat access point.,,,,[],"[""boyo"",""boating-access"",""wetland""]",,2026-07-27 22:07:25.776912+00,cruise
c08bc924-0acd-43cb-9f12-bbc3ea1da327,Wonchi Crater Lake Wooden Boat Crossing Points,Traditional wooden boat ferry routes crossing to the island monastery.,,,,[],"[""wonchi"",""wooden-boats"",""crater-lake""]",,2026-07-27 22:07:25.776912+00,cruise
c0b7dbc0-d2f1-4be1-84bf-e3299256a73b,Lake Langano Shorelines (Birdwatching Circuit),Lake perimeter supporting over 300 recorded bird species.,,,,[],"[""birdwatching"",""langano"",""shoreline""]",,2026-07-27 22:07:25.776912+00,wildlife
c169a18c-4de9-4748-84b7-aa3b16fc0e67,Lake Hawassa Nature Reserve & Fish Market,Lakeside eco-reserve noted for abundant waterbirds and colobus monkeys.,Sidama,Hawassa,,[],"[""hawassa"",""nature-reserve"",""lake""]","{""lat"":7.0481029,""lng"":38.47861}",2026-07-27 22:07:25.776912+00,ecotourism
c179481b-6c20-4865-b8f5-dbcb192b4f58,Battlefield of Gura Historic Zone,Site of major 19th-century battles between Ethiopian forces and Egyptian armies.,,,,[],"[""gura"",""battlefield"",""19th-century""]",,2026-07-27 22:07:25.776912+00,dark
c1a6a16f-b964-4020-996f-e52242832066,Gibe Sheleko National Park (Hippos & Antelopes),"Protected river basin home to hippos, bushbucks, and kudus.",Oromia,,,[],"[""gibe"",""hippos"",""antelopes""]","{""lat"":8.0316904,""lng"":37.5949265}",2026-07-27 22:07:25.776912+00,wildlife
c1ba66a3-cd73-4c82-9f4c-953a6b26e2b6,Dungur Palace (Queen of Sheba Palace),Ruins of a grand 6th-century mansion in Axum traditionally associated with the Queen of Sheba.,Tigray,Axum,982,"[""https://upload.wikimedia.org/wikipedia/commons/thumb/1/18/Dungur_Palace_Axum.jpg/1024px-Dungur_Palace_Axum.jpg""]","[""Queen of Sheba"",""Axum"",""Palace"",""Ancient""]","{""lat"":14.1285,""lng"":38.7072}",2026-07-27 21:19:12.232213+00,historical
c1f3f587-83ba-4f98-be06-5fd54d0b7d3b,Baro-Akobo River System Boat Traverses,Lowland river system traversable by motorboats and canoes.,Gambela,Gambela,,[],"[""baro-akobo"",""river-traverses"",""gambella""]","{""lat"":8.2503656,""lng"":34.5877344}",2026-07-27 22:07:25.776912+00,cruise
c24b3f36-1bf5-4f43-84b4-4bbf702c8125,Menz Guassa Alpine Dark-Sky Conservation Reserve,Protected high-altitude moorland with clear celestial observation conditions.,,,,[],"[""guassa"",""dark-sky-reserve"",""alpine""]",,2026-07-27 22:07:25.776912+00,space
c2a5f29a-8add-47cb-b37b-afe5615dff82,Lewi Resort Lakefront Presidential Villas,Spacious presidential luxury villas positioned along Lake Hawassa.,,,,[],"[""lewi-resort"",""presidential-villas"",""hawassa""]",,2026-07-27 22:07:25.776912+00,luxury
c2c2d6ce-e4ff-4cfa-8c01-919b7023a595,Project Ethiopia Community Projects,Rural development volunteer projects focusing on school building and clean water.,,,,[],"[""project-ethiopia"",""community"",""bahir-dar""]",,2026-07-27 22:07:25.776912+00,voluntourism
c2c38c81-48d4-497e-87ff-d0758826c84c,Awash River Valley Birding Trail,"Rift valley trail showcasing dryland bustards, hornbills, and raptors.",,,,[],"[""birding-trail"",""awash-river"",""raptors""]",,2026-07-27 22:07:25.776912+00,wildlife
c2e0d3b0-1dd9-4031-845b-7d765123d934,Bishoftu Lakefront Injera & Fish Outlets,Crater lake restaurants serving fresh fish and traditional injera platters.,Oromia,Bishoftu,,[],"[""bishoftu"",""lakefront-dining"",""injera""]","{""lat"":8.750004,""lng"":38.981734}",2026-07-27 22:07:25.776912+00,culinary
c308b7ca-980c-4258-ac88-d390865e20c2,Gorgora Lakefront Wellness Thermal Springs,Lakeside natural hot spring outlets on northern Lake Tana.,,,,[],"[""thermal"",""gorgora"",""lake-tana""]",,2026-07-27 22:07:25.776912+00,medical
c3787e08-91b7-48a7-a6e5-cfa5aad25850,Dirre Sheikh Hussein Islamic Shrine,Sacred pilgrimage site dedicated to the 13th-century Sufi saint.,,,,[],"[""islamic"",""shrine"",""bale""]",,2026-07-27 22:07:25.776912+00,religious
c3857f50-9955-4876-b3e6-19e9ede617b0,Wolayta Enset & Root Crop Demonstration Farms,Demonstration farms showing sustainable cultivation of false banana and sweet potato.,,,,[],"[""wolayta"",""enset-farms"",""root-crops""]",,2026-07-27 22:07:25.776912+00,agritourism
c3c9d58f-18ce-48c3-94d5-140fc8406d02,Best Western Plus Pearl Luxury Wing,Modern luxury accommodations located in the heart of Bole.,,,,[],"[""best-western"",""luxury-wing"",""bole""]",,2026-07-27 22:07:25.776912+00,luxury
c47e7771-4ec9-4e1c-87e6-4819fc1cf1a6,Paradise Lodge Spa & Nature Retreat,Traditional thatched bungalow retreat featuring cliffside wellness views.,,,,[],"[""paradise-lodge"",""nature-retreat"",""arba-minch""]",,2026-07-27 22:07:25.776912+00,wellness
c48cf56c-8d47-4e35-a941-7d14e0fe1db0,Bati Camel Market Massive Encampment,High-angle photography of thousands of livestock and camel traders.,,,,[],"[""bati"",""camel-market"",""encampment""]",,2026-07-27 22:07:25.776912+00,photography
c4ab2a3f-ee1f-4113-b6f1-70e95604faba,Gidole Historical Fortifications,Historical hilltop defensive fortifications.,,,,[],"[""gidole"",""fortifications"",""historic""]",,2026-07-27 22:07:25.776912+00,dark
c4da7498-1ddf-4c3c-9f0e-cfa8e976aed0,Abba Pantelewon Monastery,Ancient cliffside monastery dedicated to one of the Nine Saints.,Oromia,Debre Libanos,,[],"[""abba-pantelewon"",""monastery"",""axum""]","{""lat"":9.7120303,""lng"":38.8475576}",2026-07-27 22:07:25.776912+00,religious
c58876fb-4d1a-4630-b48f-e8eb0ba7c4ae,Tana Cherkos Monastery,Island monastery said to have sheltered the Ark of the Covenant; picturesque lake setting.,Amhara,Lake Tana,570,"[""https://images.unsplash.com/photo-1605106901227-991bd663255c?w=1200&q=80""]","[""Monastery"",""Lake Tana"",""Island"",""Orthodox""]","{""lat"":11.83,""lng"":37.38}",2025-12-08 02:04:50.339394+00,religious
c63b0741-da33-4f2c-8a84-e52814f969cd,Halala Kella Luxury Presidential Lodge,Ultra-luxury resort lodge overlooking Koysha Reservoir featuring private villas.,,,,[],"[""halala-kella"",""presidential-lodge"",""koysha""]",,2026-07-27 22:07:25.776912+00,luxury
c644698a-faaa-474f-9a3c-913f713849f4,Gedeo Terraces Soil Conservation Projects,Volunteer initiatives working to maintain historic agricultural terraces.,,,,[],"[""gedeo"",""soil-conservation"",""terraces""]",,2026-07-27 22:07:25.776912+00,voluntourism
c66c5518-fc5c-43e0-8db8-62928fff08e5,Shashemene Rastafarian Village Walk,Low-cost cultural walking tour through the Melka Lunt Community.,,,,[],"[""shashemene"",""rastafarian-village"",""cultural-walk""]",,2026-07-27 22:07:25.776912+00,budget
c69c8eff-ee2c-473f-8102-5e00f9f366f3,Simien Mountains National Park,UNESCO World Heritage alpine national park featuring dramatic escarpments.,Amhara,,,[],"[""simien"",""unesco"",""national-park""]","{""lat"":13.2458802,""lng"":38.0999456}",2026-07-27 22:07:25.776912+00,ecotourism
c6e3c14d-8389-4905-8674-ce35539ea16b,Assosa Refugee Aid & Community Support Bases,Humanitarian aid volunteer bases providing relief and education support.,Benishangul-Gumuz,Assosa,,[],"[""assosa"",""refugee-aid"",""humanitarian""]","{""lat"":10.0646352,""lng"":34.5437024}",2026-07-27 22:07:25.776912+00,voluntourism
c7472836-4b47-4f35-b75c-3e6b91dc752d,Leku Sidama Basketry Outlets,Roadside outlets selling intricate woven Sidama baskets and mats.,,,,[],"[""leku"",""sidama-baskets"",""crafts""]",,2026-07-27 22:07:25.776912+00,shopping
c74ec0f3-cc83-492e-83ef-e848a7f1c346,Wenchi Crater Rim Stargazing Grounds,Volcanic ridge offering unpolluted views of the Milky Way galaxy.,,,,[],"[""wonchi"",""stargazing"",""crater-rim""]",,2026-07-27 22:07:25.776912+00,space
c758dc1d-f331-43f5-8391-6618dd72af28,Narga Selassie Island Monastery,18th-century circular monastery located on Dek Island in Lake Tana.,,,,[],"[""narga-selassie"",""dek-island"",""18th-century""]",,2026-07-27 22:07:25.776912+00,religious
c793a71f-abbc-4db9-96ff-5c90e817e977,Unity Park Botanical & Cultural Educational Wing,Educational park featuring regional zoo exhibits and indigenous flora displays.,,,,[],"[""unity-park"",""botanical-education"",""zoo""]",,2026-07-27 22:07:25.776912+00,educational
c7b77278-f7c6-434d-ab40-d4435aa9aee4,Lake Chamo Crocodile Market Shore,Telephoto photography of giant Nile crocodiles and hippos.,South Ethiopia Regional State,,,[],"[""lake-chamo"",""crocodile-market"",""wildlife-photography""]","{""lat"":5.835358,""lng"":37.568742}",2026-07-27 22:07:25.776912+00,photography
c7d9ce90-b7e9-4e67-89eb-d6097111ee39,Teferra specialized Cardiac Clinic,Specialized outpatient cardiovascular clinic.,,,,[],"[""cardiac"",""clinic"",""addis""]",,2026-07-27 22:07:25.776912+00,medical
c8018a74-ffd7-4341-a735-7a7041108187,Simien Mountains Ras Dashen Dark-Sky Plateau,High-altitude mountain plateau offering exceptional atmospheric clarity.,Amhara,,,[],"[""ras-dashen"",""dark-sky"",""simien""]","{""lat"":13.2364263,""lng"":38.3684558}",2026-07-27 22:07:25.776912+00,space
c80324f7-a8ac-49d2-984a-1363d4a01d2b,Gore-Meti Rainforest Off-Roading,Off-road vehicle expedition through pristine Southwestern rainforests.,,,,[],"[""off-roading"",""rainforest"",""southwest""]",,2026-07-27 22:07:25.776912+00,adventure
c8106f86-c5a5-4155-b9c0-843f43e74df1,Afar HamadEla Nomadic Flatbread & Roasted Goat Sites,Desert encampments serving traditional Afar stone-baked flatbread and goat roast.,,,,[],"[""afar"",""nomadic-food"",""roasted-goat""]",,2026-07-27 22:07:25.776912+00,culinary
c8314a67-e6f0-462f-a0b5-f89adcd07412,Shashemene Rastafarian School & Community Volunteers,Grassroots volunteer placements at local community schools and health clinics.,,,,[],"[""shashemene"",""community-school"",""volunteering""]",,2026-07-27 22:07:25.776912+00,voluntourism
c84f5b62-9037-4c44-b17d-2ec447c4d113,Dire Dawa Railway Station Historic Grounds,Historic French-built railway grounds accessible for public walks.,,,,[],"[""dire-dawa"",""railway-station"",""public-history""]",,2026-07-27 22:07:25.776912+00,budget
c89ff16a-7e73-433c-bf47-61a47da76fb9,Gambella General Hospital,Main general referral hospital in Gambella.,Gambela,Gambela,,[],"[""hospital"",""gambella"",""referral""]","{""lat"":8.2503656,""lng"":34.5877344}",2026-07-27 22:07:25.776912+00,medical
c9577d03-df72-451d-8753-0634bb21b5b0,Capital Hotel & Spa Executive Suites,Top-tier luxury executive suites near Kazanchis.,,,,[],"[""capital-hotel"",""executive-suites"",""addis""]",,2026-07-27 22:07:25.776912+00,luxury
c97a3843-b2a7-40eb-9556-760eb4719a37,Yirgalem Aregash Natura Lodge,Peaceful forest lodge offering nature relaxation and wellness walks.,,,,[],"[""aregash-natura"",""nature-lodge"",""sidama""]",,2026-07-27 22:07:25.776912+00,wellness
c9975165-c30b-4042-a1cc-702150fece87,Hawassa Vegetable & Horticulture Farms,Lakeside irrigated vegetable and greenhouse farms.,Sidama,Hawassa,,[],"[""hawassa"",""vegetable-farms"",""horticulture""]","{""lat"":7.0481029,""lng"":38.47861}",2026-07-27 22:07:25.776912+00,agritourism
c9a05a72-07be-48ff-9b30-486f79cc9dc3,Addis Ababa Golf Club,Historic 18-hole green golf course located in central Addis Ababa.,Addis Ababa,Lideta,,[],"[""golf"",""addis-ababa"",""18-hole""]","{""lat"":9.0020475,""lng"":38.7235554}",2026-07-27 22:07:25.776912+00,sports
c9aadb98-ff7c-46c2-9c51-e3ce746d3977,Ledi-Geraru Fossil Site,Discovery site of the 2.8-million-year-old jawbone representing the oldest known specimen of genus Homo.,,,,[],"[""ledi-geraru"",""oldest-homo"",""fossil-jaw""]",,2026-07-27 22:07:25.776912+00,ancestry
c9e51ff6-14bf-4b3a-b67d-a7077395aa6d,Ambo Mineral Water & Traditional Meat Houses,Eateries pairing naturally sparkling Ambo mineral water with roasted beef.,,,,[],"[""ambo"",""mineral-water"",""meat-houses""]",,2026-07-27 22:07:25.776912+00,culinary
c9fa1b0f-5aea-47e9-bedc-a2eb0f81ba81,Wukro Chirkos Rock-Hewn Church,Monolithic rock-hewn church located on the outskirts of Wukro.,,,,[],"[""wukro-chirkos"",""rock-church"",""tigray""]",,2026-07-27 22:07:25.776912+00,religious
ca093e05-7e32-465f-af28-9bae848b0b22,Harar Jugol Walled Historic City,Ancient UNESCO-walled Islamic city with 82 mosques and rich alleyways.,Harar,Harar,,[],"[""harar"",""unesco"",""walled-city""]","{""lat"":9.3118304,""lng"":42.1284009}",2026-07-27 22:07:25.776912+00,cultural
ca107b8f-38d9-463b-93fa-900d3dc3c7ea,Yangudi Rassa National Park (African Wild Ass),Arid national park designated to protect the critically endangered African wild ass.,Afar,,,[],"[""african-wild-ass"",""yangudi-rassa"",""afar""]","{""lat"":10.953845,""lng"":40.7470623}",2026-07-27 22:07:25.776912+00,wildlife
ca8b058d-8a0f-4be6-a308-b19e065fcc52,Alatish National Park,Remote park on the Sudan border featuring dry woodland ecosystems.,Amhara,,,[],"[""alatish"",""national-park"",""border""]","{""lat"":12.1520426,""lng"":35.5789699}",2026-07-27 22:07:25.776912+00,ecotourism
cabd417b-7068-42f3-9e54-94a4c910a935,Fincha Sugar Cane Estate & Valley,Integrated sugar cane plantation and factory in Wollega.,,,,[],"[""fincha"",""sugar-estate"",""wollega""]",,2026-07-27 22:07:25.776912+00,agritourism
cae2a2ec-99ff-42d8-a1f2-e6adcbc1d210,Hiwot Fana Specialized University Hospital,University teaching hospital in Harar.,Harar,Harar,,[],"[""hospital"",""hiwot-fana"",""harar""]","{""lat"":9.3118304,""lng"":42.1284009}",2026-07-27 22:07:25.776912+00,medical
cafeeec4-78c6-4d43-a466-5143963694a9,Jimma University Astrophysics Outpost,University research facility focused on astrophysics.,Oromia,Jimma,,[],"[""jimma-university"",""astrophysics"",""research""]","{""lat"":7.6792877,""lng"":36.8533248}",2026-07-27 22:07:25.776912+00,space
cb069543-1748-406e-85c5-a1ce6a139fbe,Abebech Gobena Childrens Care Center,Prominent child care organization welcoming educational and care volunteers.,,,,[],"[""abebech-gobena"",""orphan-care"",""volunteering""]",,2026-07-27 22:07:25.776912+00,voluntourism
cb38f3d5-5889-4363-beeb-aaf60ba7c5fd,Biyo Karaba Battle Monument,Historical battle monument site.,,,,[],"[""biyo-karaba"",""battle-monument"",""hararghe""]",,2026-07-27 22:07:25.776912+00,dark
cb48a7f7-9b77-419e-87e3-155d66bfe051,Menz Highland Sheep-Wool Weaving Settlements,Highland villages famous for weaving traditional black wool blankets (Banos).,,,,[],"[""weaving"",""wool"",""menz""]",,2026-07-27 22:07:25.776912+00,cultural
cb6263ff-6d91-4ec3-b653-624f067d0a72,Bahir Dar Marine Port & Lake Tana Boat Excursions,Main lakeside marine port offering chartered boat cruises across Lake Tana.,Amhara,,,[],"[""lake-tana"",""boat-excursions"",""bahir-dar""]","{""lat"":11.9507719,""lng"":37.294878}",2026-07-27 22:07:25.776912+00,cruise
cb88aaea-a723-4a93-9787-1e7974f21a6b,Nordic Medical Centre,Modern tertiary medical center in Addis Ababa.,Addis Ababa,Bole,,[],"[""hospital"",""nordic"",""addis""]","{""lat"":8.9844824,""lng"":38.7779038}",2026-07-27 22:07:25.776912+00,medical
cbf61002-7255-40ff-8c84-916440b60555,Kulture 2000 Cultural Dining Hub,Established cultural restaurant offering regional Ethiopian tasting platters.,Addis Ababa,Addis Ababa,,[],"[""kulture-2000"",""cultural-dining"",""addis""]","{""lat"":9.0358119,""lng"":38.7524315}",2026-07-27 22:07:25.776912+00,culinary
cc03ab07-e8c5-4875-aa6b-ff703490518e,Gudit Stelae Field / Ancient Necropolis,Ancient burial field legendarily associated with Queen Gudit.,,,,[],"[""gudit-stelae"",""necropolis"",""axum""]",,2026-07-27 22:07:25.776912+00,dark
cc41f408-e4b5-4ed8-9d1f-6163c440bc60,Adwa Victory Memorial Plaza,Massive central urban plaza and monument complex in central Addis Ababa.,,,,[],"[""adwa-memorial"",""urban-plaza"",""monument""]",,2026-07-27 22:07:25.776912+00,urban
cc651d7e-3e4a-4581-801b-2759342e9238,Ethiopian Red Terror Memorial Museum,Educational memorial museum documenting 20th-century political history.,,,,[],"[""red-terror-museum"",""historical-education"",""human-rights""]",,2026-07-27 22:07:25.776912+00,educational
cca58efb-210d-46e4-bdc7-e18d09c0f047,Battlefield of Adwa,Historic ground where African forces defeated an invading colonial army.,,,,[],"[""adwa"",""anti-colonial-history"",""historic-battlefield""]",,2026-07-27 22:07:25.776912+00,ancestry
ccca7f40-195e-4bbb-9b40-eef93c2d3c19,Melka Kunture Paleolithic Site,Prehistoric stone-age archaeological site along the Awash River.,,,,[],"[""paleolithic"",""archaeology"",""awash""]",,2026-07-27 22:07:25.776912+00,cultural
ccd96c6a-653b-4b49-b89d-ad46f0fdbfb5,Humera Sesame & Cotton Agricultural Estates,World-famous agricultural district for high-value white sesame.,Tigray,Humera,,[],"[""humera"",""sesame-estates"",""export-crops""]","{""lat"":14.2876868,""lng"":36.6088415}",2026-07-27 22:07:25.776912+00,agritourism
cd0b9480-c5e4-4ad6-9fea-3a06caf2b957,Borena Pastoralist Singing Wells Action Shots,Human chain of pastoralists chanting and tossing water buckets up deep wells.,,,,[],"[""singing-wells"",""borena"",""action-photography""]",,2026-07-27 22:07:25.776912+00,photography
cd27f056-465d-4de6-885a-3303d66bb62c,Ziway Sher Flower Farms & Greenhouses,Massive floriculture greenhouse complex exporting roses worldwide.,,,,[],"[""sher-flower-farms"",""ziway"",""greenhouses""]",,2026-07-27 22:07:25.776912+00,agritourism
cd92f038-c21a-441d-9a30-b1f45c8c7f06,Entoto Imperial Residence of Menelik II & Taitu,Restored wooden palace compound where modern Addis Ababa was founded.,Oromia,Sululta,,[],"[""entoto"",""menelik-ii"",""imperial-residence""]","{""lat"":9.1080861,""lng"":38.8193556}",2026-07-27 22:07:25.776912+00,ancestry
cd97858d-7037-4d55-adb0-5a02849abdb7,Bonga Wild Honey & Forest Apiaries,Forestry apiaries harvesting wild white honey from tree canopies.,South West Ethiopia Peoples,Bonga,,[],"[""bonga"",""wild-honey"",""apiaries""]","{""lat"":7.2645383,""lng"":36.2460526}",2026-07-27 22:07:25.776912+00,agritourism
cdc31095-fd44-4139-946a-c3dfdcdd0b5e,Entoto Natural Park,"Features extensive paved mountain walkways, accessible shuttles, and facilities.",Oromia,Sululta,,[],"[""entoto-park"",""accessible-walkways"",""paved""]","{""lat"":9.1080861,""lng"":38.8193556}",2026-07-27 22:07:25.776912+00,accessible
cdd44bf2-aac8-4bd7-903c-c8becde358ba,Bishoftu Babogaya Watersports Outpost,"Crater lake center for kayaking, paddleboarding, and swimming.",,,,[],"[""babogaya"",""watersports"",""kayaking""]",,2026-07-27 22:07:25.776912+00,sports
ce27af69-9b78-4eed-be46-2f16e237ef30,Entoto Park Wellness & Yoga Pavilions,Dedicated mountain air pavilions for outdoor yoga and meditation.,Oromia,Sululta,,[],"[""entoto-park"",""yoga-pavilions"",""wellness""]","{""lat"":9.1080861,""lng"":38.8193556}",2026-07-27 22:07:25.776912+00,wellness
ce315b42-117f-4561-9e47-159111abbb8d,Goba to Delo Mena Harenna Forest Mountain Biking,Downhill mountain bike trail through the dense Harenna Cloud Forest.,,,,[],"[""mountain-biking"",""forest"",""bale""]",,2026-07-27 22:07:25.776912+00,adventure
cee7e00f-e1be-4c5b-8530-409d3c0cc123,Degua Tembien Highlands (Birdlife & Raptors),Mountainous terrain providing nesting habitats for large birds of prey.,,,,[],"[""raptors"",""degua-tembien"",""birdwatching""]",,2026-07-27 22:07:25.776912+00,wildlife
cf28194b-f40c-4afe-91c8-1d98b22fde6a,Mount Entoto Trail Running Loop,Rigorous high-altitude forest trail running loop above Addis Ababa.,Oromia,Sululta,,[],"[""entoto"",""trail-running"",""marathon-prep""]","{""lat"":9.1080861,""lng"":38.8193556}",2026-07-27 22:07:25.776912+00,sports
cf918c3c-bd90-411d-88d6-ac3e9c4a59a8,Haile Resort Arba Minch Meeting Facilities,Resort meeting facility overlooking Lake Abaya and Lake Chamo.,South Ethiopia Regional State,Arba Minch,,[],"[""haile-resort"",""arba-minch"",""meetings""]","{""lat"":6.0215142,""lng"":37.5539809}",2026-07-27 22:07:25.776912+00,business
d08196bd-3d5d-4036-9f21-892902b23899,Addis Ababa Stadium Paved Entrance Zone,Flat concrete entrance zone.,Addis Ababa,Addis Ababa,,[],"[""addis-stadium"",""paved-entrance"",""sports""]","{""lat"":9.0358119,""lng"":38.7524315}",2026-07-27 22:07:25.776912+00,accessible
d0c78cdc-e007-4232-81b4-a00a2a3d0365,Bishoftu Kuriftu Waterpark & Watersports Center,"Waterpark facility offering kayaking, swimming, and water sports.",,,,[],"[""waterpark"",""watersports"",""kuriftu""]",,2026-07-27 22:07:25.776912+00,sports
d0f6ae18-31eb-4c9c-aa39-eb90c6529f1d,Bale Harenna Escarpment Paragliding,Extreme paragliding launches off the steep Harenna escarpment.,,,,[],"[""paragliding"",""escarpment"",""bale""]",,2026-07-27 22:07:25.776912+00,adventure
d14f5e73-2d24-4e2d-9c2e-684649b58120,Tiya Megalithic Carved Stelae Field,Intricately carved prehistoric burial markers.,Oromia,Tiya,,[],"[""tiya"",""carved-stelae"",""archaeological-photography""]","{""lat"":8.437331,""lng"":38.609296}",2026-07-27 22:07:25.776912+00,photography
d16140a6-e1a1-4ac3-a1f9-b7b08ba9bbd6,Sof Omar Geomorphology Education Site,Geological education destination displaying karst cave formation.,,,,[],"[""sof-omar"",""geomorphology"",""cave-science""]",,2026-07-27 22:07:25.776912+00,educational
d1960692-3be1-4dd9-9704-792abf9649dc,Wolisso Traditional Oromo Dish Outlets,Restaurants serving traditional Oromo dairy and meat preparations.,,,,[],"[""wolisso"",""oromo-cuisine"",""badhaasaa""]",,2026-07-27 22:07:25.776912+00,culinary
d19b0076-cc1c-42ed-9e0e-fedf79181c99,Wolayta Sodo Enset & Bulla Dish Centers,Culinary centers specialized in preparing Bulla porridge and Kocho.,,,,[],"[""wolayta"",""bulla"",""enset-cuisine""]",,2026-07-27 22:07:25.776912+00,culinary
d1a5ceb5-e488-4a1e-811e-1e5b18bf6f85,Debre Markos Comprehensive Hospital,Regional referral hospital in East Gojjam.,,,,[],"[""hospital"",""debre-markos"",""amhara""]",,2026-07-27 22:07:25.776912+00,medical
d1e5d3ca-937e-4599-be47-2221add9304d,Skylight Hotel Convention & Exhibition Center,Massive hotel convention and exhibition facility near Bole Airport.,,,,[],"[""skylight"",""convention-center"",""hotel""]",,2026-07-27 22:07:25.776912+00,business
d1fcf8af-7f2d-48fe-aaaa-640788f75ffa,Bonga Forest City Hub,Highland town center set within the Kafa rainforest.,South West Ethiopia Peoples,Bonga,,[],"[""bonga"",""forest-city"",""kafa""]","{""lat"":7.2645383,""lng"":36.2460526}",2026-07-27 22:07:25.776912+00,urban
d2308de5-fb96-44af-b084-3c50311dbf52,Assosa Town Central Plaza,Public municipal plaza in Assosa.,Benishangul-Gumuz,Assosa,,[],"[""assosa"",""central-plaza"",""public""]","{""lat"":10.0646352,""lng"":34.5437024}",2026-07-27 22:07:25.776912+00,budget
d2b651f4-500d-4e36-971a-d9757c2471fa,Harar Jugol Walled Historic Urban Center,Densely built historic walled city containing 82 mosques and ancient townhouses.,,,,[],"[""harar-jugol"",""walled-city"",""urban-heritage""]",,2026-07-27 22:07:25.776912+00,urban
d308d163-cb67-4f16-82cc-bfde3e42667e,Melka Kunture & Balchit Prehistoric Sites,Major open-air paleolithic site displaying millions of years of hominid stone tool evolution.,,,,[],"[""melka-kunture"",""prehistoric"",""stone-tools""]",,2026-07-27 22:07:25.776912+00,ancestry
d3572147-baed-4397-b69a-380ec7a58894,Tibebe Ghion Specialized Hospital,University specialized teaching and referral hospital in Bahir Dar.,Amhara,Sebatamit,,[],"[""hospital"",""tibebe-ghion"",""bahir-dar""]","{""lat"":11.5250362,""lng"":37.4002724}",2026-07-27 22:07:25.776912+00,medical
d37a302d-a566-4feb-8677-a5615194a1fa,Gurage Agricultural Enset Villages,Densely cultivated rural hamlets reliant on false banana agriculture.,,,,[],"[""gurage"",""enset-villages"",""wolkite""]",,2026-07-27 22:07:25.776912+00,rural
d3e114d6-9200-4ddf-a2f0-5facfd55520b,Lake Kuriftu Resort Private Boating Pier,Private resort pier for scenic crater lake cruises.,,,,[],"[""kuriftu"",""boating-pier"",""resort""]",,2026-07-27 22:07:25.776912+00,cruise
d403b0cc-d554-42ae-bb06-6f9761dc9a67,Gullele Botanic Garden Research & Planting Base,Botanical volunteer program focusing on propagation of endemic plant species.,,,,[],"[""gullele"",""botanic-garden"",""research-volunteer""]",,2026-07-27 22:07:25.776912+00,voluntourism
d40e83d4-324f-4ae4-8c3a-f135f1dea77e,Bishoftu Kuriftu Resort & Spa MICE Facilities,Premier lakeside corporate retreat and convention resort.,,,,[],"[""kuriftu"",""mice"",""bishoftu""]",,2026-07-27 22:07:25.776912+00,business
d40f95e9-ebb1-48a5-9d82-b405882ae682,Lake Hawassa Kayak & Rowing Training Grounds,Calm lake waters used for competitive kayak and rowing training.,Sidama,Hawassa,,[],"[""hawassa"",""kayak"",""rowing""]","{""lat"":7.0481029,""lng"":38.47861}",2026-07-27 22:07:25.776912+00,sports
d43c3571-c894-49a4-a2cf-c74c1f62b4ba,Nigat Lake Resort Boating Docks,Resort lake dock providing water tours.,,,,[],"[""nigat-lake"",""boating-docks"",""west-ethiopia""]",,2026-07-27 22:07:25.776912+00,cruise
d56c346b-8865-40bf-a2b4-4bd09099960c,Narga Selassie Monastery,"18th-century circular church on Dek Island, Lake Tana; known for its serene forest setting.",Amhara,Lake Tana,570,"[""https://images.unsplash.com/photo-1585208798174-6cedd86e019a?w=800"",""https://images.unsplash.com/photo-1605106901227-991bd663255c?w=800""]","[""Monastery"",""Lake Tana"",""Island"",""Orthodox""]","{""lat"":11.93,""lng"":37.3}",2025-12-08 02:04:50.339394+00,religious
d58e4ea2-e53f-46dc-ac71-74e34a197f27,Sodo Wolayta Handicap & Rehabilitation Outposts,Community rehabilitation centers serving individuals with physical disabilities.,South Ethiopia Regional State,Wolaita Sodo,,[],"[""sodo"",""rehabilitation"",""handicap-support""]","{""lat"":6.8577533,""lng"":37.7578499}",2026-07-27 22:07:25.776912+00,voluntourism
d6b3ee59-b0d1-42ec-9ec1-6e2edb0335d8,Dessie Mountain Viewpoints,Free mountain viewpoints surrounding Dessie town.,Amhara,Dessie,,[],"[""dessie"",""mountain-viewpoint"",""wollo""]","{""lat"":11.122604,""lng"":39.634982}",2026-07-27 22:07:25.776912+00,budget
d6cd3ad9-9dca-4129-8ea9-1f90382595bd,Mount Choke Alpine Zone (Highland Endemics),Alpine zone harboring specialized high-altitude mammals and birds.,,,,[],"[""choke"",""highland-endemics"",""alpine""]",,2026-07-27 22:07:25.776912+00,wildlife
d6df88bd-3851-4bfa-8035-ded28f9bf6f1,Ura Kidane Mehret Boat Pier,Primary boat dock serving visitors to the Zegie Peninsula monasteries.,,,,[],"[""ura-kidane-mehret"",""boat-pier"",""zegie""]",,2026-07-27 22:07:25.776912+00,cruise
d6f4b506-358c-4c07-8613-545df8856a24,Argobba Heritage Villages,Historic hillside villages home to the distinct Argobba ethnic group.,,,,[],"[""argobba"",""aliyu-amba"",""village""]",,2026-07-27 22:07:25.776912+00,cultural
d7f5a624-739b-41fd-b8e1-892b02e83a62,Harar Hyena Feeding Sites (Spotted Hyenas),Famous nighttime urban edge site where wild spotted hyenas are hand-fed.,Harar,Harar,,[],"[""hyenas"",""harar"",""hyena-man""]","{""lat"":9.3118304,""lng"":42.1284009}",2026-07-27 22:07:25.776912+00,wildlife
d9060840-28ba-48c8-8e9e-54a647b5c49f,Ankober Cultural & Forestry Research Station,Research station combining highland forestry and Shewan history.,Amhara,Ankober,,[],"[""ankober"",""forestry-research"",""history-station""]","{""lat"":9.5911547,""lng"":39.7338213}",2026-07-27 22:07:25.776912+00,educational
d9200ca5-7926-41cc-a947-69ca12c42f63,Hossaena Deaf Education & Training Center,Nationally recognized school and vocational center for deaf students.,,,,[],"[""hossaena"",""deaf-education"",""specialized-volunteering""]",,2026-07-27 22:07:25.776912+00,voluntourism
d9c33e5f-b8ad-41c5-b07f-00fcb967bd10,Assosa Berta Musical Villages,Rural villages maintaining rich indigenous musical heritage.,Benishangul-Gumuz,Assosa,,[],"[""assosa"",""berta"",""musical-villages""]","{""lat"":10.0646352,""lng"":34.5437024}",2026-07-27 22:07:25.776912+00,rural
da090c95-b649-47c3-b1a3-ec24daee6852,Karo Village of Korcho,Scenic cliffside village known for intricate body and face painting.,,,,[],"[""karo"",""body-painting"",""omo-river""]",,2026-07-27 22:07:25.776912+00,cultural
da70a43d-429f-4e57-a02b-51f7d4ae990b,Ankober Imperial Palace Grounds,Historic mountain site of the 19th-century kingdom of Shewa.,Amhara,Ankober,,[],"[""ankober"",""imperial"",""shewa""]","{""lat"":9.5911547,""lng"":39.7338213}",2026-07-27 22:07:25.776912+00,cultural
da75ccf6-1c7c-4820-adcd-137529a8fcb1,Ankober Dungeon & Historical Exiles Site,Historic mountain prison where political prisoners were exiled in Shewa.,,,,[],"[""ankober-dungeon"",""exiles-site"",""history""]",,2026-07-27 22:07:25.776912+00,dark
da831cda-4c1d-4ed2-b618-29e712ef9443,Abebe Bikila Stadium,Renovated municipal stadium named after the legendary barefoot Olympic marathoner.,Addis Ababa,Addis Ketema,,[],"[""abebe-bikila"",""stadium"",""addis""]","{""lat"":9.0431757,""lng"":38.723931}",2026-07-27 22:07:25.776912+00,sports
daa5fe9a-bba1-478f-ac29-4df3e649c514,Kunzila Lakefront Jetty,Southwestern boat jetty on Lake Tana.,,,,[],"[""kunzila"",""jetty"",""lake-tana""]",,2026-07-27 22:07:25.776912+00,cruise
dac81ac1-35fc-432e-9cd8-daf0752fcc5d,Gondar University Comprehensive Specialized Hospital,Historic university teaching and specialized medical center.,,,,[],"[""hospital"",""gondar"",""university""]",,2026-07-27 22:07:25.776912+00,medical
db32061a-ab70-4f9b-ac1f-43199b1eec7f,Sof Omar Caves System,Vast underground cave system carved by the Weib River.,,,,[],"[""caving"",""underground"",""bale""]",,2026-07-27 22:07:25.776912+00,adventure
db321a40-1895-499a-b7e3-0d36dcd6075f,Wolisso Urban Hub,Resort town hub located along the southwestern highway.,,,,[],"[""wolisso"",""urban-hub"",""west-shewa""]",,2026-07-27 22:07:25.776912+00,urban
db593f69-6a53-49a8-b2ee-7ef49c5e7aa5,Sor Waterfall Caving & Trek,Trek through rainforest leads to deep caves behind Sor Waterfall.,,,,[],"[""waterfall"",""caving"",""illubabor""]",,2026-07-27 22:07:25.776912+00,adventure
db62f9e9-528d-4391-8bf2-1b6942014eda,Kahtasa Community Conservation Area,Locally managed conservation area protecting mountain habitats.,,,,[],"[""kahtasa"",""community-conservation"",""tigray""]",,2026-07-27 22:07:25.776912+00,ecotourism
dbaf8569-c376-4600-b4f1-4fbbd65a7342,Arba Minch Lake View Golf & Sports Grounds,Scenic sports grounds overlooking Lake Abaya and Lake Chamo.,South Ethiopia Regional State,Arba Minch,,[],"[""arba-minch"",""golf"",""lake-view""]","{""lat"":6.0215142,""lng"":37.5539809}",2026-07-27 22:07:25.776912+00,sports
dbd1d649-dee6-4d21-b919-375f7640111f,Goba High-Altitude Training Grounds,"High-altitude distance running training grounds (2,700m).",Oromia,Goba,,[],"[""goba"",""high-altitude"",""bale""]","{""lat"":7.0073251,""lng"":39.9694204}",2026-07-27 22:07:25.776912+00,sports
dbe91004-6fc5-4257-9308-9cc595ac0057,Dega Estifanos Island Monastery,Island monastery holding preserved mummified remains of Ethiopian emperors.,Oromia,Debre Libanos,,[],"[""dega-estifanos"",""monastery"",""royal-mummies""]","{""lat"":9.7120303,""lng"":38.8475576}",2026-07-27 22:07:25.776912+00,religious
dbf38013-7737-452c-b446-a1bafad5c7de,Ramada by Wyndham Executive Wing,International standard luxury business suites.,,,,[],"[""ramada"",""executive-wing"",""addis""]",,2026-07-27 22:07:25.776912+00,luxury
dc000e55-c905-48f5-85ec-081dcf26edd1,Assosa Mountain Ridges Night Sky Points,Highland mountain ridges in western Ethiopia with low light pollution.,Benishangul-Gumuz,Assosa,,[],"[""assosa"",""mountain-ridges"",""night-sky""]","{""lat"":10.0646352,""lng"":34.5437024}",2026-07-27 22:07:25.776912+00,space
dc09a11b-a8d9-415f-8219-aeb1b62bb939,Bale Mountains (Ethiopian Wolf & Mountain Nyala),Premier sanctuary for the endangered Ethiopian Wolf and Mountain Nyala.,,,,[],"[""ethiopian-wolf"",""mountain-nyala"",""bale""]",,2026-07-27 22:07:25.776912+00,wildlife
dc5beebd-989a-421f-bc04-1acf95121a0b,Abijatta-Shalla Lakes Research Outpost,Field station monitoring Rift Valley water chemistry and bird migration.,,,,[],"[""abijatta-shalla"",""limnology"",""saline-lakes""]",,2026-07-27 22:07:25.776912+00,educational
dc6033f3-6e96-480e-bc1c-1a585c1faf16,Debre Zeit Agricultural Research Farm Outposts,"Research farms specialized in teff, pulse crops, and poultry breeding.",,,,[],"[""debre-zeit"",""agricultural-research"",""chickpeas""]",,2026-07-27 22:07:25.776912+00,agritourism
dc659384-abee-4587-a7cb-8c8905a2338e,Babile Elephant Sanctuary Patrol Support Camps,Wilderness volunteer outposts assisting elephant tracking and research.,,,,[],"[""babile"",""elephant-sanctuary"",""patrol-support""]",,2026-07-27 22:07:25.776912+00,voluntourism
dc6c13c6-9881-429d-9cce-bdbf3a3320b7,Debre Wegag Monastery,Historic monastic sanctuary situated along Lake Tana.,,,,[],"[""monastery"",""lake-tana"",""island""]",,2026-07-27 22:07:25.776912+00,religious
dcce7b3d-71ff-490e-b2ad-5dde6d5f7c9c,Bishoftu Crater Lakes Network,Collection of volcanic crater lakes offering scenic natural habitats.,Oromia,Bishoftu,,[],"[""crater-lakes"",""bishoftu"",""eco-network""]","{""lat"":8.750004,""lng"":38.981734}",2026-07-27 22:07:25.776912+00,ecotourism
dd139f31-158e-4197-ab08-e88a5bf23ad3,Mariam Korkor Monastery,Rock-hewn church in Gheralta with stunning frescoes; accessible via challenging climb.,Tigray,Gheralta,780,"[""https://images.unsplash.com/photo-1585208798174-6cedd86e019a?w=800"",""https://images.unsplash.com/photo-1605106901227-991bd663255c?w=800""]","[""Monastery"",""Rock-Hewn"",""Gheralta"",""Frescoes"",""Orthodox""]","{""lat"":13.91,""lng"":39.19}",2025-12-08 05:10:50.501803+00,religious
dd373029-f367-4677-9213-c7074713ac9d,Menz Guassa Community Conservation Area,Oldest community-managed Afro-alpine natural conservation area.,Amhara,,,[],"[""guassa"",""community-conservation"",""menz""]","{""lat"":10.3511111,""lng"":39.7959722}",2026-07-27 22:07:25.776912+00,ecotourism
de0111c1-703e-4a89-b998-99ca0df03a61,Ethnological Museum at Addis Ababa University,Museum set inside Haile Selassie former palace showcasing tribal heritage.,,,,[],"[""ethnology"",""museum"",""haile-selassie""]",,2026-07-27 22:07:25.776912+00,cultural
de476c5c-1f7b-44e6-b522-a1b087934aab,Korcho Karo Village,Scenic rural village perched high above a bend in the Omo River.,,,,[],"[""korcho"",""karo"",""omo-river""]",,2026-07-27 22:07:25.776912+00,rural
de4b90da-9a8f-4d14-9edb-0936c1e8cf54,Wonchet Monastery,"Ancient monastery in the Tigray region, known for its remote location and spiritual significance.",Tigray,Tigray,950,"[""https://images.unsplash.com/photo-1585208798174-6cedd86e019a?w=800"",""https://images.unsplash.com/photo-1605106901227-991bd663255c?w=800""]","[""Monastery"",""Tigray"",""Remote"",""Historic"",""Orthodox""]","{""lat"":14.2,""lng"":39.1}",2025-12-08 05:10:50.501803+00,religious
de804fb7-93e7-425c-9ea1-55219fe34242,Bodi & Suri Cattle Culture Settlements,Tribal settlements practicing ancient cattle-centric cultural traditions.,,,,[],"[""suri"",""bodi"",""bench-maji""]",,2026-07-27 22:07:25.776912+00,cultural
de92f8b1-10d1-4146-b8a9-16080089546f,Temple of Yeha,"The oldest standing structure in Ethiopia, dating to roughly 700 BC. Built in the Sabaean style with mortarless stone block walls.",Tigray,Yeha,930,"[""https://upload.wikimedia.org/wikipedia/commons/thumb/9/9f/Yeha_Great_Temple.jpg/1024px-Yeha_Great_Temple.jpg""]","[""Ancient History"",""Sabaean"",""Archeology""]","{""lat"":14.2831,""lng"":39.0161}",2026-07-27 21:19:12.232213+00,historical
deaec14b-0031-4456-866d-2ac585815219,Elilly International Hotel VIP Wing,High-end hotel accommodation in the diplomatic zone.,,,,[],"[""elilly-hotel"",""vip-wing"",""kazanchis""]",,2026-07-27 22:07:25.776912+00,luxury
deb3bf1c-c2a1-4b71-a02c-fd7d9e92e1c2,Illubabor Rainforest Edge Villages,Remote villages located along the edge of primary rainforests.,,,,[],"[""illubabor"",""rainforest-edge"",""gore""]",,2026-07-27 22:07:25.776912+00,rural
df9ba565-7a8a-434a-a692-a89f70761e4b,Wenchi Crater Mountain Biking Trails,Challenging downhill and rim mountain biking routes.,,,,[],"[""wonchi"",""mountain-biking"",""crater-lake""]",,2026-07-27 22:07:25.776912+00,sports
df9dca52-8ed4-4611-b7ef-04776d976b17,Sankaber Campsite,Budget wilderness campsite along the Simien trekking route.,,,,[],"[""sankaber"",""campsite"",""simien-mountains""]",,2026-07-27 22:07:25.776912+00,budget
dfe26783-ecf8-4932-9e7e-be9054d0e8d3,Chichinia / Bole Road Shopping District,"Modern urban strip lined with fashion boutiques, malls, and shops.",,,,[],"[""bole-road"",""boutiques"",""shopping-district""]",,2026-07-27 22:07:25.776912+00,shopping
dfeeb2c0-b6a8-45d6-bbd7-149e0848373a,Dendi Crater Lake Boating Shore,High-altitude twin crater lake shore offering boat excursions.,Oromia,Dendi,,[],"[""dendi"",""boating"",""crater-lake""]","{""lat"":8.9347933,""lng"":38.1236741}",2026-07-27 22:07:25.776912+00,cruise
e088bf30-3862-40b0-98c5-ff9093204c93,Jibat Forest Eco-Reserve,Dense indigenous mountain forest rich in endemic fauna.,Oromia,Jibat,,[],"[""jibat"",""forest-reserve"",""west-shewa""]","{""lat"":8.7435984,""lng"":37.4727901}",2026-07-27 22:07:25.776912+00,ecotourism
e08c1b7d-f15f-4226-9a5f-3693faa2eb30,Turmi Public Town Center,Walkable public center of Turmi village.,,,,[],"[""turmi"",""town-center"",""public-access""]",,2026-07-27 22:07:25.776912+00,budget
e0ee99c1-c9fb-4dfd-b2cd-11b6d59fa054,Mount Gurage Alpine Peak Stargazing Site,Alpine peak providing unobstructed astronomical viewing.,,,,[],"[""mount-gurage"",""stargazing"",""high-altitude""]",,2026-07-27 22:07:25.776912+00,space
e0eff33d-15e7-414f-b4b1-b789a8c93d34,Nakuto Laab Cave Church,Historic cave church known for holy water dripping from its roof.,,,,[],"[""cave-church"",""lalibela"",""holy-water""]",,2026-07-27 22:07:25.776912+00,religious
e1382cdc-e501-45f4-9f90-7d38c112fe15,Grand Resort & Spa Wellness Wing,Lakeside wellness center offering spa treatments on Lake Tana.,,,,[],"[""grand-resort"",""wellness-wing"",""bahir-dar""]",,2026-07-27 22:07:25.776912+00,wellness
e146f45b-dfc7-462c-975a-7e0ac0d35fb8,Filwoha Thermal Baths & Hydrotherapy Center,Historic municipal wellness center providing natural mineral steam and baths.,,,,[],"[""filwoha"",""hydrotherapy"",""addis""]",,2026-07-27 22:07:25.776912+00,wellness
e161228f-f8bb-4d3c-b956-302608ba79ac,Yemrehanna Kristos Built Cave Church Interior,Intricate wooden and marble church built inside a dark natural cave.,,,,[],"[""yemrehanna-kristos"",""cave-church"",""interior-photography""]",,2026-07-27 22:07:25.776912+00,photography
e16cab51-6ff7-4411-8838-d9c7f44a3a6d,Dallol Acid Pits & Desert Abandoned Mining Camp,Abandoned 1920s potash mining camp set amidst toxic acid springs.,Afar,,,[],"[""dallol"",""acid-pits"",""abandoned-camp""]","{""lat"":14.2424728,""lng"":40.2996919}",2026-07-27 22:07:25.776912+00,dark
e1c95bca-7feb-4f2c-8812-760e3ae91a38,Debre Tsehai Selassie Monastery,"Historic monastery in Gondar, known for its beautiful frescoes and royal connections.",Amhara,Gondar,738,"[""https://images.unsplash.com/photo-1585208798174-6cedd86e019a?w=800"",""https://images.unsplash.com/photo-1605106901227-991bd663255c?w=800""]","[""Monastery"",""Gondar"",""Frescoes"",""Royal"",""Orthodox""]","{""lat"":12.61,""lng"":37.467}",2025-12-08 05:10:50.501803+00,religious
e2094401-518e-4d27-9264-269f57b3ced2,Blue Nile Falls Village Hike,Low-cost local village trail leading to Tis Abay falls.,,,,[],"[""tis-abay"",""village-hike"",""budget-trek""]",,2026-07-27 22:07:25.776912+00,budget
e225fcf9-c537-426c-bf36-c2d4681477b2,Tiya Megalithic Archaeological Center,Educational visitor center explaining ancient megalithic burial cultures.,Oromia,Tiya,,[],"[""tiya"",""archaeology-center"",""unesco""]","{""lat"":8.437331,""lng"":38.609296}",2026-07-27 22:07:25.776912+00,educational
e287794e-e687-46bd-8c89-a0fd0a991ddd,Tiya Megalithic Burial Stelae Field,UNESCO World Heritage site containing 36 carved ancient burial monuments.,Oromia,Tiya,,[],"[""tiya"",""unesco"",""stelae""]","{""lat"":8.437331,""lng"":38.609296}",2026-07-27 22:07:25.776912+00,cultural
e29e1457-4de8-430d-af73-bfa7b7e3c8fc,Debre Birhan Selassie Church,Historic church famous for its ceiling painted with winged Cherubs.,,,,[],"[""gondar"",""angels-ceiling"",""church""]",,2026-07-27 22:07:25.776912+00,religious
e2abb4a3-e748-46e1-a5e2-6b98d40a57e5,Awash National Park,"One of Ethiopia's oldest national parks, encompassing the Awash River Falls, Fantale Volcano, acacia savannas, and abundant birdlife.",Afar,Awash,225,"[""https://upload.wikimedia.org/wikipedia/commons/thumb/9/91/Awash_Falls_Ethiopia.jpg/1024px-Awash_Falls_Ethiopia.jpg""]","[""Waterfalls"",""Savanna"",""Oryx"",""Safari""]","{""lat"":8.8833,""lng"":40}",2026-07-27 21:19:12.232213+00,park
e2bc4b10-628f-47d2-958e-b668cc85549e,Sora Lodge Backpackers Camp,Budget camping grounds overlooking Lalibela valleys.,,,,[],"[""sora-lodge"",""backpackers"",""camping""]",,2026-07-27 22:07:25.776912+00,budget
e2d4af36-94e9-4b2b-aaa3-79acec03717a,Gondar Fasilides Dungeon & Prison Ruins,Preserved 17th-century subterranean dungeon inside the royal enclosure.,,,,[],"[""gondar-dungeon"",""fasilides"",""historic-prison""]",,2026-07-27 22:07:25.776912+00,dark
e2ee61b6-a524-49b4-86d6-bc8e3c455418,Wolisso Ambo Mineral Thermal Baths,Volcanic mineral springs utilized for therapeutic hot spring baths.,,,,[],"[""thermal"",""wolisso"",""spa""]",,2026-07-27 22:07:25.776912+00,medical
e3442236-676c-47fc-b4ac-1a07a49cc3e9,Abijatta-Shalla Lakes Salt Flat Overland Route,Off-road driving route between twin contrasting Rift Valley lakes.,Oromia,,,[],"[""overland"",""salt-flats"",""rift-valley""]","{""lat"":5,""lng"":37}",2026-07-27 22:07:25.776912+00,adventure
e36ccfb2-d9d8-4896-9acc-b67043d86c1c,Metahara Historical Rail Disaster Site,Historical site marking early Franco-Ethiopian railway accidents.,,,,[],"[""metahara"",""rail-disaster"",""historic-site""]",,2026-07-27 22:07:25.776912+00,dark
e3db7806-063f-4a4c-afe1-437cca097691,Ura Kidane Mehret Monastery,Lake Tana island monastery on the Zege peninsula; famed for painted murals and manuscripts.,Amhara,Zege (Bahir Dar),565,"[""https://images.unsplash.com/photo-1605106901227-991bd663255c?w=1200&q=80""]","[""Monastery"",""Lake Tana"",""Murals"",""Orthodox""]","{""lat"":11.907,""lng"":37.32}",2025-12-08 02:25:39.065556+00,religious
e425980a-bc0c-48c0-88a0-42c35caf9007,Turmi Hamer Community Water & School Outposts,Grassroots NGO outposts building clean water wells and rural schools.,,,,[],"[""turmi"",""water-projects"",""community-outpost""]",,2026-07-27 22:07:25.776912+00,voluntourism
e43e4909-b137-48b4-8547-494e60b916cb,Yeha Great Temple of the Moon,5th-century BC stone temple representing the oldest standing structure in Ethiopia.,Tigray,Yeha,,[],"[""yeha"",""ancient"",""sabaean""]","{""lat"":14.2859622,""lng"":39.0179108}",2026-07-27 22:07:25.776912+00,cultural
e48e38f3-4bc6-4813-bc19-ebb73f341bba,Aron International Hotel Event Halls,Equipped business halls in central Addis Ababa.,Addis Ababa,Addis Ababa,,[],"[""aron-international"",""event-halls"",""addis""]","{""lat"":9.0358119,""lng"":38.7524315}",2026-07-27 22:07:25.776912+00,business
e5290277-feee-4b18-a0fb-09251f03e4cc,Debre Markos Tej Houses Circuit,Famous regional taverns serving pure Gojjam honey wine.,,,,[],"[""debre-markos"",""tej-houses"",""gojjam""]",,2026-07-27 22:07:25.776912+00,culinary
e52c385f-efbd-441b-a870-46d78f57672d,Bati Cultural Camel & Livestock Market,"Cross-cultural market where Afar, Oromo, and Amhara traders meet.",,,,[],"[""bati"",""market"",""camel""]",,2026-07-27 22:07:25.776912+00,cultural
e5616ade-a78a-4848-8707-767599849de4,Lake Tana Wetland Protection Volunteer Bases,Conservation stations focused on papyrus wetland and bird habitat restoration.,Amhara,,,[],"[""lake-tana"",""wetland-protection"",""volunteer""]","{""lat"":11.9507719,""lng"":37.294878}",2026-07-27 22:07:25.776912+00,voluntourism
e5a45217-8193-4c21-bbd7-7966c36992a5,Dire Dawa Railway Historic Museum,Museum preserving Franco-Ethiopian railway history and rolling stock.,,,,[],"[""dire-dawa"",""railway-museum"",""industrial-history""]",,2026-07-27 22:07:25.776912+00,educational
e5b41c71-30d9-454f-b3fe-e78c346bb04e,Arba Minch Paradise Lodge Lakeside Dock,Lakeside dock facility serving resort guests.,,,,[],"[""paradise-lodge"",""lakeside-dock"",""arba-minch""]",,2026-07-27 22:07:25.776912+00,cruise
e5c19409-7709-446d-8fc4-6cc5d63148f2,Debre Birhan High-Altitude Athletic Trail Network,Cold high-altitude running trails favored by marathoners.,,,,[],"[""debre-birhan"",""athletics"",""high-altitude""]",,2026-07-27 22:07:25.776912+00,sports
e65e7f57-6eef-478b-8498-2f914684b727,Bishoftu Lake Hora Public Park,Low-cost municipal public park along the crater lake shore.,,,,[],"[""lake-hora"",""public-park"",""bishoftu""]",,2026-07-27 22:07:25.776912+00,budget
e65fb972-3b2e-4f44-b378-2d948e987d65,Bati Camel & Livestock Market,"Famous weekly market trading camels, cattle, and traditional goods.",,,,[],"[""bati"",""camel-market"",""livestock""]",,2026-07-27 22:07:25.776912+00,shopping
e66176f0-f729-448a-aca2-77fd4ae714c5,Gatira Natural Hot Spring Pools,Natural hot spring pools set in highland surroundings.,,,,[],"[""gatira"",""hot-spring-pools"",""arsi""]",,2026-07-27 22:07:25.776912+00,wellness
e6a71555-87d2-47cc-8e94-e4e7448720de,Gofa Highlands Agro-Villages,High-altitude agricultural hamlets in Southern Ethiopia.,South Ethiopia Regional State,Sawla,,[],"[""gofa"",""sawla"",""agro-villages""]","{""lat"":6.3,""lng"":36.88333}",2026-07-27 22:07:25.776912+00,rural
e6acf773-bd3b-4622-b2bf-4cfafa5128f1,Alatish Wilderness Celestial Observation Zone,Extremely remote woodland park offering pristine dark skies.,,,,[],"[""alatish"",""celestial-observation"",""remote""]",,2026-07-27 22:07:25.776912+00,space
e6af91ca-a88f-4ee3-9d46-82bf64a02c56,Churchill Avenue Metropolitan Boulevard,Grand sloping downtown avenue connecting major government and commercial districts.,,,,[],"[""churchill-avenue"",""boulevard"",""downtown""]",,2026-07-27 22:07:25.776912+00,urban
e6cc1fdf-d513-4b90-b9e6-2021a93d2770,Woldiya Urban Center,Strategic mountain crossroads city in North Wollo.,,,,[],"[""woldiya"",""urban-center"",""north-wollo""]",,2026-07-27 22:07:25.776912+00,urban
e6dd5fbc-db07-4b35-bba3-98d9a31fb295,Bench Maji Honey & Spice Villages,Rural forest hamlets producing wild forest honey and cardamom.,,,,[],"[""bench-maji"",""spices"",""honey""]",,2026-07-27 22:07:25.776912+00,rural
e716d533-bba5-4c25-9cae-9a803c2aa308,African Union Headquarters Conference Center (AUCC),Major continental convention facility hosting diplomatic summits.,,,,[],"[""aucc"",""conference-center"",""diplomatic""]",,2026-07-27 22:07:25.776912+00,business
e74aec4a-cdcd-4719-8afa-dda297aefca6,Dessie City Center & Wollo Square,Highland basin city serving as the main urban hub of South Wollo.,Amhara,Dessie,,[],"[""dessie"",""city-center"",""wollo-square""]","{""lat"":11.122604,""lng"":39.634982}",2026-07-27 22:07:25.776912+00,urban
e79223a1-6dce-4a14-b44e-deeb2c28045c,Gura Ferda Misty Rainforest Valley Views,Atmospheric landscape photography of misty rainforest valleys.,,,,[],"[""gura-ferda"",""misty-rainforest"",""valley-views""]",,2026-07-27 22:07:25.776912+00,photography
e7ae24aa-a8d8-4cd2-8e07-7d08d375b178,Gilgel Gibe III Reservoir Boating Launch,Massive artificial lake offering deep-water boat cruising.,,,,[],"[""gilgel-gibe"",""reservoir"",""boating""]",,2026-07-27 22:07:25.776912+00,cruise
e7c363de-1af4-452b-b4c4-9c74db93493a,Yayu Coffee Forest Biosphere Research Station,Field station researching coffee forest preservation and biodiversity.,,,,[],"[""yayu-biosphere"",""agro-forestry"",""botanical-research""]",,2026-07-27 22:07:25.776912+00,educational
e7dc1fb5-e0e7-4a39-a272-547fe049ab80,Fasil Ghebbi (Gondar Castles),"A spectacular 17th-century fortress city enclosing palaces, castles, and banqueting halls of Emperor Fasilides.",Amhara,Gondar,738,"[""https://images.unsplash.com/photo-1544620347-c4fd4a3d5957?w=1200&q=80""]","[""UNESCO"",""Castle"",""Fortress"",""Royal Palace"",""Historic""]","{""lat"":12.608,""lng"":37.4697}",2026-07-08 10:14:02.065635+00,historical
e7e1ca0d-d70f-4ad8-9990-bea6c6731a80,Mount Guna Alpine Slopes (Highland Avifauna),Mountain slopes supporting specialized afro-alpine wildlife.,,,,[],"[""guna"",""avifauna"",""alpine""]",,2026-07-27 22:07:25.776912+00,wildlife
e7e254b7-1000-462a-a259-0da538f5b711,Habesha 2000 Traditional Restaurant,Popular central Addis venue for authentic food and dance performances.,,,,[],"[""habesha-2000"",""traditional-restaurant"",""addis""]",,2026-07-27 22:07:25.776912+00,culinary
e805e290-ebae-4a5b-a71d-229842a165fb,Bonga Kafa Traditional Coffee Hamlets,Deep forest hamlets collecting wild Arabica coffee.,South West Ethiopia Peoples,Bonga,,[],"[""bonga"",""kafa"",""coffee-hamlets""]","{""lat"":7.2645383,""lng"":36.2460526}",2026-07-27 22:07:25.776912+00,rural
e81593e7-1a80-422a-806d-e7166b95dd4b,National Museum of Ethiopia,Ground floor exhibits displaying Lucy fossils are equipped with level access.,Addis Ababa,Addis Ababa,,[],"[""national-museum"",""ground-floor"",""ramps""]","{""lat"":9.0379782,""lng"":38.7618606}",2026-07-27 22:07:25.776912+00,accessible
e81feb9c-c32c-4a24-a4bd-0e0eec85baea,Bete Maryam Mausoleum,"Mausoleum holding the tombs of Emperor Menelik II, Empress Taitu, and Empress Zewditu.",,,,[],"[""bete-maryam"",""mausoleum"",""imperial-tombs""]",,2026-07-27 22:07:25.776912+00,ancestry
e87aea51-547a-4d61-9a2b-23633a6efd90,Lake Abbe Salt Chimneys Stargazing Zone,Surreal landscape offering zero light pollution and extraterrestrial-like terrain.,Afar,,,[],"[""lake-abbe"",""lunar-landscape"",""salt-chimneys""]","{""lat"":11.1711957,""lng"":41.7873451}",2026-07-27 22:07:25.776912+00,space
e87b2936-859d-416d-8b23-b4f78208f8ea,Menz Highland Wool Sheep Farming Estates,Highland sheep farming cooperatives producing coarse wool.,,,,[],"[""menz"",""sheep-farming"",""wool""]",,2026-07-27 22:07:25.776912+00,agritourism
e87ffaf7-af57-4323-a7c3-7bb4ae446e3a,Lewi Resort & Spa Conference Facilities,Lakeside corporate meeting space in Hawassa.,,,,[],"[""lewi-resort"",""conference"",""hawassa""]",,2026-07-27 22:07:25.776912+00,business
e8a409e6-5891-4fe6-8616-1f0561d86892,Zegie Peninsula Forest (Vervet Monkeys & Birds),Forested peninsula populated by vervet monkeys and tropical birdlife.,Amhara,,,[],"[""vervet-monkey"",""zegie"",""lake-tana""]","{""lat"":11.9507719,""lng"":37.294878}",2026-07-27 22:07:25.776912+00,wildlife
e90392a8-2d5f-4483-9955-18a916528b95,Haile Resort Spa & Wellness Center,"Lakeside resort spa providing wellness massages, steam, and sauna.",,,,[],"[""haile-resort"",""hawassa-spa"",""wellness""]",,2026-07-27 22:07:25.776912+00,wellness
e92f2113-aa5c-4746-8711-c467e756133e,Entoto Natural Souvenir & Crafts Hub,Eco-park retail area selling locally made wooden and herbal crafts.,Oromia,Sululta,,[],"[""entoto"",""natural-crafts"",""souvenirs""]","{""lat"":9.1080861,""lng"":38.8193556}",2026-07-27 22:07:25.776912+00,shopping
e963b6cc-ebf5-4a41-8c8c-f2962eded182,Bishoftu Lake Ecosystem Conservation Projects,Volunteering focused on crater lake water testing and shoreline cleanup.,Oromia,Bishoftu,,[],"[""bishoftu"",""lake-ecosystem"",""environmental""]","{""lat"":8.750004,""lng"":38.981734}",2026-07-27 22:07:25.776912+00,voluntourism
ea0ba2f3-930b-4f23-9921-651d6ffc8be6,Bahir Dar Lakefront Public Promenade,Paved palm-lined lakefront walkway along Lake Tana.,Amhara,Bahir Dar Special Zone,,[],"[""bahir-dar"",""lakefront"",""public-promenade""]","{""lat"":11.5949663,""lng"":37.3882251}",2026-07-27 22:07:25.776912+00,budget
ea5a585b-cd87-41c9-a60c-52ef5ed6d716,Jimma Abba Jifar Royal Palace,Nineteenth-century wooden palace of the Kingdom of Jimma.,Oromia,Jimma,,[],"[""jimma"",""palace"",""oromo""]","{""lat"":7.6756152,""lng"":36.8478779}",2026-07-27 22:07:25.776912+00,cultural
ea95cafa-c224-4b52-99de-4e124eca5483,Lake Langano Deserted Beaches Night-Sky Point,Dark lakeside beaches suitable for star viewing over water.,Oromia,,,[],"[""langano"",""night-sky"",""stargazing""]","{""lat"":7.6120061,""lng"":38.7629256}",2026-07-27 22:07:25.776912+00,space
ea9c4823-337f-4fa7-83f1-4f8c613bf54c,Bekoji Town (Town of Runners Athletics Grounds),Legendary high-altitude town that produced multiple Olympic gold distance runners.,Oromia,Bekoji,,[],"[""bekoji"",""town-of-runners"",""athletics""]","{""lat"":7.53333,""lng"":39.25}",2026-07-27 22:07:25.776912+00,sports
eab7d110-b8f3-4f20-b2d2-c074be48d63d,Jijiga Nomadic Community Health Outposts,Mobile health volunteer units serving remote pastoralist communities.,Somali,Jijiga,,[],"[""jijiga"",""nomadic-health"",""outposts""]","{""lat"":9.3508526,""lng"":42.8003788}",2026-07-27 22:07:25.776912+00,voluntourism
eb1d0d9e-7b02-4cf7-af59-450813aa3f3a,Melka Kunture Open Air Sacred Sites,Riverine sites associated with historic traditional sacred gatherings.,,,,[],"[""open-air"",""sacred"",""melka-kunture""]",,2026-07-27 22:07:25.776912+00,religious
eb2e3e36-5bf3-452c-95b0-ab1937262da7,Debre Markos City Grounds,Public town square and walking avenues.,,,,[],"[""debre-markos"",""city-grounds"",""public""]",,2026-07-27 22:07:25.776912+00,budget
eba7e017-0af8-439a-a338-fb1f39de4e66,Gonderine Tejbet Route,Historic traditional taverns serving house-brewed Tej (Ethiopian honey wine).,,,,[],"[""tejbet"",""tej"",""honey-wine""]",,2026-07-27 22:07:25.776912+00,culinary
ebf1a4c1-7721-498d-891d-f315b78f02a6,Great Rift Valley Wall Paragliding,Paragliding launching from the escarpments over Hawassa.,Oromia,,,[],"[""paragliding"",""rift-valley"",""aerial""]","{""lat"":5,""lng"":37}",2026-07-27 22:07:25.776912+00,adventure
ebf571b4-02ac-4d05-a9e4-03240d95c05b,Menelik II Referral Hospital & Eye Center,Historic public hospital housing specialized eye care centers.,,,,[],"[""hospital"",""menelik"",""eye-care""]",,2026-07-27 22:07:25.776912+00,medical
ec0b4b39-c066-45e2-8866-0df91f8f5703,Adama General Hospital & Medical College,Major private general hospital and medical college.,,,,[],"[""hospital"",""adama"",""oromia""]",,2026-07-27 22:07:25.776912+00,medical
ec22ddef-81bc-4ab1-bc33-c3f8d72bf7c9,Meskel Square Public Plaza,"Massive public concrete plaza used for sports, walks, and gatherings.",Addis Ababa,Kirkos,,[],"[""meskel-square"",""public-plaza"",""free-access""]","{""lat"":9.0102293,""lng"":38.7606309}",2026-07-27 22:07:25.776912+00,budget
ec45b60c-8984-4721-8ae2-fa2cb42338ac,Addis Ababa University Main Campus & Libraries,The flagship university and research library system of Ethiopia.,,,,[],"[""aau"",""university-library"",""higher-education""]",,2026-07-27 22:07:25.776912+00,educational
ecb521a2-688d-46d7-9dce-16dbc3afb1dc,Mandaba Medhane Alem Monastery,"Historic monastery on Lake Tana island, housing ancient manuscripts and religious artifacts.",Amhara,Lake Tana,565,"[""https://images.unsplash.com/photo-1585208798174-6cedd86e019a?w=800"",""https://images.unsplash.com/photo-1605106901227-991bd663255c?w=800""]","[""Monastery"",""Lake Tana"",""Island"",""Manuscripts"",""Orthodox""]","{""lat"":11.87,""lng"":37.33}",2025-12-08 05:10:50.501803+00,religious
ecc39e6b-1161-445e-afd8-c5cec07e3a89,Hawassa Community Youth Development Projects,NGO programs centered around vocational youth training and sport coaching.,Sidama,Hawassa,,[],"[""hawassa"",""youth-development"",""volunteering""]","{""lat"":7.0481029,""lng"":38.47861}",2026-07-27 22:07:25.776912+00,voluntourism
ecfc43b1-9721-4ef9-9916-eaa9849a8fc7,Silk Road General Hospital,Advanced private general medical facility.,Addis Ababa,Nefas Silk,,[],"[""hospital"",""silk-road"",""addis""]","{""lat"":8.9838715,""lng"":38.7380028}",2026-07-27 22:07:25.776912+00,medical
ed02e462-6e16-418e-b34d-c2cedcf84deb,Edna Mall & Medhanealem Shopping Zone,Popular retail hub in Bole featuring shops and entertainment.,,,,[],"[""edna-mall"",""medhanealem"",""retail-zone""]",,2026-07-27 22:07:25.776912+00,shopping
ed633c8c-49bc-4e51-8d0f-4f4f8ef7470f,Axum Northern Stelae Park at Sunset,Towering ancient granite obelisks silhouetted against sunset skies.,Tigray,Axum,,[],"[""axum"",""stelae-park"",""sunset-photography""]","{""lat"":14.1220982,""lng"":38.7321749}",2026-07-27 22:07:25.776912+00,photography
ed96b619-8ac4-46dc-81ae-868b541e5960,Silte Cultural Heritage Zone,Cultural region featuring unique Silte traditions and market heritage.,,,,[],"[""silte"",""worabe"",""heritage""]",,2026-07-27 22:07:25.776912+00,cultural
edc5f20c-be22-4100-9eef-7812f6d79f01,Lake Langano Eco-Resorts Area,Freshwater lake surrounded by eco-lodges and wildlife habitats.,,,,[],"[""langano"",""eco-resort"",""rift-valley""]",,2026-07-27 22:07:25.776912+00,ecotourism
ee082331-2520-4e5d-8ab7-d51a399353e5,Gorgora Debre Sina Maryam Church,17th-century thatched-roof church renowned for ancient wall paintings.,,,,[],"[""gorgora"",""debre-sina"",""murals""]",,2026-07-27 22:07:25.776912+00,religious
ee72cb82-67ef-47c7-8a66-898521f72dea,Abuna Yemata Guh Cliffside Church,Dramatic sandstone pinnacle climbing and cliffside church entry shots.,,,,[],"[""abuna-yemata"",""cliffside-church"",""extreme-photography""]",,2026-07-27 22:07:25.776912+00,photography
ee73dcca-d489-42d1-bb33-da72503e05c6,Dessie Arabada Market,Bustling commercial market in the heart of Dessie.,Amhara,Dessie,,[],"[""dessie"",""arabada"",""wollo""]","{""lat"":11.122604,""lng"":39.634982}",2026-07-27 22:07:25.776912+00,shopping
eec44c92-342d-447e-bb7e-05e6363f86b9,Great Ethiopian Run Street Course,Iconic annual 10K road race course through the streets of Addis Ababa.,,,,[],"[""great-ethiopian-run"",""10k"",""street-race""]",,2026-07-27 22:07:25.776912+00,sports
eeefd997-3866-44c2-bd0e-91dfec7a9b65,Gofa Highland Fruit & Grain Farms,Highland orchards and grain fields.,,,,[],"[""gofa"",""fruit-farms"",""sawla""]",,2026-07-27 22:07:25.776912+00,agritourism
ef501534-2aa3-406d-af92-d48f0b23db1a,Bonga Forest Trailhead Walk,Free public trailheads entering the Kafa biosphere forest.,South West Ethiopia Peoples,Bonga,,[],"[""bonga"",""trailhead-walk"",""free-trek""]","{""lat"":7.2645383,""lng"":36.2460526}",2026-07-27 22:07:25.776912+00,budget
efa805e9-ec74-4111-b642-71d1f68e8944,Adama Commercial & Industrial City Hub,Bustling rift valley highway city and industrial transport hub.,Oromia,Adama,,[],"[""adama"",""nazret"",""commercial-hub""]","{""lat"":8.5410261,""lng"":39.2705461}",2026-07-27 22:07:25.776912+00,urban
efba5d01-d208-4b19-b897-c156b7128c3f,Awi Agew Honey & Cattle Farms,Mixed agricultural region famous for pure forest honey and livestock.,,,,[],"[""awi"",""agew-honey"",""cattle-farms""]",,2026-07-27 22:07:25.776912+00,agritourism
f0027c6c-b9cc-474d-bf04-058fb4496ffd,Yirgacheffe Coffee Washing Stations & Cupping Grounds,Specialized coffee processing sites offering coffee cupping and origin tasting tours.,,,,[],"[""yirgacheffe"",""cupping"",""coffee-washing""]",,2026-07-27 22:07:25.776912+00,culinary
f00b827d-8d9d-4a02-adba-c6c1d60d1558,Kambaata Highland Farms,Densely populated agricultural hillsides in Kambaata.,,,,[],"[""kambaata"",""durame"",""highland-farms""]",,2026-07-27 22:07:25.776912+00,rural
f020dc2c-784a-4055-9936-a0ddc2cc2191,Bahir Dar University Maritime & Lake Tana Institute,Specialized research institute studying freshwater ecosystems and maritime technology.,,,,[],"[""bahir-dar-university"",""maritime-institute"",""lake-tana""]",,2026-07-27 22:07:25.776912+00,educational
f020e9ad-58c9-438f-b695-c59f443b6512,Mount Gara Muleta Forest Sanctuary,Mountain forest reserve located in East Hararghe.,,,,[],"[""gara-muleta"",""forest-sanctuary"",""hararghe""]",,2026-07-27 22:07:25.776912+00,ecotourism
f02bd757-7a00-4d80-8858-21e2cbfe73bf,Gondar University Space & Physics Department Base,Academic center conducting high-altitude atmospheric research.,,,,[],"[""gondar-university"",""space-physics"",""research""]",,2026-07-27 22:07:25.776912+00,space
f0368d9f-0208-439e-b7f3-354d921da1a1,Chencha Dorze Traditional Weaving Co-ops,Highland weaving cooperative outlets selling cotton shawls (Gabi) and scarves.,,,,[],"[""chencha"",""dorze-coop"",""weaving""]",,2026-07-27 22:07:25.776912+00,shopping
f0466c41-21ac-49f8-8d7a-23a1dd97e87d,Yabello Sanctuary (Boran Bush-Crow & Prince Ruspolis Turaco),Protected red-soil savannah famous for rare endemic bird species.,,,,[],"[""yabello"",""endemic-birds"",""turaco""]",,2026-07-27 22:07:25.776912+00,wildlife
f078adc4-fc0e-45e4-b32f-957ff310e3eb,Lake Langano Bishangari Watercraft Dock,Lakeside dock offering eco-friendly boat trips along forest edges.,,,,[],"[""bishangari"",""watercraft"",""langano""]",,2026-07-27 22:07:25.776912+00,cruise
f07fa47a-e4ce-47b0-8299-df90bfcc2562,Entoto Observatory and Space Science Research Center,Ethiopia primary astronomical observatory housing twin 1-meter class telescopes.,,,,[],"[""entoto-observatory"",""space-science"",""telescope""]",,2026-07-27 22:07:25.776912+00,space
f1364905-24d4-4be6-81cb-677c3d884297,Churchill Avenue Art & Souvenir Street,"Addis Ababa main street for art galleries, wood carvings, and souvenir shops.",,,,[],"[""churchill-avenue"",""art-shops"",""souvenirs""]",,2026-07-27 22:07:25.776912+00,shopping
f17f41b3-119b-4238-bf27-bfd8a7967d50,Konso Cultural Landscape Museum,Community educational museum detailing Konso terracing and social structures.,,,,[],"[""konso-museum"",""cultural-landscape"",""terraces""]",,2026-07-27 22:07:25.776912+00,educational
f1b2eed3-1c68-4a61-94c5-c19315a48c1d,Ankober Traditional Weaving Outlets,Highland outlets specialized in heavy woolen blankets and cotton wraps.,Amhara,Ankober,,[],"[""ankober"",""weaving-outlets"",""textiles""]","{""lat"":9.5911547,""lng"":39.7338213}",2026-07-27 22:07:25.776912+00,shopping
f1c602bd-c002-4115-b125-07efa6beaed2,Harmony Hotel MICE Suites,Hotel meeting space located in the Bole hub.,,,,[],"[""harmony-hotel"",""mice"",""bole""]",,2026-07-27 22:07:25.776912+00,business
f1dba427-0151-4849-a4aa-d11007f5561f,Adwa Victory Memorial Complex,Monumental complex honoring the 1896 battle that preserved Ethiopian independence.,,,,[],"[""adwa-memorial"",""pan-african-freedom"",""anti-colonial""]",,2026-07-27 22:07:25.776912+00,ancestry
f1e94284-9699-4c01-b031-18b1bd010ca0,National Museum of Ethiopia (Lucy / Dinkinesh Exhibit),World-famous museum exhibition displaying the 3.2-million-year-old fossil skeleton of Lucy.,,,,[],"[""lucy"",""dinkinesh"",""hominid-fossils""]",,2026-07-27 22:07:25.776912+00,ancestry
f20aefba-6c93-4e33-b33e-56dbc2023015,Pyramids Resort VIP Villas,Luxury resort villas surrounding volcanic lake views.,Oromia,Bishoftu,,[],"[""pyramids-resort"",""vip-villas"",""bishoftu""]","{""lat"":8.750004,""lng"":38.981734}",2026-07-27 22:07:25.776912+00,luxury
f22e131e-f6ff-46fd-b62e-4ebfcc558a91,Lake Besaka Boat Safari Point,Boat launch exploring the expanding volcanic waters of Lake Besaka.,,,,[],"[""besaka"",""boat-safari"",""fantale""]",,2026-07-27 22:07:25.776912+00,cruise
f2323e8e-c2d2-4006-9519-93bf1cb00e94,Sawla Highland City Hub,Main regional urban center serving the Gofa zone.,South Ethiopia Regional State,Sawla,,[],"[""sawla"",""highland-city"",""gofa""]","{""lat"":6.3,""lng"":36.88333}",2026-07-27 22:07:25.776912+00,urban
f2349bdb-6eed-434d-8d05-ce735c27ecc3,Piazza Historic Colonial Architecture District,Historic hill district featuring 1930s European architectural influences.,,,,[],"[""piazza"",""historic-district"",""italian-architecture""]",,2026-07-27 22:07:25.776912+00,urban
f242dbb6-f609-40a1-8e22-7a8fa0ecdb65,Ankober Palace Eco-Lodge Imperial Suite,Boutique eco-suite styled after royal imperial quarters.,Amhara,Ankober,,[],"[""ankober"",""imperial-suite"",""historic-luxury""]","{""lat"":9.5911547,""lng"":39.7338213}",2026-07-27 22:07:25.776912+00,luxury
f2a62849-1864-4f76-af5e-d5fee1a177ea,Century Mall Shopping Complex,"Multi-story shopping mall featuring clothing stores, cinema, and retail.",,,,[],"[""century-mall"",""shopping-mall"",""addis""]",,2026-07-27 22:07:25.776912+00,shopping
f2bf3376-ee72-4135-a2f0-b25e76371d50,Bishoftu Lake Chelekleka Boating Launch,Seasonal wetland lake launch point for bird watching boats.,Oromia,Bishoftu,,[],"[""chelekleka"",""boating-launch"",""bishoftu""]","{""lat"":8.750004,""lng"":38.981734}",2026-07-27 22:07:25.776912+00,cruise
f2cf8403-c3f0-4603-baea-f72a479907b3,Abijatta-Shalla Salt Crust Plains,Evaporite saline lakes studied for planetary biogeochemistry.,,,,[],"[""abijatta-shalla"",""salt-crust"",""planetary-analogue""]",,2026-07-27 22:07:25.776912+00,space
f2ec6eeb-5f2e-4321-90af-393ed36d7387,Bale Mountain Lodge,Exclusive luxury boutique wilderness lodge located deep inside the Harenna Cloud Forest.,Oromia,,,[],"[""bale-mountain-lodge"",""harenna-forest"",""boutique-lodge""]","{""lat"":6.7134709,""lng"":39.7257306}",2026-07-27 22:07:25.776912+00,luxury
f35da1ee-0a7f-4d44-81ac-d8f5260f8e44,Suri Body Painting & Cultural Portraits,Artistic cultural portraiture of Suri individuals adorned with natural clay and flowers.,,,,[],"[""suri"",""body-painting"",""cultural-portraits""]",,2026-07-27 22:07:25.776912+00,photography
f361bd54-2e54-4135-a8a2-343e0870a03c,Shiro Meda Artisan District,Highland urban district specialized in traditional cotton textile manufacturing.,,,,[],"[""shiro-meda"",""artisan-district"",""textiles""]",,2026-07-27 22:07:25.776912+00,urban
f36fbf60-eda8-42f9-8e76-8910fbf1dbbf,CMC & Ayat Modern Residential Districts,Expansive modern residential urban expansion zones in eastern Addis Ababa.,,,,[],"[""cmc"",""ayat"",""residential""]",,2026-07-27 22:07:25.776912+00,urban
f3bedb08-8399-4461-85d5-34fd8057c78e,Radisson Blu Hotel Public Concourse,Fully accessible corporate hotel concourse and meeting spaces.,,,,[],"[""radisson-blu"",""accessible-concourse"",""addis""]",,2026-07-27 22:07:25.776912+00,accessible
f42a7d8d-a948-4176-be13-0f4f36be34f3,Tut Fela Megalithic Site,Ancient burial mound containing hundreds of phallic stone monuments.,,,,[],"[""tut-fela"",""burial-monuments"",""stelae""]",,2026-07-27 22:07:25.776912+00,ancestry
f43e0c0a-cd23-484d-a406-03dddfaca3ab,Bole Road (Cameroon St) Entertainment & Shopping District,"Modern commercial strip packed with hotels, restaurants, malls, and nightlife.",,,,[],"[""bole-road"",""nightlife"",""urban-district""]",,2026-07-27 22:07:25.776912+00,urban
f4f95286-6786-41e9-b522-aa015246904a,Maze National Park River Trekking,Wilderness river walking through the Maze sanctuary landscape.,,,,[],"[""river-trekking"",""maze"",""park""]",,2026-07-27 22:07:25.776912+00,adventure
f5019af9-5bc6-47e4-8b44-8accbd6baa67,Mizan Teferi Public Tea Garden Trail,Low-cost walking paths through green tea fields.,,,,[],"[""mizan-teferi"",""tea-garden"",""public-trail""]",,2026-07-27 22:07:25.776912+00,budget
f523892d-a1ff-415a-bcc3-d9e91d48f73c,Arba Minch Banana & Mango Plantations,Vast irrigated tropical fruit farms producing bananas and mangoes.,South Ethiopia Regional State,Arba Minch,,[],"[""arba-minch"",""banana-plantation"",""mango-orchards""]","{""lat"":6.0215142,""lng"":37.5539809}",2026-07-27 22:07:25.776912+00,agritourism
f529ccff-d391-4563-8af9-0df8519f3852,Woldiya Traditional Culinary Outlets,Highland restaurants serving authentic northern Ethiopian dishes.,,,,[],"[""woldiya"",""traditional-culinary"",""highland-dishes""]",,2026-07-27 22:07:25.776912+00,culinary
f542507f-3f8c-46fe-a308-e16f4f32959b,Battlefield of Embabo,Historic 1882 battle site between rival regional forces.,,,,[],"[""embabo"",""battlefield"",""wollega""]",,2026-07-27 22:07:25.776912+00,dark
f5598e75-4d99-4bbb-8542-8973730acbd7,Axum Archaeological Conservation Volunteer Outposts,Archaeological support stations offering field conservation volunteer work.,Tigray,Axum,,[],"[""axum"",""archaeology"",""preservation""]","{""lat"":14.1220982,""lng"":38.7321749}",2026-07-27 22:07:25.776912+00,voluntourism
f5c107b6-a5ae-4cd5-b074-4e2e8aada1dc,Axum Dunkur / Queen of Sheba Palace Ruins,Ancient archaeological ruins attributed to the legendary Queen of Sheba.,,,,[],"[""axum"",""palace"",""sheba""]",,2026-07-27 22:07:25.776912+00,cultural
f69157ac-685f-4b5f-b0af-6b71347979f7,Korcho Karo Village Oromia River Loop Panorama,Breathtaking high cliff view overlooking the horseshoe bend of the Omo River.,,,,[],"[""korcho"",""karo"",""omo-river-loop""]",,2026-07-27 22:07:25.776912+00,photography
f694be04-381b-440a-9545-81543d975602,Wonchi Eco-Lodge Executive Meeting Facilities,Mountain retreat facility designed for executive meetings.,,,,[],"[""wonchi"",""executive-meetings"",""eco-lodge""]",,2026-07-27 22:07:25.776912+00,business
f6cb8c09-9a5b-409f-8f6c-8405a1459cfa,Ambo Town Center & Thermal District,Highland university town famous for natural mineral water.,,,,[],"[""ambo"",""town-center"",""thermal-district""]",,2026-07-27 22:07:25.776912+00,urban
f6cf073d-078f-470a-93e6-aae295b800f0,Chencha Apple Orchards & Co-ops,Famous highland apple farming cooperative located above Arba Minch.,,,,[],"[""chencha"",""apple-coops"",""gamo-highlands""]",,2026-07-27 22:07:25.776912+00,agritourism
f6d8b632-3147-471e-86e7-093ab1c3ca64,Yayu Coffee Forest Biosphere Reserve,Protected forest biosphere preserving genetic biodiversity of wild Arabica.,,,,[],"[""yayu"",""biosphere"",""coffee-forest""]",,2026-07-27 22:07:25.776912+00,ecotourism
f719cc5a-5aa3-4f16-b7c4-dad3732304ce,Lake Afambo & Lake Abbe Wetlands (Flamingos),Afar wetland basin supporting pink flamingos and waterbirds.,,,,[],"[""afambo"",""lake-abbe"",""flamingos""]",,2026-07-27 22:07:25.776912+00,wildlife
f723856e-b42b-4c90-853a-73f15917a452,Bale Mountains National Park,"High-altitude plateau featuring pristine forests, alpine lakes, and volcanic peaks. Home to the endangered Ethiopian wolf.",Oromia,Goba,400,"[""https://images.unsplash.com/photo-1470071459604-3b5ec3a7fe05?w=1200&q=80""]","[""National Park"",""Wildlife"",""Nature"",""Highlands""]","{""lat"":6.7,""lng"":39.75}",2026-07-08 10:14:02.469895+00,nature
f74134b4-4bc5-4a9e-a55a-a3fcca665db5,Erta Ale Active Volcano Research Site,Field site for international volcanological research on active lava lakes.,Afar,,,[],"[""erta-ale"",""volcanology"",""active-lava""]","{""lat"":13.6030321,""lng"":40.6634086}",2026-07-27 22:07:25.776912+00,educational
f76074bd-f01a-4a71-ac18-b80b20754a75,Gambella Baro River Night Sky Outposts,Lowland riverbanks offering wide equatorial star views.,Gambela,Gambela,,[],"[""gambella"",""baro-river"",""night-sky""]","{""lat"":8.2503656,""lng"":34.5877344}",2026-07-27 22:07:25.776912+00,space
f7b2a94d-8716-4079-bea8-10fc20b7de92,Central Hawassa Hotel Main Level,Level urban hotel entrance and main floor access.,,,,[],"[""central-hawassa"",""main-level"",""accessible""]",,2026-07-27 22:07:25.776912+00,accessible
f80ad547-5744-4311-9968-43bbd54ed74e,Bole Medhanealem Urban Square,Bustling commercial square anchored by the grand Medhanealem Cathedral.,,,,[],"[""bole-medhanealem"",""urban-square"",""addis""]",,2026-07-27 22:07:25.776912+00,urban
f838def2-16ed-4546-b32f-97336cfd5fdb,Bale Mountains Sanetti Plateau,"High-altitude flat plateau (4,000m) providing thin atmosphere for night sky viewing.",Oromia,,,[],"[""sanetti-plateau"",""high-altitude-stargazing"",""4000m""]","{""lat"":6.7942161,""lng"":39.7565574}",2026-07-27 22:07:25.776912+00,space
f8ae3391-2ecb-40d9-a797-060b45c8e45c,King Sahle Selassie Royal Residence Ruins,Stone ruins of the royal residency of King Sahle Selassie.,,,,[],"[""ruins"",""ankober"",""monarchy""]",,2026-07-27 22:07:25.776912+00,cultural
f8f2ed1c-8207-428e-8c79-74753db23607,Mercato Exploration Walk,Free self-guided street walking exploration through Africa largest market.,,,,[],"[""mercato"",""free-tour"",""street-walk""]",,2026-07-27 22:07:25.776912+00,budget
f8fc9957-1134-4746-8b3b-163e33e44218,Wukro Town Public Historic Circuit,Walkable town circuit connecting historical monuments.,Tigray,Wukro,,[],"[""wukro"",""public-circuit"",""tigray""]","{""lat"":13.7862549,""lng"":39.601525}",2026-07-27 22:07:25.776912+00,budget
f90f12ec-fee1-49d6-8881-ca354b9dd890,National Museum of Ethiopia,"Primary national museum housing world-famous hominid fossil skeletons including ""Lucy"" (Dinkinesh) and ""Selam"".",Addis Ababa,Addis Ababa,0,"[""https://upload.wikimedia.org/wikipedia/commons/thumb/c/c8/National_Museum_of_Ethiopia.jpg/1024px-National_Museum_of_Ethiopia.jpg""]","[""Lucy"",""Fossils"",""Museum"",""Addis Ababa""]","{""lat"":9.0382,""lng"":38.7617}",2026-07-27 21:19:12.232213+00,museum
f9c64f77-b388-4e33-8870-fbe0668e3643,Lake Hawassa Public Fish Market,Vibrant local fish market offering cheap fresh tilapia soup and fish.,,,,[],"[""fish-market"",""hawassa"",""low-cost""]",,2026-07-27 22:07:25.776912+00,budget
fa19f548-e5b2-4b6b-ab8b-9f11f8eee0b5,Addis Ababa University Main Campus Level Gardens,Paved historic campus gardens around Sidist Kilo.,,,,[],"[""aau-campus"",""level-gardens"",""historic""]",,2026-07-27 22:07:25.776912+00,accessible
fa770e9d-85b7-40dd-94b9-fd9d3f259882,Arba Minch Forty Springs Ecosystem,Natural groundwater forest fed by forty subterranean springs.,South Ethiopia Regional State,Arba Minch,,[],"[""forty-springs"",""arba-minch"",""ecosystem""]","{""lat"":6.0215142,""lng"":37.5539809}",2026-07-27 22:07:25.776912+00,ecotourism
fa918efc-1c60-4de2-af6a-aeca9f89c8df,Harar Coffee Roasting Shops & Harari Dish Outlets,Traditional shops specialized in dark roasted Harar coffee and distinct Harari cuisine.,Harar,Harar,,[],"[""harar"",""coffee-roasting"",""harari-cuisine""]","{""lat"":9.3118304,""lng"":42.1284009}",2026-07-27 22:07:25.776912+00,culinary
faa1f17f-ab29-45cc-9b33-904ecf78289e,Millennium Hall Exhibition & Conference Center,Addis Ababa largest multi-purpose indoor arena and exhibition hall.,,,,[],"[""millennium-hall"",""exhibition"",""events""]",,2026-07-27 22:07:25.776912+00,business
faa2b5ea-c52b-442e-b9fb-0f2221786936,Gidabo Thermal Springs Sanctuary,Secluded natural geothermal spring sanctuary.,,,,[],"[""gidabo"",""thermal-sanctuary"",""sidama""]",,2026-07-27 22:07:25.776912+00,wellness
faa9bc01-6952-41fd-bb5d-73e2a8c15a18,Korem Historical Famine Memorial Area,Highland town marking historical aid feeding camps of the 1984 famine.,,,,[],"[""korem"",""famine-memorial"",""1984-history""]",,2026-07-27 22:07:25.776912+00,dark
fad2e7fb-348d-4f00-ae5d-fa4254a97217,Century Mall Shopping Complex Elevators,Multi-story shopping center equipped with elevators and ramps.,,,,[],"[""century-mall"",""elevators"",""ramps""]",,2026-07-27 22:07:25.776912+00,accessible
fae714ce-8f16-45a7-86a6-b11fb7f600ec,Posta Bet Stamp & Antique Collectors Market,"Historic downtown quarter for antique coins, stamps, and artifacts.",,,,[],"[""posta-bet"",""antiques"",""philately""]",,2026-07-27 22:07:25.776912+00,shopping
fb09c840-17ec-4fd8-bb29-0df3d3c3e573,Pyramids Resort Flat Grounds,Level paved pathways surrounding resort facilities.,,,,[],"[""pyramids-resort"",""flat-grounds"",""bishoftu""]",,2026-07-27 22:07:25.776912+00,accessible
fb513339-93d3-4c0d-ac68-2bed64c29016,Gondar Castles Restoration & Heritage Center,Center dedicated to 17th-century architectural history and restoration.,Amhara,Gonder,,[],"[""gondar-museum"",""castle-restoration"",""architecture""]","{""lat"":12.610368,""lng"":37.466766}",2026-07-27 22:07:25.776912+00,educational
fb62bd51-4233-4ac4-8348-f47a9b9c1ebb,Entoto Natural Park Public Grounds,Public park grounds offering budget-friendly nature access above Addis Ababa.,Oromia,Sululta,,[],"[""entoto-park"",""public-park"",""free-access""]","{""lat"":9.1080861,""lng"":38.8193556}",2026-07-27 22:07:25.776912+00,budget
fb802d8c-6e47-4412-af36-e3ad6b44a8ef,Asheten Maryam Mountain Sunset View,High-altitude mountain top views overlooking Lalibela valleys.,,,,[],"[""asheten-maryam"",""mountain-sunset"",""lalibela""]",,2026-07-27 22:07:25.776912+00,photography
fc00cdd1-1699-4f5b-aed6-3f3482045951,Maze National Park Valley Viewpoints,Unpolluted valley basin ideal for night sky photography.,,,,[],"[""maze"",""valley-viewpoint"",""stargazing""]",,2026-07-27 22:07:25.776912+00,space
fcb62da3-38a1-47f1-b2a2-16f25fc56ba3,Mother Teresas Missionaries of Charity,Care facility offering volunteer community support programs in Addis Ababa.,,,,[],"[""missionaries-of-charity"",""volunteer"",""care-center""]",,2026-07-27 22:07:25.776912+00,voluntourism
fd153e00-5d73-4e0f-ae57-6c1630596485,Gondar University Medical & Heritage Research Center,Academic institution leading medical sciences and historical research.,,,,[],"[""gondar-university"",""medical-research"",""heritage""]",,2026-07-27 22:07:25.776912+00,educational
fd1a2aff-f66a-4de6-adc8-55b0c7c6f77e,Entoto Park Scenic Dining Outlets,Modern mountain-top restaurants offering scenic views and Ethiopian cuisine.,Oromia,Sululta,,[],"[""entoto-park"",""scenic-dining"",""mountain-cafes""]","{""lat"":9.1080861,""lng"":38.8193556}",2026-07-27 22:07:25.776912+00,culinary
fd6cfc99-458f-4dfc-bd77-f6720ecfb327,Halala Kella Lake & Mountain Reflections,Mirror-like lake surface reflecting surrounding mountain ranges.,South Ethiopia Regional State,Kindo Koysha,,[],"[""halala-kella"",""koysha-lake"",""reflections""]","{""lat"":6.933691,""lng"":37.5892615}",2026-07-27 22:07:25.776912+00,photography
fd70affa-c62c-4892-8eed-fc976450ce69,Gibe Sheleko National Park,Park along the Gibe River protecting riparian forests and antelopes.,Oromia,,,[],"[""gibe-sheleko"",""national-park"",""gibe""]","{""lat"":8.0316904,""lng"":37.5949265}",2026-07-27 22:07:25.776912+00,ecotourism
fd92a05a-3ab7-49ce-8c87-48a532c91c42,Lower Omo Valley,"UNESCO site where 195,000-year-old Omo Kibish anatomical modern human remains were uncovered.",,,,[],"[""lower-omo"",""unesco"",""omo-kibish""]",,2026-07-27 22:07:25.776912+00,ancestry
fdd4bb48-c039-4b1b-a7a4-acf5b2b2b81f,Bonga Forest Reserve (Colobus Monkeys),Rainforest habitat populated by black-and-white colobus monkeys.,South West Ethiopia Peoples,Bonga,,[],"[""colobus-monkeys"",""bonga"",""rainforest""]","{""lat"":7.2645383,""lng"":36.2460526}",2026-07-27 22:07:25.776912+00,wildlife
fdd810f1-c4fb-4188-8646-d3d28ff84471,Lake Bishoftu Birding Belt,Crater lake network supporting resident and migratory waterbirds.,Oromia,Bishoftu,,[],"[""bishoftu"",""birding-belt"",""crater-lake""]","{""lat"":8.750004,""lng"":38.981734}",2026-07-27 22:07:25.776912+00,wildlife
fdde23d4-2203-4160-93cd-84a0d88274c5,Friendship Park Phase I & II,"Modern urban park featuring wide concrete promenades, ramps, and accessible plazas.",,,,[],"[""friendship-park"",""wheelchair-accessible"",""promenade""]",,2026-07-27 22:07:25.776912+00,accessible
fdf6e1fb-0195-4081-b0e2-bb21501d95ae,Erta Ale Active Caldera,Active basaltic shield volcano studied for planetary geomorphology and lava dynamics.,Afar,,,[],"[""erta-ale"",""planetary-geology"",""caldera""]","{""lat"":13.6030321,""lng"":40.6634086}",2026-07-27 22:07:25.776912+00,space
fe10193d-e73b-461d-aa4c-28acc98a7656,Entoto Park & Mountain Peak,"Surrounded by eucalyptus forests at 3,200m elevation overlooking Addis Ababa, offering ziplining, hiking, and Emperor Menelik II's historical palace.",Addis Ababa,Addis Ababa,15,"[""https://upload.wikimedia.org/wikipedia/commons/thumb/1/17/Entoto_Mountain_View.jpg/1024px-Entoto_Mountain_View.jpg""]","[""Viewpoint"",""Zipline"",""Mountain"",""Eucalyptus""]","{""lat"":9.0833,""lng"":38.7667}",2026-07-27 21:19:12.232213+00,park
feb50060-1608-4cda-bf5f-d395da4818af,Langano Sabana Watersports Hub,"Beach resort center for jet skiing, kayaking, and beach volleyball.",Oromia,,,[],"[""langano"",""sabana"",""watersports""]","{""lat"":7.6120061,""lng"":38.7629256}",2026-07-27 22:07:25.776912+00,sports
fec97e8f-a3e5-4836-8ce3-ba981d8b1ff6,Holeta Agricultural Research Center & Dairy Farms,National agricultural research station displaying crop and dairy technologies.,,,,[],"[""holeta"",""agricultural-research"",""dairy-farms""]",,2026-07-27 22:07:25.776912+00,agritourism
fecbd9aa-4b22-48e3-b1d4-f450e2d3992f,Hawassa Haile Resort Lake Promenade,Paved lakeside walking path with flat access to resort amenities.,,,,[],"[""haile-resort"",""promenade"",""hawassa""]",,2026-07-27 22:07:25.776912+00,accessible
ff8cbf83-f899-4c5c-aa5d-6c7796a0b61d,Erta Ale Lava Lake Night Photography,Rare night opportunity to photograph an active glowing magma lake.,Afar,,,[],"[""erta-ale"",""lava-lake"",""night-photography""]","{""lat"":13.6030321,""lng"":40.6634086}",2026-07-27 22:07:25.776912+00,photography
ffca54ea-b470-4b3b-ba34-3ca0e84517b7,Kambaata Cultural Terraces,Highland agricultural culture known for mountain terracing.,,,,[],"[""kambaata"",""durame"",""terraces""]",,2026-07-27 22:07:25.776912+00,cultural
ffe16577-526f-4996-aa2d-bea0f45c4e41,Gobera Market,Historic local neighborhood market selling traditional household items.,Addis Ababa,Addis Ababa,,[],"[""gobera-market"",""addis"",""traditional""]","{""lat"":9.0358119,""lng"":38.7524315}",2026-07-27 22:07:25.776912+00,shopping