id,name,geocode_status,resolution_level,anchor_approved,geocode_error,score,matched_query,city,region,lat,lng,matched_address,image_status,image_file,image_match_score,image_search,image_source,image_license,generated_update
a054f916-a89b-4c4a-9799-236911eb8713,Inter Luxury Hotel Wellness & Thermal Facilities,anchor,anchor,True,,0.72,"inter, Ethiopia",Bole,Addis Ababa,9.0060961,38.8111966,"Etab Inter medica, Egzabheraab To Mebrathail, Gerji, Bole, Addis Ababa, 2310, Ethiopia",disabled,,,,,,True
a0f2eee3-35df-4e97-9555-49952c8adeb1,Tendaho Reservoir Boat Circuit,anchor,anchor,True,,0.747,"tendaho reservoir, Ethiopia",Tendaho,Afar,11.5148566,40.9301381,"Tendaho Reservoir, Tendaho, Zone 1, Afar Region, Ethiopia",disabled,,,,,,True
a0fc6e0a-530d-4b95-8df7-035f22f57412,United Nations Economic Commission for Africa (ECA),anchor,anchor,True,,0.72,"un eca, Ethiopia",Kirkos,Addis Ababa,9.0147265,38.767437,"UN ECA Zambezi building, Joseph Tito Street, Kazanchis, Kirkos, Addis Ababa, 9568, Ethiopia",disabled,,,,,,True
a11a9666-01ed-422b-a2fd-6ad6a125a4b3,Wenchi Crater Lake Eco-Village,anchor,anchor,True,,0.72,"wenchi crater, Ethiopia",Ambo Zuria,Oromia,8.7875309,37.8843326,"Wenchi Crater Lake viewpoint, Fincha Trail, Ambo Zuria, South West Shewa, Oromia Region, Ethiopia",disabled,,,,,,True
a1501a3d-7c66-4936-aa94-f785ea092633,Mekelle City Center & Romanat Square,anchor,anchor,True,,0.733,"romanat square, Ethiopia",Mek'elē,Tigray,13.4929955,39.4729467,"Romanat Square, Maqale, Mek'elē, Tigray, 1547, Ethiopia",disabled,,,,,,True
a1a647e8-8e96-4985-81b5-841922a1c9f9,Kaldis Coffee Outlets Circuit,anchor,anchor,True,,0.72,"kaldis, Ethiopia",Gulale,Addis Ababa,9.0853416,38.7383628,"Kaldis, Kuriftu Rd., Gulale, Addis Ababa, 9837, Ethiopia",disabled,,,,,,True
a1ef5df7-cce4-45d0-ba46-7f308e494537,Lake Boyo Wetlands (Cranes & Waterfowl),anchor,anchor,False,,0.741,"wetlands, Ethiopia",Hawassa,Sidama,7.0565734,38.5645095,"Cheleleka Wetlands, Hawassa, West Arsi, Sidama, Ethiopia",disabled,,,,,,False
a209eb52-7fa4-43cf-97f8-891e26770368,Turmi Hamer Weekly Market,anchor,anchor,True,,0.77,"turmi, Ethiopia",Turmi,South Ethiopia Regional State,4.96835,36.487794,"Turmi, South Omo, South Ethiopia Regional State, Ethiopia",disabled,,,,,,True
a2136268-1ca5-4b7b-869d-a6c4ba461aa8,Daga Estifanos Monastery,existing,,False,,,,,,,,,disabled,,,,,,False
a2b6930f-8f3e-4366-a66e-b58fb09c9354,Korean Hospital (MCM - Myungsung Christian Medical Center),anchor,anchor,True,,0.72,"mcm, Ethiopia",Bole,Addis Ababa,8.9985133,38.8092576,"MCM, Egzabheraab To Mebrathail, Gerji, Bole, Addis Ababa, 2310, Ethiopia",disabled,,,,,,True
a310b843-e800-451d-9347-dacef53bf90a,Arba Minch City Highlands & Lakes Overlook,anchor,anchor,True,,0.804,"arba minch, Ethiopia",Arba Minch,South Ethiopia Regional State,6.0215142,37.5539809,"Arba Minch, Gamo, South Ethiopia Regional State, Ethiopia",disabled,,,,,,True
a35b1ac5-02c8-4c8d-b3c5-1d5fa4718be2,Emperor Fasilides Bathing Palace,anchor,anchor,True,,0.72,"fasilides bath, Ethiopia",Gonder,Amhara,12.6174164,37.4575171,"Fasilides' Bath, Asmara Road, Gonder, North Gondar, Amhara Region, 6200, Ethiopia",disabled,,,,,,True
a3674094-06ce-460e-a0b5-794603a7574d,Karamara Hospital,matched,exact,False,,0.8,"Karamara Hospital, Ethiopia",Jijiga,Somali,9.3595825,42.8011943,"Karamara General Hospital, C105, Jijiga, Fafan, Somali Region, Ethiopia",disabled,,,,,,True
a36e1261-f724-4624-a1c2-3052f5045f9b,Dorze Bamboo Elephant Houses & Weaving Village,anchor,anchor,False,,0.752,"dorze, Ethiopia",Dorze,South Ethiopia Regional State,6.1948568,37.5743447,"Dorze, Gamo, South Ethiopia Regional State, Ethiopia",disabled,,,,,,False
a412401c-9edd-4790-9bf7-b5c4d4b14070,Totot Cultural Restaurant,anchor,anchor,True,,0.72,"totot, Ethiopia",Bole,Addis Ababa,9.0071908,38.8061823,"Totot Traditional Restaurant, Jackros - Anbesa Garage, Gerji, Bole, Addis Ababa, 2310, Ethiopia",disabled,,,,,,True
a420fb0b-fa70-4247-89d8-6d03814c9a67,Gorgora Eco-Resort Wellness Sanctuary,anchor,anchor,True,,0.775,"gorgora, Ethiopia",Gorgora,Amhara,12.2382669,37.2971393,"Gorgora, North Gondar, Amhara Region, Ethiopia",disabled,,,,,,True
a4590c74-818e-4c5d-b77a-f0d086057790,Golden Tulip Hotel Meeting Halls,anchor,anchor,False,,0.72,"golden tulip, Ethiopia",Bole,Addis Ababa,8.9955392,38.7870007,"Golden Tulip, BL_03_670 Street, Ghiliffalegn Stream, Bole, Addis Ababa, 7966, Ethiopia",disabled,,,,,,False
a471e427-7849-4b2f-b1ec-722588e9fbd2,Sheikh Abadir Shrine & Tombs,anchor,anchor,True,,0.72,"shrine, Ethiopia",Sheik Hussein,Oromia,7.7466905,40.7074585,"Sheikh Hussein Shrine, Sheik Hussein, Bale, Oromia Region, Ethiopia",disabled,,,,,,True
a4a27727-8501-4e4a-a377-2d947cb81ed6,Axum Tombs of Kaleb and Gebre Meskel,anchor,anchor,True,,0.72,"tombs kaleb, Ethiopia",Axum,Tigray,14.1422913,38.7292489,"Tombs of Kings Kaleb and Gebremeskel, Denver Street, Axum, Central Tigray, Tigray, Ethiopia",disabled,,,,,,True
a4ce71e3-c668-464a-a1d5-2b23c23a2ba5,Sodere Resort Barbecue & Park Dining,anchor,anchor,True,,0.749,"sodere, Ethiopia",Sodere,Oromia,8.4034494,39.3869748,"Sodere, East Shewa, Oromia Region, Ethiopia",disabled,,,,,,True
a4f69955-8899-4790-a847-8456b087ddbf,Sabana Beach Resort (Lake Langano),existing,,False,,,,,,,,,disabled,,,,,,False
a584404f-6bdc-4509-b15b-f3849b06d125,Planet Hotel Wellness Center,anchor,anchor,False,,0.72,"planet, Ethiopia",Bole,Addis Ababa,9.0161549,38.8013858,"One Planet International, Ring Road, Bole, Addis Ababa, 2310, Ethiopia",disabled,,,,,,False
a5df60e9-c2d9-4a85-bf82-f339274cab73,Omo River Delta Boat Safaris,anchor,anchor,False,,0.72,"boat, Ethiopia",Bahir Dar Special Zone,Amhara,11.5990209,37.3848859,"Desalegn Tourism and Boat Hire, Route 3, Bahir Dar Special Zone, West Gojjam, Amhara Region, 6600, Ethiopia",disabled,,,,,,False
a64316d3-1e4b-4c96-b429-3998b8e8d0d9,Liben Plains (Endemic Sidamo Lark Spotting),no_match,,False,,,,,,,,,disabled,,,,,,False
a683a9af-809c-48ea-8732-e47bc46ab955,Bete Medhane Alem,matched,exact,False,,0.8,"Bete Medhane Alem, Ethiopia",Lalibela,Amhara,12.033783,39.0439966,"Bete Medhane Alem, Honey Street, Lalibela, North Wollo Zone, Amhara Region, 6500, Ethiopia",disabled,,,,,,True
a6938b22-e38d-4f39-9426-4a8d00eaad13,Harar Walled City Street Exploration,anchor,anchor,True,,0.823,"harar, Ethiopia",Harar,Harar,9.3118304,42.1284009,"Harar, Hareri, Harar, 3200, Ethiopia",disabled,,,,,,True
a69a4f2a-a69b-4d64-837c-5bf3eedd0c69,Tana Qirqos Island Boat Access Point,anchor,anchor,True,,0.747,"tana qirqos, Ethiopia",,Amhara,11.8635159,37.4908505,"Tana Qirqos, Amhara Region, Ethiopia",disabled,,,,,,True
a69cdcf8-67e2-4923-82db-a3e87eef84a3,Abijatta-Shalla Lakes National Park (Flamingos & Waterbirds),anchor,anchor,True,,0.72,"flamingos, Ethiopia",,Oromia,7.4047633,38.4271591,"ten thousands of flamingos, West Arsi, Oromia Region, Ethiopia",disabled,,,,,,True
a6c5fb8f-0f92-4ebd-a3bd-ef2205c31644,Mount Choqa Astronomy Viewpoint,anchor,anchor,True,,0.72,"viewpoint, Ethiopia",Bishoftu,Oromia,8.7832477,38.9969502,"Viewpoint Lodge, Hora street, Bishoftu, East Shewa, Oromia Region, 1034, Ethiopia",disabled,,,,,,True
a6cf02c6-b55e-4988-aa17-3e8714b558f4,Sodere Thermal Springs Level Promenade,anchor,anchor,True,,0.749,"sodere, Ethiopia",Sodere,Oromia,8.4034494,39.3869748,"Sodere, East Shewa, Oromia Region, Ethiopia",disabled,,,,,,True
a6d4fa71-f780-48c5-a115-162a08f816ca,Dallol Hydrothermal Fields,anchor,anchor,True,,0.785,"dallol, Ethiopia",,Afar,14.2424728,40.2996919,"Dallol, Zone 2, Afar Region, Ethiopia",disabled,,,,,,True
a739aaa5-5c63-489e-b0de-d4432dc62de7,Nyangatom Community Villages,anchor,anchor,False,,0.749,"kibish, Ethiopia",Kibish,South West Ethiopia Peoples,6.0704555,35.4393008,"Kibish, Bench Sheko, South West Ethiopia Peoples, Ethiopia",disabled,,,,,,False
a7875a12-13ae-4274-9563-4ecd05892b69,Jimma City & Royal Heritage Precincts,anchor,anchor,True,,0.81,"jimma, Ethiopia",Jimma,Oromia,7.6756152,36.8478779,"Jimma, Oromia Region, Ethiopia",disabled,,,,,,True
a8036c35-608a-41ed-b286-62e4ee33a54b,Debre Libanos Gorge Overlook,anchor,anchor,True,,0.752,"debre libanos, Ethiopia",Debre Libanos,Oromia,9.7295697,38.8167682,"Debre Libanos, North Shewa (Oromia Region), Oromia Region, Ethiopia",disabled,,,,,,True
a86ee5bc-cd7e-4a91-9f3e-7af4e40039d1,Choke Mountain High-Altitude Running Circuit,anchor,anchor,True,,0.752,"choke, Ethiopia",,Amhara,10.7117887,37.8435035,"Mount Choke, East Gojjam, Amhara Region, Ethiopia",disabled,,,,,,True
a8f499a1-073c-4219-92ae-7e4a4ebdea65,Gedeo Sacred Cultural Landscape,review,review,False,,0.34,"gedeo, Ethiopia",,South Ethiopia Regional State,6.1300117,38.2234772,"Gedeo, South Ethiopia Regional State, Ethiopia",disabled,,,,,,False
a9666c25-4c4b-4bdf-abd6-95ca09b2891f,Chebera Churchura Wild Elephant Herds,anchor,anchor,True,,0.736,"chebera churchura, Ethiopia",,South West Ethiopia Peoples,6.9042595,36.7301591,"Chebera Churchura National Park, Konta Zone, South West Ethiopia Peoples, Ethiopia",disabled,,,,,,True
a97248f8-ff53-4f50-b569-89d1ab6a120b,Kazanchis Historic Tejbet Outlets,anchor,anchor,True,,0.749,"kazanchis, Ethiopia",Kirkos,Addis Ababa,9.0159277,38.7712221,"Kazanchis, Kirkos, Addis Ababa, 9568, Ethiopia",disabled,,,,,,True
a9dffab7-8c8d-417c-8a30-4e5dbdc067ce,Harar Jugol Walled City,anchor,anchor,False,,0.731,"harar jugol, Ethiopia",Harar,Harar,9.3053662,42.1350616,"Harar Jugol, the Fortified Historic Town, Harar, Hareri, Harar, 3200, Ethiopia",disabled,,,,,,False
aa0ffa48-cede-4d4c-999d-1fa870f9141c,Konso Walled Terraces Panorama,anchor,anchor,True,,0.733,"konso, Ethiopia",,South Ethiopia Regional State,5.25,37.5,"Konso, Segen Peoples', South Ethiopia Regional State, Ethiopia",disabled,,,,,,True
aa6c0945-3928-4d30-afd3-651362c8152d,Bole Ambassader Public Promenade,anchor,anchor,False,,0.728,"promenade, Ethiopia",,Oromia,8.8418595,40.0127933,"Promenade de la berge, East Shewa, Oromia Region, Ethiopia",disabled,,,,,,False
aa7db2b3-e978-40ef-a447-af33678cf9f5,Lake Shalla Deep Water Boating Access,anchor,anchor,True,,0.786,"shalla, Ethiopia",,Oromia,7.5390028,38.5223013,"Abijata-Shalla Lakes National Park, West Arsi, Oromia Region, Ethiopia",disabled,,,,,,True
aa84c129-93c8-46c3-9bae-2abbb64d8ba9,Lakeshore Wellness Resort,anchor,anchor,True,,0.808,"hawassa, Ethiopia",Hawassa,Sidama,7.0481029,38.47861,"Hawassa, Sidama, 1923, Ethiopia",disabled,,,,,,True
aaedbac4-8136-41c0-a679-f9159aa9705d,Dembel City Center,matched,exact,False,,0.827,"Dembel City Center, Ethiopia",Kirkos,Addis Ababa,9.0047069,38.7670633,"Dembel City Center, Africa Avenue / Bole Road, Olympia, Kirkos, Addis Ababa, 1165, Ethiopia",disabled,,,,,,True
aaf39f24-f344-4aca-b02c-7987205bd9e5,Hyatt Regency Addis Ababa,matched,exact,False,,0.8,"Hyatt Regency Addis Ababa, Ethiopia",Kirkos,Addis Ababa,9.0100868,38.7640678,"Hyatt Regency Addis Ababa, Meskel Square, Meshuwalekiya, Kirkos, Addis Ababa, 1138, Ethiopia",disabled,,,,,,True
ab036e39-48a4-4f83-927e-c6f35dc44a70,Ethiopian Space Science & Technology Institute,matched,exact,False,,0.8,"Ethiopian Space Science & Technology Institute, Ethiopia",Gulale,Addis Ababa,9.0507285,38.7611956,"Ethiopian Space Science & Technology Institute, Gulele_02_359 St., Sidist Kilo, Gulale, Addis Ababa, 1176, Ethiopia",disabled,,,,,,True
ab03a2e5-104e-4e71-8127-b80ef8b0602a,Blue Nile Falls (Tis Abay),existing,,False,,,,,,,,,disabled,,,,,,False
ab05f92d-9430-45db-b067-57f3f5e9d21f,Borena Pastoralist Singing Wells,anchor,anchor,True,,0.731,"yabello, Ethiopia",Yabēlo,Oromia,4.8888074,38.109828,"Karati to Yabello, Yabēlo, Borena, Oromia Region, Ethiopia",disabled,,,,,,True
ab294bec-dde6-4d2e-973b-41b9fa7a5c40,Kebran Gabriel Island Monastery,anchor,anchor,True,,0.785,"monastery, Ethiopia",Debre Libanos,Oromia,9.7120303,38.8475576,"Debre Libanos Monastery, Debre Libanos 2 Port. Bridge, Debre Libanos, North Shewa (Oromia Region), Oromia Region, Ethiopia",disabled,,,,,,True
ab47d58d-c48f-4c55-a084-1ba86d43c53f,Yeha Ancient Tombs & Crypts,anchor,anchor,True,,0.72,"tombs, Ethiopia",Axum,Tigray,14.1422913,38.7292489,"Tombs of Kings Kaleb and Gebremeskel, Denver Street, Axum, Central Tigray, Tigray, Ethiopia",disabled,,,,,,True
ab60729b-f045-4435-9031-abb6c44a6012,Imperial Palace & Unity Park Complex,anchor,anchor,True,,0.756,"unity, Ethiopia",Bole,Addis Ababa,9.0034887,38.8049675,"Unity University College, Anbesa Garage - Jackros, Gerji, Bole, Addis Ababa, 2310, Ethiopia",disabled,,,,,,True
ab6fe8ad-0f59-495f-9f3c-73eb7e36689a,Lalibela Ben Abeba Architectural & Fusion Restaurant,anchor,anchor,True,,0.72,"ben abeba lalibela, Ethiopia",Lalibela,Amhara,12.0432542,39.0370149,"Ben Abeba Restaurant, Honey Street, Lalibela, North Wollo Zone, Amhara Region, 6500, Ethiopia",disabled,,,,,,True
abad81e9-d84c-4846-b88c-ab64a36b4327,Konso Paleontological Site,anchor,anchor,True,,0.733,"konso, Ethiopia",,South Ethiopia Regional State,5.25,37.5,"Konso, Segen Peoples', South Ethiopia Regional State, Ethiopia",disabled,,,,,,True
abce70c4-d1f2-4ed5-bfd9-b63ffcc199e0,Gurage Cultural Enset (False Banana) Homesteads,anchor,anchor,False,,0.72,"enset, Ethiopia",Kirkos,Addis Ababa,8.9901108,38.7658822,"Enset Restaurant, Gabon Avenue, Meskel Flower, Kirkos, Addis Ababa, 3659, Ethiopia",disabled,,,,,,False
ac27be0e-8dd4-447c-a6b6-468b6493eda9,Debre Tabor Emperor Tewodros Military Fort Ruins,anchor,anchor,True,,0.752,"debre tabor, Ethiopia",Debre Tabor,Amhara,11.856591,38.008309,"Debre Tabor, South Gonder, Amhara Region, Ethiopia",disabled,,,,,,True
aca6e86c-fb19-4fe4-b441-3791249ebde2,Entoto Maryam Church,anchor,anchor,False,,0.736,"church, Ethiopia",Yejube,Amhara,10.1646434,37.7467016,"church, Yejube, Baso Liben, East Gojjam, Amhara Region, Ethiopia",disabled,,,,,,False
acc97225-1dff-49dc-a5db-bb0fc854c20d,Hawassa Industrial Park Business & Exhibition Complex,anchor,anchor,True,,0.736,"hawassa industrial, Ethiopia",Hawassa,Sidama,7.0673591,38.4978857,"Hawassa Industrial Park, Hawassa, Sidama, Ethiopia",disabled,,,,,,True
acd40618-1c52-483a-a8c0-23714e3c91e5,St. George Cathedral (St. Georges),anchor,anchor,True,,0.72,"st george addis, Ethiopia",Kirkos,Addis Ababa,9.0141275,38.7521409,"St. George Terrace, Gambia Street, Beherawi, Kirkos, Addis Ababa, 1138, Ethiopia",disabled,,,,,,True
acf09791-c56d-4e12-b883-14bbcf964393,Karamara War Memorial Park,anchor,anchor,False,,0.72,"karamara, Ethiopia",Lideta,Addis Ababa,9.0203225,38.7346158,"Karamara Primary Public School, Bekele Weya Street, Jos Hanssen, Lideta, Addis Ababa, 7777, Ethiopia",disabled,,,,,,False
acf58a47-0296-4e95-919c-ae9d881e6d38,Arba Minch University Limnology & Water Research Center,anchor,anchor,True,,0.755,"arba minch university, Ethiopia",Arba Minch,South Ethiopia Regional State,6.0659447,37.5600365,"Arba Minch University, Wolayta Sodo - Arba Minch, Arba Minch, Gamo, South Ethiopia Regional State, Ethiopia",disabled,,,,,,True
acfaedcc-5bc8-469b-bad3-f73791526690,Friendship Park Outdoor Event Spaces,anchor,anchor,True,,0.736,"friendship, Ethiopia",Addis Ababa,Addis Ababa,9.0236603,38.7595819,"Friendship Square, Arat Kilo, Addis Ababa, Arada, Addis Ababa, Ethiopia",disabled,,,,,,True
ad051875-a9c0-4a60-bf71-6adfacb5838d,Blue Nile Falls Bridge Hike,anchor,anchor,True,,0.788,"tis abay, Ethiopia",Tis Abay,Amhara,11.4878798,37.5875677,"Blue Nile Falls, Tis Abay, West Gojjam, Amhara Region, Ethiopia",disabled,,,,,,True
ad3b739a-efe0-428e-abbc-fd39480657dc,Awash National Park (Beisa Oryx & Anubis Baboons),anchor,anchor,False,,0.813,"awash, Ethiopia",,,9.9749582,40.3904199,"Awash, Ethiopia",disabled,,,,,,False
ad5f9af1-939c-4e66-9aa6-9a34757052b2,Adama Conference Center / Pan-African Hub,anchor,anchor,True,,0.72,"adama oromia, Ethiopia",Adama,Oromia,8.5408627,39.2655724,"Commercial Bank of Ethiopia Aba Geda Branch, Nuho Gobana Street, Adama, Oromia Region, 0408, Ethiopia",disabled,,,,,,True
ad62ee0f-0424-4851-a1d7-5c32903add84,Mekelle Planet Resort Sports Facilities,anchor,anchor,False,,0.72,"planet, Ethiopia",Bole,Addis Ababa,9.0161549,38.8013858,"One Planet International, Ring Road, Bole, Addis Ababa, 2310, Ethiopia",disabled,,,,,,False
ad9d5a61-da3f-4a35-a9c4-76027dd54cee,Unison Hotel Elevators & Concourse,anchor,anchor,True,,0.72,"unison, Ethiopia",Bahir Dar Special Zone,Amhara,11.5957145,37.3854336,"Unison Hotel & Spa, Route 3, Bahir Dar Special Zone, West Gojjam, Amhara Region, 6600, Ethiopia",disabled,,,,,,True
ada48223-5661-467d-a0ad-52e36324390a,Asaita Afar Traditional Mat Market,anchor,anchor,True,,0.785,"asaita, Ethiopia",Asaita,Afar,11.5653325,41.4385892,"Asaita, Zone 1, Afar Region, Ethiopia",disabled,,,,,,True
ae586ea6-be22-47cb-a0b6-79775802dc87,Mount Abuye Meda Dark-Sky Outpost,anchor,anchor,True,,0.733,"abuye meda, Ethiopia",,Amhara,10.51667,39.76667,"Mount Abuye Meda, North Shewa (Amhara Region), Amhara Region, Ethiopia",disabled,,,,,,True
ae74983d-a9e2-4b1a-a5ef-5be62fc8eabb,Axum Archaeological Museum & Research Base,anchor,anchor,True,,0.824,"axum, Ethiopia",Axum,Tigray,14.1220982,38.7321749,"Axum, Central Tigray, Tigray, Ethiopia",disabled,,,,,,True
aea4a4cd-8591-40dd-b241-2a03c7d8111c,Jimma University Sports Complex Stadium,anchor,anchor,True,,0.81,"jimma, Ethiopia",Jimma,Oromia,7.6756152,36.8478779,"Jimma, Oromia Region, Ethiopia",disabled,,,,,,True
aed683d3-0307-4abb-98f3-a8e25645aa21,Lake Koka Dam Boating Launch,anchor,anchor,False,,0.747,"reservoir, Ethiopia",,South West Ethiopia Peoples,6.9736703,35.5034115,"Dembi Reservoir, Bench Sheko, South West Ethiopia Peoples, Ethiopia",disabled,,,,,,False
af7bb4ed-fff5-4e06-b5da-fc329d82d1fe,Wonchi Crater Lake Wellness Lodge,anchor,anchor,False,,0.776,"crater, Ethiopia",,Afar,11.2867169,41.6376565,"Dama Ali Crater, Zone 1, Afar Region, Ethiopia",disabled,,,,,,False
afca8363-2f78-4c8e-91cf-afe3abfab5bb,Haile Grand Addis Ababa Luxury Suites,anchor,anchor,False,,0.72,"grand addis, Ethiopia",Bole,Addis Ababa,9.0003059,38.7817192,"Le Grand Reve, BL_03_612 Street, Ghiliffalegn Stream, Bole, Addis Ababa, 7966, Ethiopia",disabled,,,,,,False
affd4889-de6c-4dd1-aa73-05087cb2537f,Ethio-American Doctors Hospital Complex,anchor,anchor,False,,0.72,"ethio american addis, Ethiopia",Kirkos,Addis Ababa,8.9950849,38.7717116,"Ethio-American Pharmaceticals, KR_02_367 Street, Wello Sefer, Kirkos, Addis Ababa, 1165, Ethiopia",disabled,,,,,,False
b03d1698-6c76-41fa-a74d-29805896d22f,Wolisso Hot Springs Waterfall Streams,anchor,anchor,False,,0.72,"woliso, Ethiopia",Waliso,Oromia,8.5506266,37.978662,"Ambo University Woliso Campus, Jimma Road, Waliso, South West Shewa, Oromia Region, Ethiopia",disabled,,,,,,False
b044136b-5159-4c41-8d0f-f205bafc2af9,Bole Fawkner / City Tennis & Sports Clubs,anchor,anchor,False,,0.72,"tennis club, Ethiopia",Kirkos,Addis Ababa,9.0152819,38.7576885,"Addis Ababa Tennis Club, Ras Desta Damtew Street, Beherawi, Kirkos, Addis Ababa, 1138, Ethiopia",disabled,,,,,,False
b0593f5d-c975-467a-8583-b01faf1afd22,Marriott Executive Apartments Business Hub,anchor,anchor,False,,0.72,"marriott, Ethiopia",Kirkos,Addis Ababa,9.010443,38.7651132,"Marriott Executive Apartments, Jomo Kenyatta Avenue, Meshuwalekiya, Kirkos, Addis Ababa, 9568, Ethiopia",disabled,,,,,,False
b072f551-6080-47a8-913d-931ec74cf1f0,Asaita Historic Afar Sultanate Seat,anchor,anchor,True,,0.785,"asaita, Ethiopia",Asaita,Afar,11.5653325,41.4385892,"Asaita, Zone 1, Afar Region, Ethiopia",disabled,,,,,,True
b14ecf8a-6df7-4193-85e5-28ced46f78aa,Raya Azebo Commercial Agro-Farms,anchor,anchor,False,,0.733,"raya azebo, Ethiopia",,Afar,12.66667,40.33333,"Raya Na Azebo Awraja, Zone 4, Afar Region, Ethiopia",disabled,,,,,,False
b1693eaa-a9a5-4e24-8d9b-f6cbf55415ad,Kera Leather Market Zone,anchor,anchor,False,,0.736,"leather, Ethiopia",Akaki Kaliti,Addis Ababa,8.9497555,38.7626169,"Universal Leather Articles Factory, Saris, Akaki Kaliti, Addis Ababa, Ethiopia",disabled,,,,,,False
b1a65bc3-e022-4324-aca5-cb2fd04db0c9,Sidama Yirgalem Coffee Estates & Tasting Circuit,anchor,anchor,False,,0.72,"sidama yirgalem, Ethiopia",Aleta Wendo,Sidama,6.6046692,38.4247871,"Commerical Bank of Ethiopia - Aleta Wondo Branch, Yirgalem-Negele Road, Wondo, Aleta Wendo, Sidama, Ethiopia",disabled,,,,,,False
b1ac8823-6c29-45f3-99a5-ca887fb8be27,Al-Nejashi Mosque,matched,exact,False,,0.844,"Al-Nejashi Mosque, Ethiopia",Felegsha,Tigray,13.8755536,39.5987026,"Al Nejashi Mosque, A2, Felegsha, Eastern Tigray, Tigray, Ethiopia",disabled,,,,,,True
b1fbbc83-92ee-4466-9cd9-43b7a4bbb880,Hawassa Martyrs Memorial Park,anchor,anchor,True,,0.808,"hawassa, Ethiopia",Hawassa,Sidama,7.0481029,38.47861,"Hawassa, Sidama, 1923, Ethiopia",disabled,,,,,,True
b23868c7-7502-47f0-b40e-465c1581a15d,Wondo Genet Natural Thermal Spa,anchor,anchor,False,,0.753,"wondo genet, Ethiopia",Wondo Genet,Sidama,7.0854757,38.6141113,"Wondo Genet, Sidama, Ethiopia",disabled,,,,,,False
b2389ebb-016a-4235-9ea5-93a8fee8b962,United Nations Conference Centre (UNCC-ECA),anchor,anchor,False,,0.72,"united nations, Ethiopia",Kirkos,Addis Ababa,9.0145765,38.7662199,"United Nations Conference Center, Joseph Tito Street, Kazanchis, Kirkos, Addis Ababa, 7821, Ethiopia",disabled,,,,,,False
b23d5681-12bb-488c-b0ba-9dc07402bb6f,Intercontinental Addis Business Center,anchor,anchor,False,,0.72,"intercontinental kazanchis, Ethiopia",Kirkos,Addis Ababa,9.0154365,38.7696206,"Intercontinental Hotel, Guinea Conakry Street, Kazanchis, Kirkos, Addis Ababa, 9568, Ethiopia",disabled,,,,,,False
b24ddf98-b79e-47d6-9c19-e9aba66cebe1,Bedele Indigenous Forest Belt,anchor,anchor,True,,0.797,"bedele, Ethiopia",Bedele,Oromia,8.455645,36.352545,"Bedele, Illubabor, Oromia Region, Ethiopia",disabled,,,,,,True
b24f6732-55ea-4196-bbaf-a6ff017a7104,Gambella Riverside City Hub,anchor,anchor,True,,0.799,"gambela, Ethiopia",Gambela,Gambela,8.2503656,34.5877344,"Gambela, Agnuak, Gambela Region, Ethiopia",disabled,,,,,,True
b2719832-bb7c-4ad6-924d-2fd7cd4783aa,Mount Menagesha Peak Hike,anchor,anchor,False,,0.733,"suba, Ethiopia",Walmara,Oromia,8.96667,38.53333,"Suba, Walmara, West Shewa, Oromia Region, Ethiopia",disabled,,,,,,False
b28cd2b2-a2df-4c8c-841a-3db9cfdeab88,Felege Hiwot Hospital,matched,exact,False,,0.8,"Felege Hiwot Hospital, Ethiopia",Bahir Dar,Amhara,11.608003,37.3699025,"Felege hiwot referal hospital, St.Michael, Bahir Dar, West Gojjam, Amhara Region, 6600, Ethiopia",disabled,,,,,,True
b2cc4241-dbb0-4484-a7f0-0081725bec7b,Wolayta Cultural Village Centers,anchor,anchor,False,,0.72,"heritage, Ethiopia",Addis Ababa,Addis Ababa,9.0383893,38.7614963,"Ethiopian Heritage Authority, AR_06_1074 St. / Welete Yohanis Street, Amist Kilo, Arat Kilo, Addis Ababa, Arada, Addis Ababa, 0251, Ethiopia",disabled,,,,,,False
b4524629-f256-4d57-b6ae-23732213ae1e,Erta Ale Volcano Lava Lake,existing,,False,,,,,,,,,disabled,,,,,,False
b474cb05-04e1-4512-bd7b-3383bafff91d,Mount Karayu Lava Tube Caving,anchor,anchor,False,,0.733,"Karayu, Ethiopia",Sologiorgis,Amhara,8.83333,39.33333,"Yerer And Karayu, Sologiorgis, North Shewa (Amhara Region), Amhara Region, Ethiopia",disabled,,,,,,False
b4a07b20-3354-418a-a80b-17a2ac4d0189,Ethnological Museum at Addis Ababa University,anchor,anchor,False,,0.72,"tribal, Ethiopia",Turmi,South Ethiopia Regional State,4.9681012,36.5098539,"Tribal Life Ecolodge, Turmi to Arbore, Turmi, South Omo, South Ethiopia Regional State, Ethiopia",disabled,,,,,,False
b587b09e-5cf7-46bb-ab15-2883d5dbb624,Assosa Urban Center,anchor,anchor,False,,0.72,"assosa benishangul, Ethiopia",Assosa,Benishangul-Gumuz,10.0605437,34.5484621,"Commercial Bank of Ethiopia - Assosa, B40, Asosa, Benishangul-Gumuz Region, Ethiopia",disabled,,,,,,False
b591f80f-e757-4848-b688-e50b97007931,Sheraton Addis Resort Grounds & Boardwalks,anchor,anchor,False,,0.743,"sheraton, Ethiopia",Kirkos,Addis Ababa,9.0204847,38.7595978,"Sheraton Addis, Taitu Street, Beherawi, Kirkos, Addis Ababa, 1138, Ethiopia",disabled,,,,,,False
b59727e4-d721-47d4-b534-ffdc553357e5,Debre Zeit Agricultural Research Center,anchor,anchor,False,,0.733,"agricultural, Ethiopia",Maya City,Oromia,9.4155115,42.0359414,"Agricultural Village, Maya City, East Harerghe, Oromia Region, Ethiopia",disabled,,,,,,False
b6046336-8442-4977-850f-14dfd8c9d66f,Friendship Park Phase I & II,anchor,anchor,False,,0.736,"friendship, Ethiopia",Addis Ababa,Addis Ababa,9.0236603,38.7595819,"Friendship Square, Arat Kilo, Addis Ababa, Arada, Addis Ababa, Ethiopia",disabled,,,,,,False
b61e5b08-c91d-4ce2-bba1-6fa553d26f78,Bonga Kafa Eco-Lodge Executive Wing,anchor,anchor,True,,0.792,"bonga, Ethiopia",Bonga,South West Ethiopia Peoples,7.2645383,36.2460526,"Bonga, Kafa, South West Ethiopia Peoples, Ethiopia",disabled,,,,,,True
b66b300d-f7f3-4aea-aece-a0c1a5518667,Kafa Coffee Biosphere Reserve Research Station,anchor,anchor,False,,0.72,"biodiversity, Ethiopia",Yeka,Addis Ababa,9.0334011,38.7822906,"Ethiopian Biodiversity Institute (EBI), Comoros Street, Yeka, Addis Ababa, 7821, Ethiopia",disabled,,,,,,False
b697b80e-b8f3-4880-92a9-8b2279b70a5a,Weyto Crafts & Reed Boat Community,anchor,anchor,False,,0.72,"weyto, Ethiopia",Woito,South Ethiopia Regional State,5.3727345,36.9935081,"Weyto Lodge, C70, Woito, South Omo, South Ethiopia Regional State, Ethiopia",disabled,,,,,,False
b6aecfe1-84e4-4370-8992-304f2c4a9c25,Sendafa Police Academy High-Altitude Athletic Tracks,anchor,anchor,True,,0.797,"sendafa, Ethiopia",Sendafa,Oromia,9.155868,39.023811,"Sendafa, North Shewa (Oromia Region), Oromia Region, Ethiopia",disabled,,,,,,True
b6d0822a-e078-4fe7-a40f-d464fda30f7e,Gorgora Eco-Resort Villa Suites,anchor,anchor,False,,0.775,"gorgora, Ethiopia",Gorgora,Amhara,12.2382669,37.2971393,"Gorgora, North Gondar, Amhara Region, Ethiopia",disabled,,,,,,False
b6d115e1-9702-4726-a874-591db2868a7a,Tulu Moye Geothermal Thermal Wells,anchor,anchor,False,,0.734,"geothermal, Ethiopia",,Oromia,7.7885742,38.794604,"Aluto–Langano Geothermal Power Station, Arsi, Oromia Region, Ethiopia",disabled,,,,,,False
b7859b5c-c334-446f-bb0c-32d5b320250c,Sheka Rainforest Honey Outlets,anchor,anchor,False,,0.779,"masha, Ethiopia",Masha,South West Ethiopia Peoples,7.747454,35.475953,"Masha, Sheka, South West Ethiopia Peoples, Ethiopia",disabled,,,,,,False
b786899e-1235-4309-8773-302db27fe085,Paradise Lodge VIP Bungalows,anchor,anchor,False,,0.72,"paradise, Ethiopia",Kirkos,Addis Ababa,8.9951258,38.738996,"Garden Paradise, 4th floor, Alexander Pushkin, Bulgariya Mazoriya, Kirkos, Addis Ababa, 7777, Ethiopia",disabled,,,,,,False
b79a32d5-6c63-4cc1-becb-c2f1eba832b7,Grand Resort and Spa MICE Facilities,anchor,anchor,False,,0.72,"grand, Ethiopia",Gazer,South Ethiopia Regional State,5.904078,36.5777252,"Abatye home (grand father), Gazer, Ari Zone, South Ethiopia Regional State, Ethiopia",disabled,,,,,,False
b7b844b3-22fb-437a-8e8f-627a9593794e,Lake Tana Outlet & Papyrus Boats,anchor,anchor,True,,0.819,"tana, Ethiopia",,Amhara,11.9507719,37.294878,"Lake Tana, Amhara Region, Ethiopia",disabled,,,,,,True
b7bfc38d-0f85-4a35-bebf-58be47ede083,Lake Tana Outlet to Blue Nile Falls Boat Route,anchor,anchor,False,,0.824,"blue nile, Ethiopia",,,11.2145557,35.0930459,"Blue Nile, Ethiopia",disabled,,,,,,False
b7cda2f1-eaef-40d3-b85d-40f2ccd26f66,Yemrehanna Kristos Cave Church,anchor,anchor,False,,0.752,"lalibela, Ethiopia",Lalibela,Amhara,12.0360639,39.0456845,"Lalibela, North Wollo Zone, Amhara Region, 6500, Ethiopia",disabled,,,,,,False
b81ee5f1-0025-46e8-892d-32113fa97521,Karrayyu Plain Overland Safari,review,review,False,,0.34,"east shewa, Ethiopia",,Oromia,8.3607724,39.0074478,"East Shewa, Oromia Region, 1034, Ethiopia",disabled,,,,,,False
b87059a5-5673-48c5-839a-b2b0997a6f55,Simien Escarpment Ridge Trekking,anchor,anchor,True,,0.804,"simien, Ethiopia",,Amhara,13.2458802,38.0999456,"Simien Mountains National Park, North Gondar, Amhara Region, Ethiopia",disabled,,,,,,True
b8802b66-fe0e-4ee7-af1b-888ac78b6f90,Nigat Lake Resort VIP Cabins,anchor,anchor,False,,0.72,"nigat, Ethiopia",Addis Ababa,Addis Ababa,9.0324178,38.7746227,"Nigat & her family, Queen Elizabeth Street, Kebena, Arat Kilo, Addis Ababa, Arada, Addis Ababa, 7821, Ethiopia",disabled,,,,,,False
b89ac6af-28f2-42d9-affc-ec736d03d69a,Jimma University Medical Center,anchor,anchor,True,,0.793,"jimma university, Ethiopia",Jimma,Oromia,7.6792877,36.8533248,"Jimma University, A5, Jimma, Oromia Region, Ethiopia",disabled,,,,,,True
b90d1e5f-6af8-4c9b-992c-101e44d8ac58,Senkele Sanctuary Open Plain Night Sky,no_match,,False,,,,,,,,,disabled,,,,,,False
b93352cd-2f5c-4b4f-a433-9380939782cd,Addis Ababa Science Museum Space & Aviation Wing,anchor,anchor,False,,0.747,"science, Ethiopia",Kirkos,Addis Ababa,9.0211333,38.7622597,"Ethiopia Museum of Art and Science, Menelik II Avenue, Menahereya Kazanchis, Kirkos, Addis Ababa, 7821, Ethiopia",disabled,,,,,,False
b9519fdf-5fc5-41bb-acd1-23bddbbb0383,Lake Chamo Crocodile Market (Nile Crocodiles & Hippos),anchor,anchor,False,,0.824,"nile, Ethiopia",,,11.2145557,35.0930459,"Blue Nile, Ethiopia",disabled,,,,,,False
b97358c0-f417-43e9-9de8-bedfd44c3f28,Ambo Apple & Fruit Orchards,anchor,anchor,True,,0.798,"ambo, Ethiopia",Ambo,Oromia,8.982104,37.8554406,"Ambo, Ambo Zuria, West Shewa, Oromia Region, Ethiopia",disabled,,,,,,True
b9a23bb4-1ffc-4535-b70e-56ed34bdde64,Borena Saynt National Park (Gelada Baboons),anchor,anchor,False,,0.72,"gelada, Ethiopia",,Amhara,13.2323664,38.0384975,"Gelada Research Project, North Gondar, Amhara Region, Ethiopia",disabled,,,,,,False
b9c934a6-43d2-4c67-8e9d-07dc9bef75eb,የጎንደር ደብረ ብርሃን ሥላሴ ቤተክርስቲያን,existing,,False,,,,,,,,,disabled,,,,,,False
ba001415-e817-4ba5-91ab-19576b02886c,Abijatta-Shalla Flamingos & Salt Crust Lakes,anchor,anchor,False,,0.72,"flamingos, Ethiopia",,Oromia,7.4047633,38.4271591,"ten thousands of flamingos, West Arsi, Oromia Region, Ethiopia",disabled,,,,,,False
ba25d77c-f5de-4608-b79c-4045fed750c3,Bishoftu Pyramids Resort & Spa,anchor,anchor,True,,0.808,"bishoftu, Ethiopia",Bishoftu,Oromia,8.750004,38.981734,"Bishoftu, East Shewa, Oromia Region, 1034, Ethiopia",disabled,,,,,,True
ba333088-9c00-4ee7-b962-298e550aefba,Churchill Avenue Public Walkway,anchor,anchor,False,,0.731,"churchill avenue, Ethiopia",Addis Ababa,Addis Ababa,9.0240991,38.7519637,"Churchill Avenue, Posta Bet, Somale Tera, Addis Ababa, Arada, Addis Ababa, 1415, Ethiopia",disabled,,,,,,False
ba380ed4-ea00-42e0-9a34-ae2427ca9117,Sof Omar Cave Pillars & Light Shafts,anchor,anchor,False,,0.752,"sof omar, Ethiopia",Sof Omar,Oromia,6.9013463,40.8438263,"Sof Omar, Bale, Oromia Region, Ethiopia",disabled,,,,,,False
ba3f6a9e-2205-40e9-a44f-57a2416dc874,Arba Minch Fish & Fruit Tasting Outlets,anchor,anchor,True,,0.804,"arba minch, Ethiopia",Arba Minch,South Ethiopia Regional State,6.0215142,37.5539809,"Arba Minch, Gamo, South Ethiopia Regional State, Ethiopia",disabled,,,,,,True
ba5ee543-3d16-4d06-83b9-fc0de1b389c4,Bale Mountains National Park & Harenna Cloud Forest,anchor,anchor,False,,0.72,"harenna, Ethiopia",,Oromia,6.7584724,39.7218796,"harenna bamboo and waterfall, Bale, Oromia Region, Ethiopia",disabled,,,,,,False
ba88e856-c9a7-46a7-81f5-41cb3cfe90ad,Kafa Biosphere Reserve,review,review,False,,0.34,"kafa, Ethiopia",,South West Ethiopia Peoples,7.1554315,36.2072288,"Kafa, South West Ethiopia Peoples, Ethiopia",disabled,,,,,,False
ba97f6e3-ded6-4b0f-9b91-c34ce33838c4,Guji Coffee Farm Plantations,anchor,anchor,False,,0.72,"plantations, Ethiopia",Fisiha Gennet,South Ethiopia Regional State,6.1324418,38.2092799,"Coffee plantations, Addis Ababa to Nairobi road, Fisiha Gennet, Gedeo, South Ethiopia Regional State, Ethiopia",disabled,,,,,,False
ba9f56d3-b00a-4c7a-8531-0833b494f3cd,Lake Langano Public Beach Access,anchor,anchor,True,,0.78,"langano, Ethiopia",,Oromia,7.6120061,38.7629256,"Lake Langano, West Arsi, Oromia Region, Ethiopia",disabled,,,,,,True
bb297d28-8b26-43f4-87ad-45513e12cbbe,Senkele Hartebeest Sanctuary Conservation Center,no_match,,False,,,,,,,,,disabled,,,,,,False
bb55b346-d2fa-403f-8891-d4d865bf798d,Ethiopian Institute of Agricultural Research (EIAR - Holeta),anchor,anchor,False,,0.72,"holeta agricultural, Ethiopia",Holeta Genet,Oromia,9.0597396,38.5051906,"Holeta Agricultural Biotechnology Research, New Road to Ambo, Holeta, Holeta Genet, Walmara, West Shewa, Oromia Region, Ethiopia",disabled,,,,,,False
bb7553ff-8dce-4d61-ac69-ce032ad551d9,Konso Sorghum Beer (Pardo) & Local Dish Centers,anchor,anchor,False,,0.733,"konso, Ethiopia",,South Ethiopia Regional State,5.25,37.5,"Konso, Segen Peoples', South Ethiopia Regional State, Ethiopia",disabled,,,,,,False
bba05c41-e598-4829-b96a-281cd5bb56bc,Guge Mountain High-Altitude Alpine Ecosystem,anchor,anchor,False,,0.752,"guge, Ethiopia",,South Ethiopia Regional State,6.2036795,37.388776,"Mount Guge, Gamo, South Ethiopia Regional State, Ethiopia",disabled,,,,,,False
bbba8177-f6f8-4379-bb72-c74eddfef287,Asham Africa Executive Lake Suites,anchor,anchor,False,,0.72,"asham africa, Ethiopia",Bishoftu,Oromia,8.7436854,38.9894021,"Asham Africa, A1, Bishoftu, East Shewa, Oromia Region, 1034, Ethiopia",disabled,,,,,,False
bbbd1301-3228-4439-bb78-cc3abaa079a5,Getfam Hotel Presidential Suite,anchor,anchor,False,,0.72,"getfam, Ethiopia",Bole,Addis Ababa,9.0147551,38.7835838,"Getfam, Haile Gebresellasie Avenue, Urael, Bole, Addis Ababa, 1156, Ethiopia",disabled,,,,,,False
bc5c38df-1497-4ecd-96d1-924bc1f164fe,Menz Guassa gelada baboon troops on cliff edges,anchor,anchor,False,,0.733,"guassa, Ethiopia",,Amhara,10.3511111,39.7959722,"Menz Guassa Community Conservation Area, North Shewa (Amhara Region), Amhara Region, Ethiopia",disabled,,,,,,False
bca8a498-3c19-46be-b940-475794956631,Durame Urban Hub,anchor,anchor,True,,0.782,"durame, Ethiopia",Durame,Central Ethiopia Regional State,7.2438769,37.9049922,"Durame, Kembata, Central Ethiopia Regional State, Ethiopia",disabled,,,,,,True
bcd68e30-4fab-43ff-b93d-67a768a35b86,Battlefield of Maichew,anchor,anchor,False,,0.72,"maichew, Ethiopia",Maychew,Tigray,12.7744495,39.5534302,"Maichew Flexible Basic Metal Workshop, Mek'ele-Weldiya Road, Maychew, Southern Tigray, Tigray, Ethiopia",disabled,,,,,,False
bd1ca5ba-8165-4805-9eb5-c49d8b293553,Addis Ababa Leather Goods Boutique Outlets,anchor,anchor,False,,0.72,"leather goods addis, Ethiopia",Kirkos,Addis Ababa,9.0158969,38.7529696,"ELICO Leather Goods and Garments Unit, Gambia Street, Beherawi, Kirkos, Addis Ababa, 1138, Ethiopia",disabled,,,,,,False
bd57c662-08da-46da-bffa-c648362a13bc,Nechisar Bridge of God Ridge,anchor,anchor,False,,0.736,"nechisar, Ethiopia",Arba Minch,South Ethiopia Regional State,6.02604,37.56775,"Nechisar National Park Hq, Arba Minch, Gamo, South Ethiopia Regional State, Ethiopia",disabled,,,,,,False
bda1d2aa-2b5c-4c90-a201-bfc2793fa645,Arbore Cultural Settlement,anchor,anchor,False,,0.749,"arbore south omo, Ethiopia",Arbore,South Ethiopia Regional State,4.9932363,36.8500074,"Arbore, South Omo, South Ethiopia Regional State, Ethiopia",disabled,,,,,,False
bdc914c6-b0cc-4302-ad5a-7496a8b5f740,Addis Ababa Shiro Meda Shiro Tasting Outlets,anchor,anchor,False,,0.731,"shiro shiro meda, Ethiopia",Wolaita Sodo,South Ethiopia Regional State,6.8624953,37.7616665,"Shiro Meda Avenue, Giddo, Bornes Kilomètres, Wolaita Sodo, Wolayita, South Ethiopia Regional State, 4620, Ethiopia",disabled,,,,,,False
bdd10ec0-fe1e-4536-b60a-400ed9c2804a,Haile Grand Hotel Promenade,anchor,anchor,False,,0.72,"grand, Ethiopia",Gazer,South Ethiopia Regional State,5.904078,36.5777252,"Abatye home (grand father), Gazer, Ari Zone, South Ethiopia Regional State, Ethiopia",disabled,,,,,,False
bdd6772f-6bfb-4879-bdb6-f65d3ce9c837,Gorgora Eco-Resort & Lake Tana Shore,anchor,anchor,False,,0.775,"gorgora, Ethiopia",Gorgora,Amhara,12.2382669,37.2971393,"Gorgora, North Gondar, Amhara Region, Ethiopia",disabled,,,,,,False
be0be554-18e3-4a59-b93e-6d77199792a3,Lower Awash Valley,anchor,anchor,False,,0.72,"lower awash, Ethiopia",Semera,Afar,11.7905037,41.0094329,"Lower Awash Basin Development Branch Office, Road  to Dubti, Semera, Zone 1, Afar Region, 7240, Ethiopia",disabled,,,,,,False
be24de44-9b7a-47c4-8687-51d5883c45e7,Dinsho Sanctuary & Forest Park,anchor,anchor,False,,0.752,"dinsho, Ethiopia",Dinsho,Oromia,7.108213,39.780153,"Dinsho, Bale, Oromia Region, Ethiopia",disabled,,,,,,False
be311a32-b448-41f8-8f63-647f6f77af15,Bale Mountains Reforestation & Conservation Outposts,anchor,anchor,False,,0.752,"bale, Ethiopia",Bale,Oromia,7.7308591,39.9998827,"Bale, Arsi, Oromia Region, Ethiopia",disabled,,,,,,False
be475223-1ec6-4fca-abca-1460ed81b275,Axum King Bazens Tomb,anchor,anchor,False,,0.72,"king bazen tomb, Ethiopia",Axum,Tigray,14.1251662,38.7260467,"King Bazen's Tomb, Airport Street, Axum, Central Tigray, Tigray, Ethiopia",disabled,,,,,,False
beab2afc-d527-4d16-966c-139621393de9,Ayder Comprehensive Specialized Hospital,anchor,anchor,False,,0.72,"ayder, Ethiopia",Mek'elē,Tigray,13.5097564,39.4690226,"Ayder Riferral Hospital, Witten Germany Street, Mek'elē, Tigray, 1547, Ethiopia",disabled,,,,,,False
bf322d22-992f-4e90-9a6b-135d8559f6cf,Gondar Childrens Villages & Orphan Care Programs,anchor,anchor,True,,0.822,"gondar, Ethiopia",Gonder,Amhara,12.610368,37.466766,"Gonder, North Gondar, Amhara Region, 6200, Ethiopia",disabled,,,,,,True
bf5bc580-1fa1-40cd-9318-e7976d9762cd,Yirgacheffe Coffee Bean Buying Cooperatives,anchor,anchor,False,,0.72,"yirgacheffe, Ethiopia",Yirga Cheffe,South Ethiopia Regional State,6.1529383,38.2023167,"Yirgacheffe Stadium, Addis Ababa to Nairobi road, Yirga Chefe, Yirga Cheffe, Gedeo, South Ethiopia Regional State, Ethiopia",disabled,,,,,,False
bf6a9db1-5f34-4588-831c-f56b6debc699,Ethiopian Skylight Hotel Premium Wing,anchor,anchor,False,,0.72,"skylight, Ethiopia",Bole,Addis Ababa,8.9869542,38.7890925,"Ethiopian Skylight Hotel, Block C, D & E, Ring Road, Bole, Addis Ababa, 1044, Ethiopia",disabled,,,,,,False
bf769125-da9b-49e1-bd60-ea7ecdb4c2b2,Bole Brass Bakery & Ethiopian Pastry Circuit,anchor,anchor,False,,0.72,"bole brass, Ethiopia",Bole,Addis Ababa,8.9904207,38.7929906,"Brass Clinic (Bole), Cameroon Street, Bole, Addis Ababa, 1044, Ethiopia",disabled,,,,,,False
bf9007da-9802-469e-8a39-7298e9991d49,Unity Park & Imperial Palace Compound,anchor,anchor,False,,0.756,"unity, Ethiopia",Bole,Addis Ababa,9.0034887,38.8049675,"Unity University College, Anbesa Garage - Jackros, Gerji, Bole, Addis Ababa, 2310, Ethiopia",disabled,,,,,,False
c06dbff9-909d-4784-b3dd-a813bd5aad65,Specialized Kitfo Restaurants District,anchor,anchor,False,,0.72,"kitfo gurage cuisine, Ethiopia",Bole,Addis Ababa,9.0156551,38.7949992,"Dawit Kitfo Gurage Cuisine and Hotel, Equatorial Guinea Street, Ghiliffalegn Stream, Bole, Addis Ababa, 1110, Ethiopia",disabled,,,,,,False
c0790a25-dedf-41d2-9ed5-29c856eed804,Lake Boyo Boating Access,anchor,anchor,False,,0.731,"access, Ethiopia",,South West Ethiopia Peoples,6.81031,35.9496843,"Linta Farm Access Road, Bench Sheko, South West Ethiopia Peoples, Ethiopia",disabled,,,,,,False
c08bc924-0acd-43cb-9f12-bbc3ea1da327,Wonchi Crater Lake Wooden Boat Crossing Points,anchor,anchor,False,,0.776,"crater, Ethiopia",,Afar,11.2867169,41.6376565,"Dama Ali Crater, Zone 1, Afar Region, Ethiopia",disabled,,,,,,False
c0b7dbc0-d2f1-4be1-84bf-e3299256a73b,Lake Langano Shorelines (Birdwatching Circuit),anchor,anchor,False,,0.736,"birdwatching, Ethiopia",Wehabit,Tigray,13.7247832,39.2194847,"birdwatching, Wehabit, Central Tigray, Tigray, Ethiopia",disabled,,,,,,False
c169a18c-4de9-4748-84b7-aa3b16fc0e67,Lake Hawassa Nature Reserve & Fish Market,anchor,anchor,True,,0.808,"hawassa, Ethiopia",Hawassa,Sidama,7.0481029,38.47861,"Hawassa, Sidama, 1923, Ethiopia",disabled,,,,,,True
c179481b-6c20-4865-b8f5-dbcb192b4f58,Battlefield of Gura Historic Zone,anchor,anchor,False,,0.749,"gura, Ethiopia",Gura,Oromia,7.6162029,36.5840984,"Gura, Jimma, Oromia Region, Ethiopia",disabled,,,,,,False
c1a6a16f-b964-4020-996f-e52242832066,Gibe Sheleko National Park (Hippos & Antelopes),anchor,anchor,True,,0.783,"gibe, Ethiopia",,Oromia,8.0316904,37.5949265,"Gibe, Oromia Region, Ethiopia",disabled,,,,,,True
c1ba66a3-cd73-4c82-9f4c-953a6b26e2b6,Dungur Palace (Queen of Sheba Palace),existing,,False,,,,,,,,,disabled,,,,,,False
c1f3f587-83ba-4f98-be06-5fd54d0b7d3b,Baro-Akobo River System Boat Traverses,anchor,anchor,True,,0.799,"gambela, Ethiopia",Gambela,Gambela,8.2503656,34.5877344,"Gambela, Agnuak, Gambela Region, Ethiopia",disabled,,,,,,True
c24b3f36-1bf5-4f43-84b4-4bbf702c8125,Menz Guassa Alpine Dark-Sky Conservation Reserve,anchor,anchor,False,,0.733,"guassa, Ethiopia",,Amhara,10.3511111,39.7959722,"Menz Guassa Community Conservation Area, North Shewa (Amhara Region), Amhara Region, Ethiopia",disabled,,,,,,False
c2a5f29a-8add-47cb-b37b-afe5615dff82,Lewi Resort Lakefront Presidential Villas,anchor,anchor,False,,0.72,"lewi, Ethiopia",Nefas Silk,Addis Ababa,8.9386944,38.7349679,"Lewi's Pharmacy, NL_12_4 Street, Lebu Mebrathayil, Nefas Silk, Addis Ababa, 0006, Ethiopia",disabled,,,,,,False
c2c2d6ce-e4ff-4cfa-8c01-919b7023a595,Project Ethiopia Community Projects,anchor,anchor,False,,0.749,"project, Ethiopia",Lideta,Addis Ababa,9.0150671,38.7485259,"Microlink Project, Lideta, Addis Ababa, 3131, Ethiopia",disabled,,,,,,False
c2c38c81-48d4-497e-87ff-d0758826c84c,Awash River Valley Birding Trail,anchor,anchor,False,,0.813,"awash, Ethiopia",,,9.9749582,40.3904199,"Awash, Ethiopia",disabled,,,,,,False
c2e0d3b0-1dd9-4031-845b-7d765123d934,Bishoftu Lakefront Injera & Fish Outlets,anchor,anchor,True,,0.808,"bishoftu, Ethiopia",Bishoftu,Oromia,8.750004,38.981734,"Bishoftu, East Shewa, Oromia Region, 1034, Ethiopia",disabled,,,,,,True
c308b7ca-980c-4258-ac88-d390865e20c2,Gorgora Lakefront Wellness Thermal Springs,anchor,anchor,False,,0.775,"gorgora, Ethiopia",Gorgora,Amhara,12.2382669,37.2971393,"Gorgora, North Gondar, Amhara Region, Ethiopia",disabled,,,,,,False
c3787e08-91b7-48a7-a6e5-cfa5aad25850,Dirre Sheikh Hussein Islamic Shrine,anchor,anchor,False,,0.72,"islamic, Ethiopia",Lideta,Addis Ababa,9.0085026,38.7193872,"Addis Ababa Islamic Affairs Supreme Council, Ring Road, Agusta, Lideta, Addis Ababa, 7777, Ethiopia",disabled,,,,,,False
c3857f50-9955-4876-b3e6-19e9ede617b0,Wolayta Enset & Root Crop Demonstration Farms,anchor,anchor,False,,0.72,"enset, Ethiopia",Kirkos,Addis Ababa,8.9901108,38.7658822,"Enset Restaurant, Gabon Avenue, Meskel Flower, Kirkos, Addis Ababa, 3659, Ethiopia",disabled,,,,,,False
c3c9d58f-18ce-48c3-94d5-140fc8406d02,Best Western Plus Pearl Luxury Wing,anchor,anchor,False,,0.72,"best western, Ethiopia",Bole,Addis Ababa,8.9968941,38.7859708,"Best Western Plus Addis Ababa, BL_03_646 Street, Ghiliffalegn Stream, Bole, Addis Ababa, 1044, Ethiopia",disabled,,,,,,False
c47e7771-4ec9-4e1c-87e6-4819fc1cf1a6,Paradise Lodge Spa & Nature Retreat,anchor,anchor,False,,0.72,"paradise arba minch, Ethiopia",Arba Minch,South Ethiopia Regional State,6.00948,37.55539,"Paradise Lodge, C70, Arba Minch, Gamo, South Ethiopia Regional State, Ethiopia",disabled,,,,,,False
c48cf56c-8d47-4e35-a941-7d14e0fe1db0,Bati Camel Market Massive Encampment,anchor,anchor,False,,0.72,"camel, Ethiopia",Babille,Oromia,9.1787501,42.4021277,"Camel Market, A10, Babille, East Harerghe, Oromia Region, Ethiopia",disabled,,,,,,False
c4ab2a3f-ee1f-4113-b6f1-70e95604faba,Gidole Historical Fortifications,anchor,anchor,False,,0.773,"gidole, Ethiopia",Gidole,South Ethiopia Regional State,5.6505459,37.3660534,"Gidole, Segen Peoples', South Ethiopia Regional State, Ethiopia",disabled,,,,,,False
c4da7498-1ddf-4c3c-9f0e-cfa8e976aed0,Abba Pantelewon Monastery,anchor,anchor,True,,0.785,"monastery, Ethiopia",Debre Libanos,Oromia,9.7120303,38.8475576,"Debre Libanos Monastery, Debre Libanos 2 Port. Bridge, Debre Libanos, North Shewa (Oromia Region), Oromia Region, Ethiopia",disabled,,,,,,True
c58876fb-4d1a-4630-b48f-e8eb0ba7c4ae,Tana Cherkos Monastery,existing,,False,,,,,,,,,disabled,,,,,,False
c63b0741-da33-4f2c-8a84-e52814f969cd,Halala Kella Luxury Presidential Lodge,anchor,anchor,False,,0.72,"presidential, Ethiopia",Xoodhleey,Somali,9.3434149,42.8515543,"Region presidential palace, A10, Hare, Xoodhleey, Fafan, Somali Region, Ethiopia",disabled,,,,,,False
c644698a-faaa-474f-9a3c-913f713849f4,Gedeo Terraces Soil Conservation Projects,anchor,anchor,False,,0.741,"soil, Ethiopia",Hagere Selam,Tigray,13.6449493,39.1637508,"Addi Selam red-black soil catena, Addi Haylom, Hagere Selam, Central Tigray, Tigray, Ethiopia",disabled,,,,,,False
c66c5518-fc5c-43e0-8db8-62928fff08e5,Shashemene Rastafarian Village Walk,anchor,anchor,False,,0.733,"shashemene, Ethiopia",,Oromia,8.78333,38.71667,"Shashemene, South West Shewa, Oromia Region, Ethiopia",disabled,,,,,,False
c69c8eff-ee2c-473f-8102-5e00f9f366f3,Simien Mountains National Park,matched,exact,False,,0.884,"Simien Mountains National Park, Ethiopia",,Amhara,13.2458802,38.0999456,"Simien Mountains National Park, North Gondar, Amhara Region, Ethiopia",disabled,,,,,,True
c6e3c14d-8389-4905-8674-ce35539ea16b,Assosa Refugee Aid & Community Support Bases,anchor,anchor,True,,0.792,"asosa, Ethiopia",Assosa,Benishangul-Gumuz,10.0646352,34.5437024,"Asosa, Benishangul-Gumuz Region, Ethiopia",disabled,,,,,,True
c7472836-4b47-4f35-b75c-3e6b91dc752d,Leku Sidama Basketry Outlets,anchor,anchor,False,,0.749,"leku, Ethiopia",Leku,Sidama,6.8748617,38.4417642,"Leku, Sidama, Ethiopia",disabled,,,,,,False
c74ec0f3-cc83-492e-83ef-e848a7f1c346,Wenchi Crater Rim Stargazing Grounds,anchor,anchor,False,,0.72,"Wenchi Crater, Ethiopia",Ambo Zuria,Oromia,8.7875309,37.8843326,"Wenchi Crater Lake viewpoint, Fincha Trail, Ambo Zuria, South West Shewa, Oromia Region, Ethiopia",disabled,,,,,,False
c758dc1d-f331-43f5-8391-6618dd72af28,Narga Selassie Island Monastery,anchor,anchor,False,,0.767,"dek, Ethiopia",,Amhara,11.91667,37.26667,"Dek Island, Amhara Region, Ethiopia",disabled,,,,,,False
c793a71f-abbc-4db9-96ff-5c90e817e977,Unity Park Botanical & Cultural Educational Wing,anchor,anchor,False,,0.756,"unity, Ethiopia",Bole,Addis Ababa,9.0034887,38.8049675,"Unity University College, Anbesa Garage - Jackros, Gerji, Bole, Addis Ababa, 2310, Ethiopia",disabled,,,,,,False
c7b77278-f7c6-434d-ab40-d4435aa9aee4,Lake Chamo Crocodile Market Shore,anchor,anchor,True,,0.794,"chamo, Ethiopia",,South Ethiopia Regional State,5.835358,37.568742,"Lake Chamo, Gamo, South Ethiopia Regional State, Ethiopia",disabled,,,,,,True
c7d9ce90-b7e9-4e67-89eb-d6097111ee39,Teferra specialized Cardiac Clinic,anchor,anchor,False,,0.72,"cardiac, Ethiopia",Bole,Addis Ababa,8.9843917,38.78306,"Addis Cardiac Hospital, Ring Road, Bole Mikael, Bole, Addis Ababa, 1044, Ethiopia",disabled,,,,,,False
c8018a74-ffd7-4341-a735-7a7041108187,Simien Mountains Ras Dashen Dark-Sky Plateau,anchor,anchor,True,,0.799,"ras dashen, Ethiopia",,Amhara,13.2364263,38.3684558,"Ras Dashen, North Gondar, Amhara Region, Ethiopia",disabled,,,,,,True
c80324f7-a8ac-49d2-984a-1363d4a01d2b,Gore-Meti Rainforest Off-Roading,no_match,,False,,,,,,,,,disabled,,,,,,False
c8106f86-c5a5-4155-b9c0-843f43e74df1,Afar HamadEla Nomadic Flatbread & Roasted Goat Sites,review,review,False,,0.34,"afar, Ethiopia",,Afar,11.7108206,41.0330866,"Afar Region, Ethiopia",disabled,,,,,,False
c8314a67-e6f0-462f-a0b5-f89adcd07412,Shashemene Rastafarian School & Community Volunteers,anchor,anchor,False,,0.733,"shashemene, Ethiopia",,Oromia,8.78333,38.71667,"Shashemene, South West Shewa, Oromia Region, Ethiopia",disabled,,,,,,False
c84f5b62-9037-4c44-b17d-2ec447c4d113,Dire Dawa Railway Station Historic Grounds,anchor,anchor,False,,0.72,"dire dawa railway station, Ethiopia",Dire Dawa,Dire Dawa,9.6289089,41.7725086,"Dire Dawa, New Railway Station Roundabout, Melka Jebdu, Dire Dawa, Ethiopia",disabled,,,,,,False
c89ff16a-7e73-433c-bf47-61a47da76fb9,Gambella General Hospital,anchor,anchor,True,,0.799,"gambela, Ethiopia",Gambela,Gambela,8.2503656,34.5877344,"Gambela, Agnuak, Gambela Region, Ethiopia",disabled,,,,,,True
c9577d03-df72-451d-8753-0634bb21b5b0,Capital Hotel & Spa Executive Suites,anchor,anchor,False,,0.72,"capital, Ethiopia",Bole,Addis Ababa,9.0134031,38.7797654,"Capital Hotel & Spa, Haile Gebresellasie Avenue, Urael, Bole, Addis Ababa, 2332, Ethiopia",disabled,,,,,,False
c97a3843-b2a7-40eb-9556-760eb4719a37,Yirgalem Aregash Natura Lodge,review,review,False,,0.34,"sidama, Ethiopia",,Sidama,6.6507504,38.4796794,"Sidama, Ethiopia",disabled,,,,,,False
c9975165-c30b-4042-a1cc-702150fece87,Hawassa Vegetable & Horticulture Farms,anchor,anchor,True,,0.808,"hawassa, Ethiopia",Hawassa,Sidama,7.0481029,38.47861,"Hawassa, Sidama, 1923, Ethiopia",disabled,,,,,,True
c9a05a72-07be-48ff-9b30-486f79cc9dc3,Addis Ababa Golf Club,matched,exact,False,,0.8,"Addis Ababa Golf Club, Ethiopia",Lideta,Addis Ababa,9.0020475,38.7235554,"Addis Ababa Golf Club, Bekele Weya Street, Mechare Meda, Lideta, Addis Ababa, 7777, Ethiopia",disabled,,,,,,True
c9aadb98-ff7c-46c2-9c51-e3ce746d3977,Ledi-Geraru Fossil Site,no_match,,False,,,,,,,,,disabled,,,,,,False
c9e51ff6-14bf-4b3a-b67d-a7077395aa6d,Ambo Mineral Water & Traditional Meat Houses,anchor,anchor,False,,0.72,"meat, Ethiopia",Yeka,Addis Ababa,9.0269788,38.7763984,"Beteseb - Tibs/Raw Meat, Lorenzo Taezaz Street, adwa dildiy akebabi, Yeka, Addis Ababa, 7821, Ethiopia",disabled,,,,,,False
c9fa1b0f-5aea-47e9-bedc-a2eb0f81ba81,Wukro Chirkos Rock-Hewn Church,anchor,anchor,False,,0.72,"rock church, Ethiopia",May Shewani,Tigray,13.5976392,39.2874692,"Rock church (previous Lafa church), Lafa, May Shewani, Central Tigray, Tigray, Ethiopia",disabled,,,,,,False
ca093e05-7e32-465f-af28-9bae848b0b22,Harar Jugol Walled Historic City,anchor,anchor,True,,0.823,"harar, Ethiopia",Harar,Harar,9.3118304,42.1284009,"Harar, Hareri, Harar, 3200, Ethiopia",disabled,,,,,,True
ca107b8f-38d9-463b-93fa-900d3dc3c7ea,Yangudi Rassa National Park (African Wild Ass),anchor,anchor,True,,0.785,"yangudi rassa, Ethiopia",,Afar,10.953845,40.7470623,"Yangudi Rassa National Park, Afar Region, Ethiopia",disabled,,,,,,True
ca8b058d-8a0f-4be6-a308-b19e065fcc52,Alatish National Park,matched,exact,False,,0.859,"Alatish National Park, Ethiopia",,Amhara,12.1520426,35.5789699,"Alatish National Park, Amhara Region, Ethiopia",disabled,,,,,,True
cabd417b-7068-42f3-9e54-94a4c910a935,Fincha Sugar Cane Estate & Valley,anchor,anchor,False,,0.749,"fincha, Ethiopia",,Oromia,9.561756,37.4147549,"Fincha’a River, Horo Guduru, Oromia Region, Ethiopia",disabled,,,,,,False
cae2a2ec-99ff-42d8-a1f2-e6adcbc1d210,Hiwot Fana Specialized University Hospital,anchor,anchor,True,,0.823,"harar, Ethiopia",Harar,Harar,9.3118304,42.1284009,"Harar, Hareri, Harar, 3200, Ethiopia",disabled,,,,,,True
cafeeec4-78c6-4d43-a466-5143963694a9,Jimma University Astrophysics Outpost,anchor,anchor,True,,0.793,"jimma university, Ethiopia",Jimma,Oromia,7.6792877,36.8533248,"Jimma University, A5, Jimma, Oromia Region, Ethiopia",disabled,,,,,,True
cb069543-1748-406e-85c5-a1ce6a139fbe,Abebech Gobena Childrens Care Center,anchor,anchor,False,,0.72,"abebech gobena, Ethiopia",Adama,Oromia,8.5394239,39.2592763,"Commercial Bank of Ethiopia (Dabisoloka Branch), Abebech Gobena Road, Adama, Oromia Region, 0408, Ethiopia",disabled,,,,,,False
cb38f3d5-5889-4363-beeb-aaf60ba7c5fd,Biyo Karaba Battle Monument,anchor,anchor,False,,0.733,"biyo karaba, Ethiopia",,Oromia,9.36667,41.16667,"Biyo Karaba, West Harerghe, Oromia Region, Ethiopia",disabled,,,,,,False
cb48a7f7-9b77-419e-87e3-155d66bfe051,Menz Highland Sheep-Wool Weaving Settlements,anchor,anchor,False,,0.733,"menz, Ethiopia",,Oromia,9.78333,37.53333,"Menz, Horo Guduru, Oromia Region, Ethiopia",disabled,,,,,,False
cb6263ff-6d91-4ec3-b653-624f067d0a72,Bahir Dar Marine Port & Lake Tana Boat Excursions,anchor,anchor,True,,0.819,"tana, Ethiopia",,Amhara,11.9507719,37.294878,"Lake Tana, Amhara Region, Ethiopia",disabled,,,,,,True
cb88aaea-a723-4a93-9787-1e7974f21a6b,Nordic Medical Centre,matched,exact,False,,0.8,"Nordic Medical Centre, Ethiopia",Bole,Addis Ababa,8.9844824,38.7779038,"Nordic Medical Centre, Bole 1_336 Street, Bole Mikael, Bole, Addis Ababa, 1044, Ethiopia",disabled,,,,,,True
cbf61002-7255-40ff-8c84-916440b60555,Kulture 2000 Cultural Dining Hub,anchor,anchor,True,,0.85,"addis, Ethiopia",Addis Ababa,Addis Ababa,9.0358119,38.7524315,"Addis Ababa, Arada, Addis Ababa, 3578, Ethiopia",disabled,,,,,,True
cc03ab07-e8c5-4875-aa6b-ff703490518e,Gudit Stelae Field / Ancient Necropolis,anchor,anchor,False,,0.72,"gudit, Ethiopia",Axum,Tigray,14.1257245,38.7064902,"Gudit Stelae Field, B30, Axum, Central Tigray, Tigray, Ethiopia",disabled,,,,,,False
cc41f408-e4b5-4ed8-9d1f-6163c440bc60,Adwa Victory Memorial Plaza,anchor,anchor,False,,0.776,"adwa, Ethiopia",,Afar,10.0608392,40.8333567,"Adwa, Zone 3, Afar Region, Ethiopia",disabled,,,,,,False
cc651d7e-3e4a-4581-801b-2759342e9238,Ethiopian Red Terror Memorial Museum,anchor,anchor,False,,0.773,"red terror, Ethiopia",Kirkos,Addis Ababa,9.0102054,38.7629294,"Red Terror Martyrs' Memorial Museum, Meskel Square, Meshuwalekiya, Kirkos, Addis Ababa, 1138, Ethiopia",disabled,,,,,,False
cca58efb-210d-46e4-bdc7-e18d09c0f047,Battlefield of Adwa,anchor,anchor,False,,0.776,"adwa, Ethiopia",,Afar,10.0608392,40.8333567,"Adwa, Zone 3, Afar Region, Ethiopia",disabled,,,,,,False
ccca7f40-195e-4bbb-9b40-eef93c2d3c19,Melka Kunture Paleolithic Site,anchor,anchor,False,,0.72,"archaeology, Ethiopia",Addis Ababa,Addis Ababa,9.0330005,38.7648881,"Archaeology Museum, Queen Elizabeth Street, Amist Kilo, Arat Kilo, Addis Ababa, Arada, Addis Ababa, 1415, Ethiopia",disabled,,,,,,False
ccd96c6a-653b-4b49-b89d-ad46f0fdbfb5,Humera Sesame & Cotton Agricultural Estates,anchor,anchor,True,,0.78,"humera, Ethiopia",Humera,Tigray,14.2876868,36.6088415,"Humera, Western Tigray, Tigray, Ethiopia",disabled,,,,,,True
cd0b9480-c5e4-4ad6-9fea-3a06caf2b957,Borena Pastoralist Singing Wells Action Shots,anchor,anchor,False,,0.72,"action, Ethiopia",Bole,Addis Ababa,9.0072612,38.7895902,"BBC Media Action, BL_03_779 St., Ghiliffalegn Stream, Bole, Addis Ababa, 1110, Ethiopia",disabled,,,,,,False
cd27f056-465d-4de6-885a-3303d66bb62c,Ziway Sher Flower Farms & Greenhouses,review,review,False,,0.083,"ziway, Ethiopia",Batu,Oromia,7.9358063,38.7164929,"Batu, East Shewa, Oromia Region, Ethiopia",disabled,,,,,,False
cd92f038-c21a-441d-9a30-b1f45c8c7f06,Entoto Imperial Residence of Menelik II & Taitu,anchor,anchor,True,,0.783,"entoto, Ethiopia",Sululta,Oromia,9.1080861,38.8193556,"Entoto, Sululta, North Shewa (Oromia Region), Oromia Region, Ethiopia",disabled,,,,,,True
cd97858d-7037-4d55-adb0-5a02849abdb7,Bonga Wild Honey & Forest Apiaries,anchor,anchor,True,,0.792,"bonga, Ethiopia",Bonga,South West Ethiopia Peoples,7.2645383,36.2460526,"Bonga, Kafa, South West Ethiopia Peoples, Ethiopia",disabled,,,,,,True
cdc31095-fd44-4139-946a-c3dfdcdd0b5e,Entoto Natural Park,anchor,anchor,True,,0.783,"entoto, Ethiopia",Sululta,Oromia,9.1080861,38.8193556,"Entoto, Sululta, North Shewa (Oromia Region), Oromia Region, Ethiopia",disabled,,,,,,True
cdd44bf2-aac8-4bd7-903c-c8becde358ba,Bishoftu Babogaya Watersports Outpost,anchor,anchor,False,,0.747,"babogaya, Ethiopia",Bishoftu,Oromia,8.7873711,38.9931534,"Lake Babogaya, Bishoftu, East Shewa, Oromia Region, Ethiopia",disabled,,,,,,False
ce27af69-9b78-4eed-be46-2f16e237ef30,Entoto Park Wellness & Yoga Pavilions,anchor,anchor,True,,0.783,"entoto, Ethiopia",Sululta,Oromia,9.1080861,38.8193556,"Entoto, Sululta, North Shewa (Oromia Region), Oromia Region, Ethiopia",disabled,,,,,,True
ce315b42-117f-4561-9e47-159111abbb8d,Goba to Delo Mena Harenna Forest Mountain Biking,anchor,anchor,False,,0.752,"bale, Ethiopia",Bale,Oromia,7.7308591,39.9998827,"Bale, Arsi, Oromia Region, Ethiopia",disabled,,,,,,False
cee7e00f-e1be-4c5b-8530-409d3c0cc123,Degua Tembien Highlands (Birdlife & Raptors),anchor,anchor,False,,0.736,"birdwatching, Ethiopia",Wehabit,Tigray,13.7247832,39.2194847,"birdwatching, Wehabit, Central Tigray, Tigray, Ethiopia",disabled,,,,,,False
cf28194b-f40c-4afe-91c8-1d98b22fde6a,Mount Entoto Trail Running Loop,anchor,anchor,True,,0.783,"entoto, Ethiopia",Sululta,Oromia,9.1080861,38.8193556,"Entoto, Sululta, North Shewa (Oromia Region), Oromia Region, Ethiopia",disabled,,,,,,True
cf918c3c-bd90-411d-88d6-ac3e9c4a59a8,Haile Resort Arba Minch Meeting Facilities,anchor,anchor,True,,0.804,"arba minch, Ethiopia",Arba Minch,South Ethiopia Regional State,6.0215142,37.5539809,"Arba Minch, Gamo, South Ethiopia Regional State, Ethiopia",disabled,,,,,,True
d08196bd-3d5d-4036-9f21-892902b23899,Addis Ababa Stadium Paved Entrance Zone,anchor,anchor,True,,0.85,"addis, Ethiopia",Addis Ababa,Addis Ababa,9.0358119,38.7524315,"Addis Ababa, Arada, Addis Ababa, 3578, Ethiopia",disabled,,,,,,True
d0c78cdc-e007-4232-81b4-a00a2a3d0365,Bishoftu Kuriftu Waterpark & Watersports Center,anchor,anchor,False,,0.747,"kuriftu, Ethiopia",Bishoftu,Oromia,8.7789777,39.0004021,"Lake Kuriftu, Bishoftu, East Shewa, Oromia Region, Ethiopia",disabled,,,,,,False
d0f6ae18-31eb-4c9c-aa39-eb90c6529f1d,Bale Harenna Escarpment Paragliding,anchor,anchor,False,,0.752,"bale, Ethiopia",Bale,Oromia,7.7308591,39.9998827,"Bale, Arsi, Oromia Region, Ethiopia",disabled,,,,,,False
d14f5e73-2d24-4e2d-9c2e-684649b58120,Tiya Megalithic Carved Stelae Field,anchor,anchor,True,,0.791,"tiya, Ethiopia",Tiya,Oromia,8.437331,38.609296,"Tiya, South West Shewa, Oromia Region, Ethiopia",disabled,,,,,,True
d16140a6-e1a1-4ac3-a1f9-b7b08ba9bbd6,Sof Omar Geomorphology Education Site,anchor,anchor,False,,0.752,"sof omar, Ethiopia",Sof Omar,Oromia,6.9013463,40.8438263,"Sof Omar, Bale, Oromia Region, Ethiopia",disabled,,,,,,False
d1960692-3be1-4dd9-9704-792abf9649dc,Wolisso Traditional Oromo Dish Outlets,anchor,anchor,False,,0.72,"woliso, Ethiopia",Waliso,Oromia,8.5506266,37.978662,"Ambo University Woliso Campus, Jimma Road, Waliso, South West Shewa, Oromia Region, Ethiopia",disabled,,,,,,False
d19b0076-cc1c-42ed-9e0e-fedf79181c99,Wolayta Sodo Enset & Bulla Dish Centers,anchor,anchor,False,,0.733,"bula, Ethiopia",,Amhara,11.15,39.23333,"Aba Bula, South Wollo, Amhara Region, Ethiopia",disabled,,,,,,False
d1a5ceb5-e488-4a1e-811e-1e5b18bf6f85,Debre Markos Comprehensive Hospital,anchor,anchor,False,,0.72,"debre markos amhara, Ethiopia",Debre Markos,Amhara,10.3060432,37.7354461,"Taf oil Ethiopia, Addis Ababa - Bahir Dar Road, دبري ماركوس, Debre Markos, Guzamn, East Gojjam, Amhara Region, Ethiopia",disabled,,,,,,False
d1e5d3ca-937e-4599-be47-2221add9304d,Skylight Hotel Convention & Exhibition Center,anchor,anchor,False,,0.72,"skylight, Ethiopia",Bole,Addis Ababa,8.9869542,38.7890925,"Ethiopian Skylight Hotel, Block C, D & E, Ring Road, Bole, Addis Ababa, 1044, Ethiopia",disabled,,,,,,False
d1fcf8af-7f2d-48fe-aaaa-640788f75ffa,Bonga Forest City Hub,anchor,anchor,True,,0.792,"bonga kafa, Ethiopia",Bonga,South West Ethiopia Peoples,7.2645383,36.2460526,"Bonga, Kafa, South West Ethiopia Peoples, Ethiopia",disabled,,,,,,True
d2308de5-fb96-44af-b084-3c50311dbf52,Assosa Town Central Plaza,anchor,anchor,True,,0.792,"asosa, Ethiopia",Assosa,Benishangul-Gumuz,10.0646352,34.5437024,"Asosa, Benishangul-Gumuz Region, Ethiopia",disabled,,,,,,True
d2b651f4-500d-4e36-971a-d9757c2471fa,Harar Jugol Walled Historic Urban Center,anchor,anchor,False,,0.731,"harar jugol, Ethiopia",Harar,Harar,9.3053662,42.1350616,"Harar Jugol, the Fortified Historic Town, Harar, Hareri, Harar, 3200, Ethiopia",disabled,,,,,,False
d308d163-cb67-4f16-82cc-bfde3e42667e,Melka Kunture & Balchit Prehistoric Sites,anchor,anchor,False,,0.72,"melka kunture, Ethiopia",Melka Awash,Oromia,8.705032,38.5996486,"Melka Kunture, B51, Melka Awash, South West Shewa, Oromia Region, Ethiopia",disabled,,,,,,False
d3572147-baed-4397-b69a-380ec7a58894,Tibebe Ghion Specialized Hospital,matched,exact,False,,0.8,"Tibebe Ghion Specialized Hospital, Ethiopia",Sebatamit,Amhara,11.5250362,37.4002724,"Tibebe Ghion Specialized Hospital Bahir Dar University, Mota Road, Sebatamit, West Gojjam, Amhara Region, Ethiopia",disabled,,,,,,True
d37a302d-a566-4feb-8677-a5615194a1fa,Gurage Agricultural Enset Villages,review,review,False,,0.34,"gurage, Ethiopia",,Central Ethiopia Regional State,8.217346,38.4271659,"East Gurage, Central Ethiopia Regional State, Ethiopia",disabled,,,,,,False
d3e114d6-9200-4ddf-a2f0-5facfd55520b,Lake Kuriftu Resort Private Boating Pier,anchor,anchor,False,,0.747,"kuriftu, Ethiopia",Bishoftu,Oromia,8.7789777,39.0004021,"Lake Kuriftu, Bishoftu, East Shewa, Oromia Region, Ethiopia",disabled,,,,,,False
d403b0cc-d554-42ae-bb06-6f9761dc9a67,Gullele Botanic Garden Research & Planting Base,anchor,anchor,False,,0.736,"gullele, Ethiopia",Gulale,Addis Ababa,9.0710654,38.7216967,"Gullele Botanical Garden (South/Bottom entrance), Gulale, Addis Ababa, 9837, Ethiopia",disabled,,,,,,False
d40e83d4-324f-4ae4-8c3a-f135f1dea77e,Bishoftu Kuriftu Resort & Spa MICE Facilities,anchor,anchor,False,,0.747,"kuriftu bishoftu, Ethiopia",Bishoftu,Oromia,8.7789777,39.0004021,"Lake Kuriftu, Bishoftu, East Shewa, Oromia Region, Ethiopia",disabled,,,,,,False
d40f95e9-ebb1-48a5-9d82-b405882ae682,Lake Hawassa Kayak & Rowing Training Grounds,anchor,anchor,True,,0.808,"hawassa, Ethiopia",Hawassa,Sidama,7.0481029,38.47861,"Hawassa, Sidama, 1923, Ethiopia",disabled,,,,,,True
d43c3571-c894-49a4-a2cf-c74c1f62b4ba,Nigat Lake Resort Boating Docks,anchor,anchor,False,,0.72,"nigat, Ethiopia",Addis Ababa,Addis Ababa,9.0324178,38.7746227,"Nigat & her family, Queen Elizabeth Street, Kebena, Arat Kilo, Addis Ababa, Arada, Addis Ababa, 7821, Ethiopia",disabled,,,,,,False
d56c346b-8865-40bf-a2b4-4bd09099960c,Narga Selassie Monastery,existing,,False,,,,,,,,,disabled,,,,,,False
d58e4ea2-e53f-46dc-ac71-74e34a197f27,Sodo Wolayta Handicap & Rehabilitation Outposts,anchor,anchor,True,,0.801,"sodo, Ethiopia",Wolaita Sodo,South Ethiopia Regional State,6.8577533,37.7578499,"Wolaita Sodo, Wolayita, South Ethiopia Regional State, 4620, Ethiopia",disabled,,,,,,True
d6b3ee59-b0d1-42ec-9ec1-6e2edb0335d8,Dessie Mountain Viewpoints,anchor,anchor,True,,0.809,"dessie, Ethiopia",Dessie,Amhara,11.122604,39.634982,"Dessie, South Wollo, Amhara Region, Ethiopia",disabled,,,,,,True
d6cd3ad9-9dca-4129-8ea9-1f90382595bd,Mount Choke Alpine Zone (Highland Endemics),anchor,anchor,False,,0.752,"choke, Ethiopia",,Amhara,10.7117887,37.8435035,"Mount Choke, East Gojjam, Amhara Region, Ethiopia",disabled,,,,,,False
d6df88bd-3851-4bfa-8035-ded28f9bf6f1,Ura Kidane Mehret Boat Pier,anchor,anchor,False,,0.757,"ura kidane mehret, Ethiopia",Zege,Amhara,11.6949578,37.3412254,"Ura Kidane Mehret Church, Old Road, Zeghie, Zege, West Gojjam, Amhara Region, Ethiopia",disabled,,,,,,False
d6f4b506-358c-4c07-8613-545df8856a24,Argobba Heritage Villages,anchor,anchor,False,,0.733,"argobba, Ethiopia",,Afar,9.5,39.95,"Argobba, Zone 3, Afar Region, Ethiopia",disabled,,,,,,False
d7f5a624-739b-41fd-b8e1-892b02e83a62,Harar Hyena Feeding Sites (Spotted Hyenas),anchor,anchor,True,,0.823,"harar, Ethiopia",Harar,Harar,9.3118304,42.1284009,"Harar, Hareri, Harar, 3200, Ethiopia",disabled,,,,,,True
d9060840-28ba-48c8-8e9e-54a647b5c49f,Ankober Cultural & Forestry Research Station,anchor,anchor,True,,0.786,"ankober, Ethiopia",Ankober,Amhara,9.5911547,39.7338213,"Ankober, North Shewa (Amhara Region), Amhara Region, Ethiopia",disabled,,,,,,True
d9200ca5-7926-41cc-a947-69ca12c42f63,Hossaena Deaf Education & Training Center,anchor,anchor,False,,0.72,"deaf, Ethiopia",Nefas Silk,Addis Ababa,8.9822525,38.7295178,"Mekanisa Deaf School, Lesotho Street, Mekanisa Abo, Nefas Silk, Addis Ababa, 7777, Ethiopia",disabled,,,,,,False
d9c33e5f-b8ad-41c5-b07f-00fcb967bd10,Assosa Berta Musical Villages,anchor,anchor,True,,0.792,"asosa, Ethiopia",Assosa,Benishangul-Gumuz,10.0646352,34.5437024,"Asosa, Benishangul-Gumuz Region, Ethiopia",disabled,,,,,,True
da090c95-b649-47c3-b1a3-ec24daee6852,Karo Village of Korcho,anchor,anchor,False,,0.733,"karo, Ethiopia",Dambidollo,Oromia,8.45,34.81666,"Karo, Dambidollo, Kelem Wellega, Oromia Region, Ethiopia",disabled,,,,,,False
da70a43d-429f-4e57-a02b-51f7d4ae990b,Ankober Imperial Palace Grounds,anchor,anchor,True,,0.786,"ankober, Ethiopia",Ankober,Amhara,9.5911547,39.7338213,"Ankober, North Shewa (Amhara Region), Amhara Region, Ethiopia",disabled,,,,,,True
da75ccf6-1c7c-4820-adcd-137529a8fcb1,Ankober Dungeon & Historical Exiles Site,anchor,anchor,False,,0.72,"history, Ethiopia",Addis Ababa,Addis Ababa,9.0391779,38.7625197,"5 Kilo (History Museum), King George VI Avenue, Amist Kilo, Arat Kilo, Addis Ababa, Arada, Addis Ababa, 1176, Ethiopia",disabled,,,,,,False
da831cda-4c1d-4ed2-b618-29e712ef9443,Abebe Bikila Stadium,matched,exact,False,,0.8,"Abebe Bikila Stadium, Ethiopia",Addis Ketema,Addis Ababa,9.0431757,38.723931,"Abebe Bikila Stadium, Malawi Street, Quasmeda, Sebategna, Addis Ketema, Addis Ababa, 9837, Ethiopia",disabled,,,,,,True
daa5fe9a-bba1-478f-ac29-4df3e649c514,Kunzila Lakefront Jetty,anchor,anchor,False,,0.749,"kunzila, Ethiopia",Kunzila,Amhara,11.8790674,37.0329223,"Kunzila, West Gojjam, Amhara Region, Ethiopia",disabled,,,,,,False
dac81ac1-35fc-432e-9cd8-daf0752fcc5d,Gondar University Comprehensive Specialized Hospital,anchor,anchor,False,,0.72,"gondar university, Ethiopia",Gonder,Amhara,12.5825113,37.4425981,"University of Gondar, Bahir Dar - Gonder Road, Maraki, Gonder, North Gondar, Amhara Region, 6200, Ethiopia",disabled,,,,,,False
db32061a-ab70-4f9b-ac1f-43199b1eec7f,Sof Omar Caves System,anchor,anchor,False,,0.72,"underground, Ethiopia",Kolfe Keranio,Addis Ababa,9.0035779,38.6935989,"Digital Underground, KK_07_2273 St., Kolfe Keranyo, Kolfe Keranio, Addis Ababa, 33368, Ethiopia",disabled,,,,,,False
db321a40-1895-499a-b7e3-0d36dcd6075f,Wolisso Urban Hub,anchor,anchor,False,,0.72,"woliso, Ethiopia",Waliso,Oromia,8.5506266,37.978662,"Ambo University Woliso Campus, Jimma Road, Waliso, South West Shewa, Oromia Region, Ethiopia",disabled,,,,,,False
db593f69-6a53-49a8-b2ee-7ef49c5e7aa5,Sor Waterfall Caving & Trek,anchor,anchor,False,,0.733,"ilubabor, Ethiopia",,Gambela,7.5,35.0,"Ilubabor, Majang, Gambela Region, Ethiopia",disabled,,,,,,False
db62f9e9-528d-4391-8bf2-1b6942014eda,Kahtasa Community Conservation Area,review,review,False,,0.34,"tigray, Ethiopia",,Tigray,13.881273,39.127495,"Tigray, Ethiopia",disabled,,,,,,False
dbaf8569-c376-4600-b4f1-4fbbd65a7342,Arba Minch Lake View Golf & Sports Grounds,anchor,anchor,True,,0.804,"arba minch, Ethiopia",Arba Minch,South Ethiopia Regional State,6.0215142,37.5539809,"Arba Minch, Gamo, South Ethiopia Regional State, Ethiopia",disabled,,,,,,True
dbd1d649-dee6-4d21-b919-375f7640111f,Goba High-Altitude Training Grounds,anchor,anchor,True,,0.805,"goba, Ethiopia",Goba,Oromia,7.0073251,39.9694204,"Goba, Bale, Oromia Region, Ethiopia",disabled,,,,,,True
dbe91004-6fc5-4257-9308-9cc595ac0057,Dega Estifanos Island Monastery,anchor,anchor,True,,0.785,"monastery, Ethiopia",Debre Libanos,Oromia,9.7120303,38.8475576,"Debre Libanos Monastery, Debre Libanos 2 Port. Bridge, Debre Libanos, North Shewa (Oromia Region), Oromia Region, Ethiopia",disabled,,,,,,True
dbf38013-7737-452c-b446-a1bafad5c7de,Ramada by Wyndham Executive Wing,anchor,anchor,False,,0.72,"ramada, Ethiopia",Bole,Addis Ababa,8.9919047,38.7828311,"Ramada Hotel, BL_03_632 Street, Ghiliffalegn Stream, Bole, Addis Ababa, 7966, Ethiopia",disabled,,,,,,False
dc000e55-c905-48f5-85ec-081dcf26edd1,Assosa Mountain Ridges Night Sky Points,anchor,anchor,True,,0.792,"asosa, Ethiopia",Assosa,Benishangul-Gumuz,10.0646352,34.5437024,"Asosa, Benishangul-Gumuz Region, Ethiopia",disabled,,,,,,True
dc09a11b-a8d9-415f-8219-aeb1b62bb939,Bale Mountains (Ethiopian Wolf & Mountain Nyala),anchor,anchor,False,,0.72,"nyala, Ethiopia",Akaki Kaliti,Addis Ababa,8.924294,38.765152,"Nyala, A1, Saris Abo Area, Akaki Kaliti, Addis Ababa, 0006, Ethiopia",disabled,,,,,,False
dc5beebd-989a-421f-bc04-1acf95121a0b,Abijatta-Shalla Lakes Research Outpost,anchor,anchor,False,,0.72,"abijatta shalla, Ethiopia",Arsi Negelle,Oromia,7.5284208,38.6680653,"Abijatta-Shalla National Park Ticket Office, Addis Ababa to Nairobi road, Arsi Negelle, West Arsi, Oromia Region, Ethiopia",disabled,,,,,,False
dc6033f3-6e96-480e-bc1c-1a585c1faf16,Debre Zeit Agricultural Research Farm Outposts,anchor,anchor,False,,0.733,"agricultural, Ethiopia",Maya City,Oromia,9.4155115,42.0359414,"Agricultural Village, Maya City, East Harerghe, Oromia Region, Ethiopia",disabled,,,,,,False
dc659384-abee-4587-a7cb-8c8905a2338e,Babile Elephant Sanctuary Patrol Support Camps,anchor,anchor,False,,0.733,"babile elephant sanctuary, Ethiopia",,Oromia,8.8103554,42.4630182,"Babile Elephant Sanctuary, Oromia Region, Ethiopia",disabled,,,,,,False
dc6c13c6-9881-429d-9cce-bdbf3a3320b7,Debre Wegag Monastery,anchor,anchor,False,,0.72,"monastery tana, Ethiopia",Bahir Dar,Amhara,11.6459229,37.3679681,"Tana Haik Entons Eysus United of Monastery, St.Michael, Bahir Dar, West Gojjam, Amhara Region, 6600, Ethiopia",disabled,,,,,,False
dcce7b3d-71ff-490e-b2ad-5dde6d5f7c9c,Bishoftu Crater Lakes Network,anchor,anchor,True,,0.808,"bishoftu, Ethiopia",Bishoftu,Oromia,8.750004,38.981734,"Bishoftu, East Shewa, Oromia Region, 1034, Ethiopia",disabled,,,,,,True
dd139f31-158e-4197-ab08-e88a5bf23ad3,Mariam Korkor Monastery,existing,,False,,,,,,,,,disabled,,,,,,False
dd373029-f367-4677-9213-c7074713ac9d,Menz Guassa Community Conservation Area,matched,exact,False,,0.813,"Menz Guassa Community Conservation Area, Ethiopia",,Amhara,10.3511111,39.7959722,"Menz Guassa Community Conservation Area, North Shewa (Amhara Region), Amhara Region, Ethiopia",disabled,,,,,,True
de0111c1-703e-4a89-b998-99ca0df03a61,Ethnological Museum at Addis Ababa University,anchor,anchor,False,,0.749,"selassie, Ethiopia",Selassie,Amhara,12.0533098,39.0705535,"Selassie, North Wollo Zone, Amhara Region, 6500, Ethiopia",disabled,,,,,,False
de476c5c-1f7b-44e6-b522-a1b087934aab,Korcho Karo Village,anchor,anchor,False,,0.749,"korcho, Ethiopia",Korcho,South Ethiopia Regional State,5.1917234,36.2073648,"Korcho, South Omo, South Ethiopia Regional State, Ethiopia",disabled,,,,,,False
de4b90da-9a8f-4d14-9edb-0936c1e8cf54,Wonchet Monastery,existing,,False,,,,,,,,,disabled,,,,,,False
de804fb7-93e7-425c-9ea1-55219fe34242,Bodi & Suri Cattle Culture Settlements,anchor,anchor,False,,0.733,"suri, Ethiopia",,Amhara,10.53333,36.6,"Suri, Awi Agew, Amhara Region, Ethiopia",disabled,,,,,,False
de92f8b1-10d1-4146-b8a9-16080089546f,Temple of Yeha,existing,,False,,,,,,,,,disabled,,,,,,False
deaec14b-0031-4456-866d-2ac585815219,Elilly International Hotel VIP Wing,anchor,anchor,False,,0.72,"elilly, Ethiopia",Kirkos,Addis Ababa,9.0142532,38.7688899,"Elilly International Hotel, Guinea Conakry Street, Kazanchis, Kirkos, Addis Ababa, 9568, Ethiopia",disabled,,,,,,False
deb3bf1c-c2a1-4b71-a02c-fd7d9e92e1c2,Illubabor Rainforest Edge Villages,anchor,anchor,False,,0.733,"ilubabor, Ethiopia",,Gambela,7.5,35.0,"Ilubabor, Majang, Gambela Region, Ethiopia",disabled,,,,,,False
df9ba565-7a8a-434a-a692-a89f70761e4b,Wenchi Crater Mountain Biking Trails,anchor,anchor,False,,0.776,"crater, Ethiopia",,Afar,11.2867169,41.6376565,"Dama Ali Crater, Zone 1, Afar Region, Ethiopia",disabled,,,,,,False
df9dca52-8ed4-4611-b7ef-04776d976b17,Sankaber Campsite,anchor,anchor,False,,0.72,"sankaber, Ethiopia",,Amhara,13.2311671,38.0398693,"Sankaber, North Gondar, Amhara Region, Ethiopia",disabled,,,,,,False
dfe26783-ecf8-4932-9e7e-be9054d0e8d3,Chichinia / Bole Road Shopping District,anchor,anchor,False,,0.731,"bole road, Ethiopia",Kirkos,Addis Ababa,8.9990835,38.7708347,"Africa Avenue / Bole Road, Olympia, Kirkos, Addis Ababa, 1165, Ethiopia",disabled,,,,,,False
dfeeb2c0-b6a8-45d6-bbd7-149e0848373a,Dendi Crater Lake Boating Shore,anchor,anchor,True,,0.796,"dendi, Ethiopia",Dendi,Oromia,8.9347933,38.1236741,"Dendi, West Shewa, Oromia Region, Ethiopia",disabled,,,,,,True
e088bf30-3862-40b0-98c5-ff9093204c93,Jibat Forest Eco-Reserve,anchor,anchor,True,,0.796,"jibat, Ethiopia",Jibat,Oromia,8.7435984,37.4727901,"Jibat, West Shewa, Oromia Region, Ethiopia",disabled,,,,,,True
e08c1b7d-f15f-4226-9a5f-3693faa2eb30,Turmi Public Town Center,anchor,anchor,False,,0.77,"turmi, Ethiopia",Turmi,South Ethiopia Regional State,4.96835,36.487794,"Turmi, South Omo, South Ethiopia Regional State, Ethiopia",disabled,,,,,,False
e0ee99c1-c9fb-4dfd-b2cd-11b6d59fa054,Mount Gurage Alpine Peak Stargazing Site,review,review,False,,0.34,"gurage, Ethiopia",,Central Ethiopia Regional State,8.217346,38.4271659,"East Gurage, Central Ethiopia Regional State, Ethiopia",disabled,,,,,,False
e0eff33d-15e7-414f-b4b1-b789a8c93d34,Nakuto Laab Cave Church,anchor,anchor,False,,0.752,"lalibela, Ethiopia",Lalibela,Amhara,12.0360639,39.0456845,"Lalibela, North Wollo Zone, Amhara Region, 6500, Ethiopia",disabled,,,,,,False
e1382cdc-e501-45f4-9f90-7d38c112fe15,Grand Resort & Spa Wellness Wing,anchor,anchor,False,,0.72,"grand, Ethiopia",Gazer,South Ethiopia Regional State,5.904078,36.5777252,"Abatye home (grand father), Gazer, Ari Zone, South Ethiopia Regional State, Ethiopia",disabled,,,,,,False
e146f45b-dfc7-462c-975a-7e0ac0d35fb8,Filwoha Thermal Baths & Hydrotherapy Center,anchor,anchor,False,,0.72,"filwoha, Ethiopia",Kirkos,Addis Ababa,9.016209,38.755689,"Filwoha seventh day Adventist Church, Ras Desta Damtew Street, Beherawi, Kirkos, Addis Ababa, 1138, Ethiopia",disabled,,,,,,False
e161228f-f8bb-4d3c-b956-302608ba79ac,Yemrehanna Kristos Built Cave Church Interior,anchor,anchor,False,,0.72,"interior, Ethiopia",Bole,Addis Ababa,9.0092594,38.7757804,"Shega interior Design + Build, 1232, Ghana Street, Urael, Bole, Addis Ababa, 2332, Ethiopia",disabled,,,,,,False
e16cab51-6ff7-4411-8838-d9c7f44a3a6d,Dallol Acid Pits & Desert Abandoned Mining Camp,anchor,anchor,True,,0.785,"dallol, Ethiopia",,Afar,14.2424728,40.2996919,"Dallol, Zone 2, Afar Region, Ethiopia",disabled,,,,,,True
e1c95bca-7feb-4f2c-8812-760e3ae91a38,Debre Tsehai Selassie Monastery,existing,,False,,,,,,,,,disabled,,,,,,False
e2094401-518e-4d27-9264-269f57b3ced2,Blue Nile Falls Village Hike,anchor,anchor,False,,0.72,"hike, Ethiopia",,Amhara,11.0450114,39.1960439,"Small Mountain Hike and Viewpoint, South Wollo, Amhara Region, Ethiopia",disabled,,,,,,False
e225fcf9-c537-426c-bf36-c2d4681477b2,Tiya Megalithic Archaeological Center,anchor,anchor,True,,0.791,"tiya, Ethiopia",Tiya,Oromia,8.437331,38.609296,"Tiya, South West Shewa, Oromia Region, Ethiopia",disabled,,,,,,True
e287794e-e687-46bd-8c89-a0fd0a991ddd,Tiya Megalithic Burial Stelae Field,anchor,anchor,True,,0.791,"tiya, Ethiopia",Tiya,Oromia,8.437331,38.609296,"Tiya, South West Shewa, Oromia Region, Ethiopia",disabled,,,,,,True
e29e1457-4de8-430d-af73-bfa7b7e3c8fc,Debre Birhan Selassie Church,anchor,anchor,False,,0.736,"church, Ethiopia",Yejube,Amhara,10.1646434,37.7467016,"church, Yejube, Baso Liben, East Gojjam, Amhara Region, Ethiopia",disabled,,,,,,False
e2abb4a3-e748-46e1-a5e2-6b98d40a57e5,Awash National Park,existing,,False,,,,,,,,,disabled,,,,,,False
e2bc4b10-628f-47d2-958e-b668cc85549e,Sora Lodge Backpackers Camp,anchor,anchor,False,,0.747,"sora, Ethiopia",Altipiano Sora,Amhara,12.4138829,38.6617562,"Altipiano Sora, Wag Hemra Zone, Amhara Region, Ethiopia",disabled,,,,,,False
e2d4af36-94e9-4b2b-aaa3-79acec03717a,Gondar Fasilides Dungeon & Prison Ruins,anchor,anchor,False,,0.72,"fasilides, Ethiopia",Gonder,Amhara,12.6174164,37.4575171,"Fasilides' Bath, Asmara Road, Gonder, North Gondar, Amhara Region, 6200, Ethiopia",disabled,,,,,,False
e2ee61b6-a524-49b4-86d6-bc8e3c455418,Wolisso Ambo Mineral Thermal Baths,anchor,anchor,False,,0.72,"woliso, Ethiopia",Waliso,Oromia,8.5506266,37.978662,"Ambo University Woliso Campus, Jimma Road, Waliso, South West Shewa, Oromia Region, Ethiopia",disabled,,,,,,False
e3442236-676c-47fc-b4ac-1a07a49cc3e9,Abijatta-Shalla Lakes Salt Flat Overland Route,anchor,anchor,True,,0.83,"rift, Ethiopia",,Oromia,5.0,37.0,"Great Rift Valley, Borena, Oromia Region, Ethiopia",disabled,,,,,,True
e36ccfb2-d9d8-4896-9acc-b67043d86c1c,Metahara Historical Rail Disaster Site,anchor,anchor,False,,0.72,"metahara, Ethiopia",Metehara,Oromia,8.8975378,39.917039,"Metahara Bus Station, Awash - Assab highway, Metehara, East Shewa, Oromia Region, Ethiopia",disabled,,,,,,False
e3db7806-063f-4a4c-afe1-437cca097691,Ura Kidane Mehret Monastery,existing,,False,,,,,,,,,disabled,,,,,,False
e425980a-bc0c-48c0-88a0-42c35caf9007,Turmi Hamer Community Water & School Outposts,anchor,anchor,False,,0.77,"turmi, Ethiopia",Turmi,South Ethiopia Regional State,4.96835,36.487794,"Turmi, South Omo, South Ethiopia Regional State, Ethiopia",disabled,,,,,,False
e43e4909-b137-48b4-8547-494e60b916cb,Yeha Great Temple of the Moon,anchor,anchor,True,,0.789,"yeha, Ethiopia",Yeha,Tigray,14.2859622,39.0179108,"Yeha, Central Tigray, Tigray, Ethiopia",disabled,,,,,,True
e48e38f3-4bc6-4813-bc19-ebb73f341bba,Aron International Hotel Event Halls,anchor,anchor,True,,0.85,"addis, Ethiopia",Addis Ababa,Addis Ababa,9.0358119,38.7524315,"Addis Ababa, Arada, Addis Ababa, 3578, Ethiopia",disabled,,,,,,True
e5290277-feee-4b18-a0fb-09251f03e4cc,Debre Markos Tej Houses Circuit,anchor,anchor,False,,0.757,"debre markos, Ethiopia",Debre Markos,Amhara,10.3358665,37.7285604,"Debre Markos, Guzamn, East Gojjam, Amhara Region, Ethiopia",disabled,,,,,,False
e52c385f-efbd-441b-a870-46d78f57672d,Bati Cultural Camel & Livestock Market,anchor,anchor,False,,0.72,"camel, Ethiopia",Babille,Oromia,9.1787501,42.4021277,"Camel Market, A10, Babille, East Harerghe, Oromia Region, Ethiopia",disabled,,,,,,False
e5616ade-a78a-4848-8707-767599849de4,Lake Tana Wetland Protection Volunteer Bases,anchor,anchor,True,,0.819,"tana, Ethiopia",,Amhara,11.9507719,37.294878,"Lake Tana, Amhara Region, Ethiopia",disabled,,,,,,True
e5a45217-8193-4c21-bbd7-7966c36992a5,Dire Dawa Railway Historic Museum,anchor,anchor,False,,0.72,"dire dawa railway, Ethiopia",Dire Dawa,Dire Dawa,9.6288408,41.772516,"Dire Dawa, New Railway Station Roundabout, Melka Jebdu, Dire Dawa, Ethiopia",disabled,,,,,,False
e5b41c71-30d9-454f-b3fe-e78c346bb04e,Arba Minch Paradise Lodge Lakeside Dock,anchor,anchor,False,,0.72,"paradise, Ethiopia",Kirkos,Addis Ababa,8.9951258,38.738996,"Garden Paradise, 4th floor, Alexander Pushkin, Bulgariya Mazoriya, Kirkos, Addis Ababa, 7777, Ethiopia",disabled,,,,,,False
e5c19409-7709-446d-8fc4-6cc5d63148f2,Debre Birhan High-Altitude Athletic Trail Network,anchor,anchor,False,,0.757,"debre birhan, Ethiopia",Debre Birhan,Amhara,9.6752117,39.5324899,"Debre Birhan, North Shewa (Amhara Region), Amhara Region, Ethiopia",disabled,,,,,,False
e65e7f57-6eef-478b-8498-2f914684b727,Bishoftu Lake Hora Public Park,anchor,anchor,False,,0.72,"hora bishoftu, Ethiopia",Bishoftu,Oromia,8.7549453,38.9902682,"Ethiopia Airforce Officer's Club, Hora street, Bishoftu, East Shewa, Oromia Region, 1034, Ethiopia",disabled,,,,,,False
e65fb972-3b2e-4f44-b378-2d948e987d65,Bati Camel & Livestock Market,anchor,anchor,False,,0.72,"livestock, Ethiopia",Bole,Addis Ababa,9.0163191,38.8118474,"Federal Democratic of Ethiopian Ministry of Livestock and Fisheries, To Egzabheraab, Gerji, Bole, Addis Ababa, 2310, Ethiopia",disabled,,,,,,False
e66176f0-f729-448a-aca2-77fd4ae714c5,Gatira Natural Hot Spring Pools,anchor,anchor,False,,0.752,"gatira, Ethiopia",Gatira,Oromia,8.0424398,36.3410514,"Gatira, Jimma, Oromia Region, Ethiopia",disabled,,,,,,False
e6a71555-87d2-47cc-8e94-e4e7448720de,Gofa Highlands Agro-Villages,anchor,anchor,True,,0.784,"sawla, Ethiopia",Sawla,South Ethiopia Regional State,6.3,36.88333,"Sawla, Gofa, South Ethiopia Regional State, Ethiopia",disabled,,,,,,True
e6acf773-bd3b-4622-b2bf-4cfafa5128f1,Alatish Wilderness Celestial Observation Zone,anchor,anchor,False,,0.752,"alatish, Ethiopia",,Amhara,12.3230117,35.5544937,"Alatish, North Gondar, Amhara Region, Ethiopia",disabled,,,,,,False
e6af91ca-a88f-4ee3-9d46-82bf64a02c56,Churchill Avenue Metropolitan Boulevard,anchor,anchor,False,,0.731,"churchill avenue, Ethiopia",Addis Ababa,Addis Ababa,9.0240991,38.7519637,"Churchill Avenue, Posta Bet, Somale Tera, Addis Ababa, Arada, Addis Ababa, 1415, Ethiopia",disabled,,,,,,False
e6cc1fdf-d513-4b90-b9e6-2021a93d2770,Woldiya Urban Center,anchor,anchor,False,,0.72,"woldiya north wollo, Ethiopia",Woldia,Amhara,11.8342096,39.6056115,"Lal Hotel Woldiya, Mek'ele-Weldiya Road, Woldia, North Wollo Zone, Amhara Region, Ethiopia",disabled,,,,,,False
e6dd5fbc-db07-4b35-bba3-98d9a31fb295,Bench Maji Honey & Spice Villages,anchor,anchor,False,,0.72,"spices, Ethiopia",Bole,Addis Ababa,8.989034,38.7956306,"Spices of India, Ring Road, Bole, Addis Ababa, 1044, Ethiopia",disabled,,,,,,False
e716d533-bba5-4c25-9cae-9a803c2aa308,African Union Headquarters Conference Center (AUCC),anchor,anchor,False,,0.72,"auc, Ethiopia",Bole,Addis Ababa,8.9849616,38.7828695,"Residence - AUC Commissioner for Social Affiars, BL_02_393 St., Rwanda, Bole, Addis Ababa, 1044, Ethiopia",disabled,,,,,,False
e74aec4a-cdcd-4719-8afa-dda297aefca6,Dessie City Center & Wollo Square,anchor,anchor,True,,0.809,"dessie, Ethiopia",Dessie,Amhara,11.122604,39.634982,"Dessie, South Wollo, Amhara Region, Ethiopia",disabled,,,,,,True
e79223a1-6dce-4a14-b44e-deeb2c28045c,Gura Ferda Misty Rainforest Valley Views,no_match,,False,,,,,,,,,disabled,,,,,,False
e7ae24aa-a8d8-4cd2-8e07-7d08d375b178,Gilgel Gibe III Reservoir Boating Launch,anchor,anchor,False,,0.747,"gilgel gibe reservoir, Ethiopia",Asendabo,Oromia,7.7958731,37.2803969,"Gilgel Gibe I Reservoir, Asendabo, Jimma, Oromia Region, Ethiopia",disabled,,,,,,False
e7c363de-1af4-452b-b4c4-9c74db93493a,Yayu Coffee Forest Biosphere Research Station,anchor,anchor,False,,0.752,"yayu, Ethiopia",Yayu,Oromia,8.341488,35.8122397,"Yayu, Illubabor, Oromia Region, Ethiopia",disabled,,,,,,False
e7dc1fb5-e0e7-4a39-a272-547fe049ab80,Fasil Ghebbi (Gondar Castles),existing,,False,,,,,,,,,disabled,,,,,,False
e7e1ca0d-d70f-4ad8-9990-bea6c6731a80,Mount Guna Alpine Slopes (Highland Avifauna),anchor,anchor,False,,0.752,"guna, Ethiopia",Inda Aba Guna,Tigray,13.9492213,38.1841976,"Inda Aba Guna, North Western Zone, Tigray, Ethiopia",disabled,,,,,,False
e7e254b7-1000-462a-a259-0da538f5b711,Habesha 2000 Traditional Restaurant,anchor,anchor,False,,0.72,"traditional restaurant, Ethiopia",Kirkos,Addis Ababa,9.0077604,38.7621232,"Hel-Zee Traditional Restaurant, Meskel Square, Meshuwalekiya, Kirkos, Addis Ababa, 1138, Ethiopia",disabled,,,,,,False
e805e290-ebae-4a5b-a71d-229842a165fb,Bonga Kafa Traditional Coffee Hamlets,anchor,anchor,True,,0.792,"bonga, Ethiopia",Bonga,South West Ethiopia Peoples,7.2645383,36.2460526,"Bonga, Kafa, South West Ethiopia Peoples, Ethiopia",disabled,,,,,,True
e81593e7-1a80-422a-806d-e7166b95dd4b,National Museum of Ethiopia,anchor,anchor,True,,0.861,"National Museum of Ethiopia, Ethiopia",Addis Ababa,Addis Ababa,9.0379782,38.7618606,"National Museum of Ethiopia, Sahle Selassie Street, Amist Kilo, Piassa (piazza), Addis Ababa, Arada, Addis Ababa, 0251, Ethiopia",disabled,,,,,,True
e81feb9c-c32c-4a24-a4bd-0e0eec85baea,Bete Maryam Mausoleum,anchor,anchor,False,,0.72,"bete maryam, Ethiopia",Mek'elē,Tigray,13.4902205,39.4679941,"Commercial Bank of Ethiopia Kasati Berhane Branch, Godena Eyassu Street, Mek'Ele Maryam Bete Kristiyan, Mek'elē, Tigray, 1547, Ethiopia",disabled,,,,,,False
e87aea51-547a-4d61-9a2b-23633a6efd90,Lake Abbe Salt Chimneys Stargazing Zone,anchor,anchor,True,,0.799,"abbe, Ethiopia",,Afar,11.1711957,41.7873451,"Lake Abbe, Zone 1, Afar Region, Ethiopia",disabled,,,,,,True
e87b2936-859d-416d-8b23-b4f78208f8ea,Menz Highland Wool Sheep Farming Estates,anchor,anchor,False,,0.733,"shep, Ethiopia",,Oromia,9.26667,35.06666,"Shep'A Wenz, Kelem Wellega, Oromia Region, Ethiopia",disabled,,,,,,False
e87ffaf7-af57-4323-a7c3-7bb4ae446e3a,Lewi Resort & Spa Conference Facilities,anchor,anchor,False,,0.72,"lewi hawassa, Ethiopia",Hawassa,Sidama,7.0480379,38.45898,"Lewi Resort, Yibew Street, Piassa, Hawassa, Sidama, 1923, Ethiopia",disabled,,,,,,False
e8a409e6-5891-4fe6-8616-1f0561d86892,Zegie Peninsula Forest (Vervet Monkeys & Birds),anchor,anchor,True,,0.819,"tana, Ethiopia",,Amhara,11.9507719,37.294878,"Lake Tana, Amhara Region, Ethiopia",disabled,,,,,,True
e90392a8-2d5f-4483-9955-18a916528b95,Haile Resort Spa & Wellness Center,no_match,,False,,,,,,,,,disabled,,,,,,False
e92f2113-aa5c-4746-8711-c467e756133e,Entoto Natural Souvenir & Crafts Hub,anchor,anchor,True,,0.783,"entoto, Ethiopia",Sululta,Oromia,9.1080861,38.8193556,"Entoto, Sululta, North Shewa (Oromia Region), Oromia Region, Ethiopia",disabled,,,,,,True
e963b6cc-ebf5-4a41-8c8c-f2962eded182,Bishoftu Lake Ecosystem Conservation Projects,anchor,anchor,True,,0.808,"bishoftu, Ethiopia",Bishoftu,Oromia,8.750004,38.981734,"Bishoftu, East Shewa, Oromia Region, 1034, Ethiopia",disabled,,,,,,True
ea0ba2f3-930b-4f23-9921-651d6ffc8be6,Bahir Dar Lakefront Public Promenade,anchor,anchor,True,,0.815,"bahir dar, Ethiopia",Bahir Dar Special Zone,Amhara,11.5949663,37.3882251,"Bahir Dar Special Zone, Amhara Region, Ethiopia",disabled,,,,,,True
ea5a585b-cd87-41c9-a60c-52ef5ed6d716,Jimma Abba Jifar Royal Palace,anchor,anchor,True,,0.81,"jimma, Ethiopia",Jimma,Oromia,7.6756152,36.8478779,"Jimma, Oromia Region, Ethiopia",disabled,,,,,,True
ea95cafa-c224-4b52-99de-4e124eca5483,Lake Langano Deserted Beaches Night-Sky Point,anchor,anchor,True,,0.78,"langano, Ethiopia",,Oromia,7.6120061,38.7629256,"Lake Langano, West Arsi, Oromia Region, Ethiopia",disabled,,,,,,True
ea9c4823-337f-4fa7-83f1-4f8c613bf54c,Bekoji Town (Town of Runners Athletics Grounds),anchor,anchor,True,,0.78,"bekoji, Ethiopia",Bekoji,Oromia,7.53333,39.25,"Bekoji, Arsi, Oromia Region, Ethiopia",disabled,,,,,,True
eab7d110-b8f3-4f20-b2d2-c074be48d63d,Jijiga Nomadic Community Health Outposts,anchor,anchor,True,,0.81,"jijiga, Ethiopia",Jijiga,Somali,9.3508526,42.8003788,"Jijiga, Fafan, Somali Region, Ethiopia",disabled,,,,,,True
eb1d0d9e-7b02-4cf7-af59-450813aa3f3a,Melka Kunture Open Air Sacred Sites,anchor,anchor,False,,0.72,"open air, Ethiopia",Yeka,Addis Ababa,9.024092,38.7948135,"Shola open air market, Fikre Mariam Aba Techan Street, Yeka, Addis Ababa, 1110, Ethiopia",disabled,,,,,,False
eb2e3e36-5bf3-452c-95b0-ab1937262da7,Debre Markos City Grounds,anchor,anchor,False,,0.757,"debre markos, Ethiopia",Debre Markos,Amhara,10.3358665,37.7285604,"Debre Markos, Guzamn, East Gojjam, Amhara Region, Ethiopia",disabled,,,,,,False
eba7e017-0af8-439a-a338-fb1f39de4e66,Gonderine Tejbet Route,anchor,anchor,False,,0.72,"tej, Ethiopia",Addis Ababa,Addis Ababa,9.0395961,38.7503502,"Zumbaba Tej Bet, Sylvia Pankhurst Street, Gedam Seffer, Giorgis, Addis Ababa, Arada, Addis Ababa, 3658, Ethiopia",disabled,,,,,,False
ebf1a4c1-7721-498d-891d-f315b78f02a6,Great Rift Valley Wall Paragliding,anchor,anchor,True,,0.83,"rift, Ethiopia",,Oromia,5.0,37.0,"Great Rift Valley, Borena, Oromia Region, Ethiopia",disabled,,,,,,True
ebf571b4-02ac-4d05-a9e4-03240d95c05b,Menelik II Referral Hospital & Eye Center,anchor,anchor,False,,0.764,"menelik, Ethiopia",Kirkos,Addis Ababa,9.0108764,38.7531385,"The Lion of Judah of Menelik II, Ras Mekonnen Avenue, Legahar, Kirkos, Addis Ababa, 1138, Ethiopia",disabled,,,,,,False
ec0b4b39-c066-45e2-8866-0df91f8f5703,Adama General Hospital & Medical College,anchor,anchor,False,,0.72,"adama oromia, Ethiopia",Adama,Oromia,8.5408627,39.2655724,"Commercial Bank of Ethiopia Aba Geda Branch, Nuho Gobana Street, Adama, Oromia Region, 0408, Ethiopia",disabled,,,,,,False
ec22ddef-81bc-4ab1-bc33-c3f8d72bf7c9,Meskel Square Public Plaza,anchor,anchor,True,,0.781,"meskel square, Ethiopia",Kirkos,Addis Ababa,9.0102293,38.7606309,"Meskel Square, Meshuwalekiya, Kirkos, Addis Ababa, Ethiopia",disabled,,,,,,True
ec45b60c-8984-4721-8ae2-fa2cb42338ac,Addis Ababa University Main Campus & Libraries,anchor,anchor,False,,0.72,"university library, Ethiopia",Hawassa,Sidama,7.0735468,38.4862781,"Hawassa University college of agriculture library, Addis Ababa to Nairobi road, Piassa, Hawassa, Sidama, 1235, Ethiopia",disabled,,,,,,False
ecb521a2-688d-46d7-9dce-16dbc3afb1dc,Mandaba Medhane Alem Monastery,existing,,False,,,,,,,,,disabled,,,,,,False
ecc39e6b-1161-445e-afd8-c5cec07e3a89,Hawassa Community Youth Development Projects,anchor,anchor,True,,0.808,"hawassa, Ethiopia",Hawassa,Sidama,7.0481029,38.47861,"Hawassa, Sidama, 1923, Ethiopia",disabled,,,,,,True
ecfc43b1-9721-4ef9-9916-eaa9849a8fc7,Silk Road General Hospital,matched,exact,False,,0.8,"Silk Road General Hospital, Ethiopia",Nefas Silk,Addis Ababa,8.9838715,38.7380028,"Addis Ababa Silk Road General Hospital, Egypt Street, Vatican, Nefas Silk, Addis Ababa, 7777, Ethiopia",disabled,,,,,,True
ed02e462-6e16-418e-b34d-c2cedcf84deb,Edna Mall & Medhanealem Shopping Zone,anchor,anchor,False,,0.72,"edna mall, Ethiopia",Bole,Addis Ababa,8.9970566,38.7866129,"Edna Mall, BL_03_646 Street, Ghiliffalegn Stream, Bole, Addis Ababa, 7966, Ethiopia",disabled,,,,,,False
ed633c8c-49bc-4e51-8d0f-4f4f8ef7470f,Axum Northern Stelae Park at Sunset,anchor,anchor,True,,0.824,"axum, Ethiopia",Axum,Tigray,14.1220982,38.7321749,"Axum, Central Tigray, Tigray, Ethiopia",disabled,,,,,,True
ed96b619-8ac4-46dc-81ae-868b541e5960,Silte Cultural Heritage Zone,anchor,anchor,False,,0.72,"silte, Ethiopia",Kolfe Keranio,Addis Ababa,8.9811975,38.6852742,"Silte Sefer, Jemma Street, Repi, Kolfe Keranio, Addis Ababa, 1061, Ethiopia",disabled,,,,,,False
edc5f20c-be22-4100-9eef-7812f6d79f01,Lake Langano Eco-Resorts Area,anchor,anchor,False,,0.72,"langano eco, Ethiopia",,Oromia,7.5264641,38.7892645,"Hara Langano Eco Lodge, Entrance Hara Lanagano Lodge, West Arsi, Oromia Region, Ethiopia",disabled,,,,,,False
ee082331-2520-4e5d-8ab7-d51a399353e5,Gorgora Debre Sina Maryam Church,anchor,anchor,False,,0.775,"gorgora, Ethiopia",Gorgora,Amhara,12.2382669,37.2971393,"Gorgora, North Gondar, Amhara Region, Ethiopia",disabled,,,,,,False
ee72cb82-67ef-47c7-8a66-898521f72dea,Abuna Yemata Guh Cliffside Church,anchor,anchor,False,,0.758,"abuna yemata, Ethiopia",,Tigray,13.9154067,39.3447748,"Abuna Yemata Guh, Kiros 7 churches trek, Eastern Tigray, Tigray, Ethiopia",disabled,,,,,,False
ee73dcca-d489-42d1-bb33-da72503e05c6,Dessie Arabada Market,anchor,anchor,True,,0.809,"dessie, Ethiopia",Dessie,Amhara,11.122604,39.634982,"Dessie, South Wollo, Amhara Region, Ethiopia",disabled,,,,,,True
eec44c92-342d-447e-bb7e-05e6363f86b9,Great Ethiopian Run Street Course,anchor,anchor,False,,0.72,"Great, Ethiopia",Nefas Silk,Addis Ababa,8.9641609,38.7321442,"Baro Oil Ethiopia, German Square, Great Acachi, Nefas Silk, Addis Ababa, 0006, Ethiopia",disabled,,,,,,False
eeefd997-3866-44c2-bd0e-91dfec7a9b65,Gofa Highland Fruit & Grain Farms,anchor,anchor,False,,0.731,"fruit, Ethiopia",Dire Dawa,Dire Dawa,9.5899433,41.8607323,"Fruit Basket Roundabout, Ye'Selam Adarash Mengist, Dire Dawa, Ethiopia",disabled,,,,,,False
ef501534-2aa3-406d-af92-d48f0b23db1a,Bonga Forest Trailhead Walk,anchor,anchor,True,,0.792,"bonga, Ethiopia",Bonga,South West Ethiopia Peoples,7.2645383,36.2460526,"Bonga, Kafa, South West Ethiopia Peoples, Ethiopia",disabled,,,,,,True
efa805e9-ec74-4111-b642-71d1f68e8944,Adama Commercial & Industrial City Hub,anchor,anchor,True,,0.807,"adama, Ethiopia",Adama,Oromia,8.5410261,39.2705461,"Adama, Oromia Region, 0408, Ethiopia",disabled,,,,,,True
efba5d01-d208-4b19-b897-c156b7128c3f,Awi Agew Honey & Cattle Farms,anchor,anchor,False,,0.747,"agew, Ethiopia",Agew,Tigray,12.9232371,39.6054502,"Agew, Southern Tigray, Tigray, Ethiopia",disabled,,,,,,False
f0027c6c-b9cc-474d-bf04-058fb4496ffd,Yirgacheffe Coffee Washing Stations & Cupping Grounds,anchor,anchor,False,,0.72,"yirgacheffe, Ethiopia",Yirga Cheffe,South Ethiopia Regional State,6.1529383,38.2023167,"Yirgacheffe Stadium, Addis Ababa to Nairobi road, Yirga Chefe, Yirga Cheffe, Gedeo, South Ethiopia Regional State, Ethiopia",disabled,,,,,,False
f00b827d-8d9d-4a02-adba-c6c1d60d1558,Kambaata Highland Farms,anchor,anchor,False,,0.733,"kambata, Ethiopia",,Central Ethiopia Regional State,7.5,37.75,"Kambata, Hadiya, Central Ethiopia Regional State, Ethiopia",disabled,,,,,,False
f020dc2c-784a-4055-9936-a0ddc2cc2191,Bahir Dar University Maritime & Lake Tana Institute,anchor,anchor,False,,0.72,"bahir dar university, Ethiopia",Bahir Dar Special Zone,Amhara,11.5972676,37.3957848,"Institute of Technology(IOT), Bahir Dar University, A3, Shemabo, Sari Menideri, Bahir Dar Special Zone, Amhara Region, 6000, Ethiopia",disabled,,,,,,False
f020e9ad-58c9-438f-b695-c59f443b6512,Mount Gara Muleta Forest Sanctuary,anchor,anchor,False,,0.75,"gara muleta, Ethiopia",,Oromia,9.2569683,41.7304062,"Gara Muleta Terara, East Harerghe, Oromia Region, Ethiopia",disabled,,,,,,False
f02bd757-7a00-4d80-8858-21e2cbfe73bf,Gondar University Space & Physics Department Base,anchor,anchor,False,,0.72,"gondar university, Ethiopia",Gonder,Amhara,12.5825113,37.4425981,"University of Gondar, Bahir Dar - Gonder Road, Maraki, Gonder, North Gondar, Amhara Region, 6200, Ethiopia",disabled,,,,,,False
f0368d9f-0208-439e-b7f3-354d921da1a1,Chencha Dorze Traditional Weaving Co-ops,anchor,anchor,False,,0.777,"chencha, Ethiopia",Chencha,South Ethiopia Regional State,6.251095,37.572946,"Chencha, Gamo, South Ethiopia Regional State, Ethiopia",disabled,,,,,,False
f0466c41-21ac-49f8-8d7a-23a1dd97e87d,Yabello Sanctuary (Boran Bush-Crow & Prince Ruspolis Turaco),anchor,anchor,False,,0.731,"yabello, Ethiopia",Yabēlo,Oromia,4.8888074,38.109828,"Karati to Yabello, Yabēlo, Borena, Oromia Region, Ethiopia",disabled,,,,,,False
f078adc4-fc0e-45e4-b32f-957ff310e3eb,Lake Langano Bishangari Watercraft Dock,anchor,anchor,False,,0.731,"bishangari, Ethiopia",,Oromia,7.5198392,38.7715145,"To Bishangari Lodge, West Arsi, Oromia Region, Ethiopia",disabled,,,,,,False
f07fa47a-e4ce-47b0-8299-df90bfcc2562,Entoto Observatory and Space Science Research Center,anchor,anchor,False,,0.736,"entoto observatory, Ethiopia",Sululta,Oromia,9.1085525,38.8073254,"Entoto Observatory and Research Center, Sululta, North Shewa (Oromia Region), Oromia Region, Ethiopia",disabled,,,,,,False
f1364905-24d4-4be6-81cb-677c3d884297,Churchill Avenue Art & Souvenir Street,anchor,anchor,False,,0.731,"churchill avenue, Ethiopia",Addis Ababa,Addis Ababa,9.0315378,38.7513248,"Churchill Avenue, Doro Manekiya, Giorgis, Addis Ababa, Arada, Addis Ababa, 3658, Ethiopia",disabled,,,,,,False
f17f41b3-119b-4238-bf27-bfd8a7967d50,Konso Cultural Landscape Museum,anchor,anchor,False,,0.741,"landscape, Ethiopia",Ch'ench'eroma,Tigray,13.665665,39.1596362,"Ch'ench'eroma terraced landscape, Addi Geza'iti, Ch'ench'eroma, Central Tigray, Tigray, Ethiopia",disabled,,,,,,False
f1b2eed3-1c68-4a61-94c5-c19315a48c1d,Ankober Traditional Weaving Outlets,anchor,anchor,True,,0.786,"ankober, Ethiopia",Ankober,Amhara,9.5911547,39.7338213,"Ankober, North Shewa (Amhara Region), Amhara Region, Ethiopia",disabled,,,,,,True
f1c602bd-c002-4115-b125-07efa6beaed2,Harmony Hotel MICE Suites,anchor,anchor,False,,0.72,"harmony, Ethiopia",Bole,Addis Ababa,8.9958829,38.7862708,"Harmony Hotel, BL_03_670 Street, Ghiliffalegn Stream, Bole, Addis Ababa, 7966, Ethiopia",disabled,,,,,,False
f1dba427-0151-4849-a4aa-d11007f5561f,Adwa Victory Memorial Complex,anchor,anchor,False,,0.776,"adwa, Ethiopia",,Afar,10.0608392,40.8333567,"Adwa, Zone 3, Afar Region, Ethiopia",disabled,,,,,,False
f1e94284-9699-4c01-b031-18b1bd010ca0,National Museum of Ethiopia (Lucy / Dinkinesh Exhibit),anchor,anchor,False,,0.736,"lucy, Ethiopia",Mek'elē,Tigray,13.4968134,39.4775688,"Lucy and Dejen park combined, Mek'elē, Tigray, Ethiopia",disabled,,,,,,False
f20aefba-6c93-4e33-b33e-56dbc2023015,Pyramids Resort VIP Villas,anchor,anchor,True,,0.808,"bishoftu, Ethiopia",Bishoftu,Oromia,8.750004,38.981734,"Bishoftu, East Shewa, Oromia Region, 1034, Ethiopia",disabled,,,,,,True
f22e131e-f6ff-46fd-b62e-4ebfcc558a91,Lake Besaka Boat Safari Point,anchor,anchor,False,,0.72,"boat, Ethiopia",Bahir Dar Special Zone,Amhara,11.5990209,37.3848859,"Desalegn Tourism and Boat Hire, Route 3, Bahir Dar Special Zone, West Gojjam, Amhara Region, 6600, Ethiopia",disabled,,,,,,False
f2323e8e-c2d2-4006-9519-93bf1cb00e94,Sawla Highland City Hub,anchor,anchor,True,,0.784,"sawla, Ethiopia",Sawla,South Ethiopia Regional State,6.3,36.88333,"Sawla, Gofa, South Ethiopia Regional State, Ethiopia",disabled,,,,,,True
f2349bdb-6eed-434d-8d05-ce735c27ecc3,Piazza Historic Colonial Architecture District,anchor,anchor,False,,0.736,"piazza, Ethiopia",Gonder,Amhara,12.612139,37.4698106,"Piazza, Gonder, North Gondar, Amhara Region, 6200, Ethiopia",disabled,,,,,,False
f242dbb6-f609-40a1-8e22-7a8fa0ecdb65,Ankober Palace Eco-Lodge Imperial Suite,anchor,anchor,True,,0.786,"ankober, Ethiopia",Ankober,Amhara,9.5911547,39.7338213,"Ankober, North Shewa (Amhara Region), Amhara Region, Ethiopia",disabled,,,,,,True
f2a62849-1864-4f76-af5e-d5fee1a177ea,Century Mall Shopping Complex,anchor,anchor,False,,0.72,"century mall mall, Ethiopia",Yeka,Addis Ababa,9.0194119,38.813864,"Century Mall, Fikre Mariam Aba Techan Street, Megenagna, Yeka, Addis Ababa, 2310, Ethiopia",disabled,,,,,,False
f2bf3376-ee72-4135-a2f0-b25e76371d50,Bishoftu Lake Chelekleka Boating Launch,anchor,anchor,True,,0.808,"bishoftu, Ethiopia",Bishoftu,Oromia,8.750004,38.981734,"Bishoftu, East Shewa, Oromia Region, 1034, Ethiopia",disabled,,,,,,True
f2cf8403-c3f0-4603-baea-f72a479907b3,Abijatta-Shalla Salt Crust Plains,anchor,anchor,False,,0.72,"abijatta shalla, Ethiopia",Arsi Negelle,Oromia,7.5284208,38.6680653,"Abijatta-Shalla National Park Ticket Office, Addis Ababa to Nairobi road, Arsi Negelle, West Arsi, Oromia Region, Ethiopia",disabled,,,,,,False
f2ec6eeb-5f2e-4321-90af-393ed36d7387,Bale Mountain Lodge,matched,exact,False,,0.8,"Bale Mountain Lodge, Ethiopia",,Oromia,6.7134709,39.7257306,"Bale Mountain Lodge, Bale, Oromia Region, Ethiopia",disabled,,,,,,True
f35da1ee-0a7f-4d44-81ac-d8f5260f8e44,Suri Body Painting & Cultural Portraits,anchor,anchor,False,,0.733,"suri, Ethiopia",,Amhara,10.53333,36.6,"Suri, Awi Agew, Amhara Region, Ethiopia",disabled,,,,,,False
f361bd54-2e54-4135-a8a2-343e0870a03c,Shiro Meda Artisan District,anchor,anchor,False,,0.731,"shiro meda, Ethiopia",Wolaita Sodo,South Ethiopia Regional State,6.8624953,37.7616665,"Shiro Meda Avenue, Giddo, Bornes Kilomètres, Wolaita Sodo, Wolayita, South Ethiopia Regional State, 4620, Ethiopia",disabled,,,,,,False
f36fbf60-eda8-42f9-8e76-8910fbf1dbbf,CMC & Ayat Modern Residential Districts,anchor,anchor,False,,0.736,"residential, Ethiopia",Bole,Addis Ababa,8.9934465,38.7889894,"Sunshine residential, Bole, Addis Ababa, Ethiopia",disabled,,,,,,False
f3bedb08-8399-4461-85d5-34fd8057c78e,Radisson Blu Hotel Public Concourse,anchor,anchor,False,,0.72,"radisson blu, Ethiopia",Kirkos,Addis Ababa,9.0161832,38.7677471,"Radisson Blu, Joseph Tito Street, Kazanchis, Kirkos, Addis Ababa, 7821, Ethiopia",disabled,,,,,,False
f42a7d8d-a948-4176-be13-0f4f36be34f3,Tut Fela Megalithic Site,no_match,,False,,,,,,,,,disabled,,,,,,False
f43e0c0a-cd23-484d-a406-03dddfaca3ab,Bole Road (Cameroon St) Entertainment & Shopping District,anchor,anchor,False,,0.731,"bole road, Ethiopia",Kirkos,Addis Ababa,8.9991851,38.770937,"Africa Avenue / Bole Road, Olympia, Kirkos, Addis Ababa, 1165, Ethiopia",disabled,,,,,,False
f4f95286-6786-41e9-b522-aa015246904a,Maze National Park River Trekking,anchor,anchor,False,,0.749,"maze, Ethiopia",,South Ethiopia Regional State,6.4105535,37.2124317,"Maze, Gamo, South Ethiopia Regional State, Ethiopia",disabled,,,,,,False
f5019af9-5bc6-47e4-8b44-8accbd6baa67,Mizan Teferi Public Tea Garden Trail,anchor,anchor,False,,0.755,"mizan teferi, Ethiopia",Aman,South West Ethiopia Peoples,6.9568642,35.5544431,"Mizan Teferi Airport, Mizan - Dima, Aman, Bench Sheko, South West Ethiopia Peoples, Ethiopia",disabled,,,,,,False
f523892d-a1ff-415a-bcc3-d9e91d48f73c,Arba Minch Banana & Mango Plantations,anchor,anchor,True,,0.804,"arba minch, Ethiopia",Arba Minch,South Ethiopia Regional State,6.0215142,37.5539809,"Arba Minch, Gamo, South Ethiopia Regional State, Ethiopia",disabled,,,,,,True
f529ccff-d391-4563-8af9-0df8519f3852,Woldiya Traditional Culinary Outlets,anchor,anchor,False,,0.72,"woldiya, Ethiopia",Woldia,Amhara,11.8342096,39.6056115,"Lal Hotel Woldiya, Mek'ele-Weldiya Road, Woldia, North Wollo Zone, Amhara Region, Ethiopia",disabled,,,,,,False
f542507f-3f8c-46fe-a308-e16f4f32959b,Battlefield of Embabo,anchor,anchor,False,,0.72,"wollega, Ethiopia",Naqamte,Oromia,9.0749806,36.5846477,"Wollega University, Nekemte - Ambo Road, Naqamte, East Wellega, Oromia Region, Ethiopia",disabled,,,,,,False
f5598e75-4d99-4bbb-8542-8973730acbd7,Axum Archaeological Conservation Volunteer Outposts,anchor,anchor,True,,0.824,"axum, Ethiopia",Axum,Tigray,14.1220982,38.7321749,"Axum, Central Tigray, Tigray, Ethiopia",disabled,,,,,,True
f5c107b6-a5ae-4cd5-b074-4e2e8aada1dc,Axum Dunkur / Queen of Sheba Palace Ruins,anchor,anchor,False,,0.741,"sheba axum, Ethiopia",Axum,Tigray,14.1342242,38.7215177,"Baths of Queen Sheba, Axum, Central Tigray, Tigray, Ethiopia",disabled,,,,,,False
f69157ac-685f-4b5f-b0af-6b71347979f7,Korcho Karo Village Oromia River Loop Panorama,anchor,anchor,False,,0.749,"korcho, Ethiopia",Korcho,South Ethiopia Regional State,5.1917234,36.2073648,"Korcho, South Omo, South Ethiopia Regional State, Ethiopia",disabled,,,,,,False
f694be04-381b-440a-9545-81543d975602,Wonchi Eco-Lodge Executive Meeting Facilities,anchor,anchor,False,,0.72,"eco, Ethiopia",Arada,Addis Ababa,9.0349152,38.7785822,"Halaba Eco Tour, 110, Comoros Street, Arada, Addis Ababa, 1176, Ethiopia",disabled,,,,,,False
f6cb8c09-9a5b-409f-8f6c-8405a1459cfa,Ambo Town Center & Thermal District,anchor,anchor,False,,0.752,"town, Ethiopia",Galma Town,South Ethiopia Regional State,6.2466567,37.0182208,"Galma Town, Gofa, South Ethiopia Regional State, Ethiopia",disabled,,,,,,False
f6cf073d-078f-470a-93e6-aae295b800f0,Chencha Apple Orchards & Co-ops,anchor,anchor,False,,0.777,"chencha, Ethiopia",Chencha,South Ethiopia Regional State,6.251095,37.572946,"Chencha, Gamo, South Ethiopia Regional State, Ethiopia",disabled,,,,,,False
f6d8b632-3147-471e-86e7-093ab1c3ca64,Yayu Coffee Forest Biosphere Reserve,anchor,anchor,False,,0.752,"yayu, Ethiopia",Yayu,Oromia,8.341488,35.8122397,"Yayu, Illubabor, Oromia Region, Ethiopia",disabled,,,,,,False
f719cc5a-5aa3-4f16-b7c4-dad3732304ce,Lake Afambo & Lake Abbe Wetlands (Flamingos),anchor,anchor,False,,0.749,"afambo, Ethiopia",Afambo,Afar,11.5201706,41.5826072,"Afambo, Zone 1, Afar Region, Ethiopia",disabled,,,,,,False
f723856e-b42b-4c90-853a-73f15917a452,Bale Mountains National Park,existing,,False,,,,,,,,,disabled,,,,,,False
f74134b4-4bc5-4a9e-a55a-a3fcca665db5,Erta Ale Active Volcano Research Site,anchor,anchor,True,,0.798,"erta ale, Ethiopia",,Afar,13.6030321,40.6634086,"Erta Ale, Zone 2, Afar Region, Ethiopia",disabled,,,,,,True
f76074bd-f01a-4a71-ac18-b80b20754a75,Gambella Baro River Night Sky Outposts,anchor,anchor,True,,0.799,"gambela, Ethiopia",Gambela,Gambela,8.2503656,34.5877344,"Gambela, Agnuak, Gambela Region, Ethiopia",disabled,,,,,,True
f7b2a94d-8716-4079-bea8-10fc20b7de92,Central Hawassa Hotel Main Level,anchor,anchor,False,,0.72,"central hawassa, Ethiopia",Hawassa,Sidama,7.0476368,38.4682618,"Central Hotel Hawassa, Yibew Street, Piassa, Hawassa, Sidama, 1923, Ethiopia",disabled,,,,,,False
f80ad547-5744-4311-9968-43bbd54ed74e,Bole Medhanealem Urban Square,anchor,anchor,False,,0.72,"bole medhanealem, Ethiopia",Bole,Addis Ababa,8.9939295,38.7906688,"Bank of Abyssinia - Bole MedhaneAlem Branch, BL/W3, Cameroon Street, Bole, Addis Ababa, 1044, Ethiopia",disabled,,,,,,False
f838def2-16ed-4546-b32f-97336cfd5fdb,Bale Mountains Sanetti Plateau,anchor,anchor,True,,0.801,"Bale Mountains, Ethiopia",,Oromia,6.7942161,39.7565574,"Bale Mountains National Park, Bale, Oromia Region, Ethiopia",disabled,,,,,,True
f8ae3391-2ecb-40d9-a797-060b45c8e45c,King Sahle Selassie Royal Residence Ruins,anchor,anchor,False,,0.72,"ruins, Ethiopia",Axum,Tigray,14.1252613,38.723948,"Enda Nebura'ed Palace Ruins, Denver Street, Axum, Central Tigray, Tigray, Ethiopia",disabled,,,,,,False
f8f2ed1c-8207-428e-8c79-74753db23607,Mercato Exploration Walk,anchor,anchor,False,,0.763,"mercato, Ethiopia",Addis Ketema,Addis Ababa,9.0296278,38.7396038,"Mercato, Dej Wolde Michael Street, Merkato Market, Shema Tera, Addis Ketema, Addis Ababa, 3658, Ethiopia",disabled,,,,,,False
f8fc9957-1134-4746-8b3b-163e33e44218,Wukro Town Public Historic Circuit,anchor,anchor,True,,0.795,"wukro, Ethiopia",Wukro,Tigray,13.7862549,39.601525,"Wukro, Eastern Tigray, Tigray, Ethiopia",disabled,,,,,,True
f90f12ec-fee1-49d6-8881-ca354b9dd890,National Museum of Ethiopia,existing,,False,,,,,,,,,disabled,,,,,,False
f9c64f77-b388-4e33-8870-fbe0668e3643,Lake Hawassa Public Fish Market,anchor,anchor,False,,0.72,"fish hawassa, Ethiopia",Hawassa,Sidama,7.0428747,38.4596569,"Fish Market, Yibew Street, Piassa, Hawassa, Sidama, 1923, Ethiopia",disabled,,,,,,False
fa19f548-e5b2-4b6b-ab8b-9f11f8eee0b5,Addis Ababa University Main Campus Level Gardens,anchor,anchor,False,,0.72,"Addis Ababa University, Ethiopia",Akaki Beseka,Addis Ababa,8.8882405,38.8092022,"Addis Ababa Science and Technology University, A1, Akaki Beseka, Akaki Kaliti, Addis Ababa, Ethiopia",disabled,,,,,,False
fa770e9d-85b7-40dd-94b9-fd9d3f259882,Arba Minch Forty Springs Ecosystem,anchor,anchor,True,,0.804,"arba minch, Ethiopia",Arba Minch,South Ethiopia Regional State,6.0215142,37.5539809,"Arba Minch, Gamo, South Ethiopia Regional State, Ethiopia",disabled,,,,,,True
fa918efc-1c60-4de2-af6a-aeca9f89c8df,Harar Coffee Roasting Shops & Harari Dish Outlets,anchor,anchor,True,,0.823,"harar, Ethiopia",Harar,Harar,9.3118304,42.1284009,"Harar, Hareri, Harar, 3200, Ethiopia",disabled,,,,,,True
faa1f17f-ab29-45cc-9b33-904ecf78289e,Millennium Hall Exhibition & Conference Center,anchor,anchor,False,,0.72,"millennium hall, Ethiopia",Bole,Addis Ababa,8.9924284,38.7887069,"111105 - BOLE MILLENNIUM HALL, BL_03_682 Street, Bole, Addis Ababa, 1044, Ethiopia",disabled,,,,,,False
faa2b5ea-c52b-442e-b9fb-0f2221786936,Gidabo Thermal Springs Sanctuary,anchor,anchor,False,,0.745,"gidabo, Ethiopia",,Sidama,6.5630695,38.2292849,"Gidabo, Borena, Sidama, Ethiopia",disabled,,,,,,False
faa9bc01-6952-41fd-bb5d-73e2a8c15a18,Korem Historical Famine Memorial Area,anchor,anchor,False,,0.752,"korem, Ethiopia",Korem,Tigray,12.5057091,39.5222514,"Korem, Southern Tigray, Tigray, Ethiopia",disabled,,,,,,False
fad2e7fb-348d-4f00-ae5d-fa4254a97217,Century Mall Shopping Complex Elevators,anchor,anchor,False,,0.72,"century mall, Ethiopia",Yeka,Addis Ababa,9.0194119,38.813864,"Century Mall, Fikre Mariam Aba Techan Street, Megenagna, Yeka, Addis Ababa, 2310, Ethiopia",disabled,,,,,,False
fae714ce-8f16-45a7-86a6-b11fb7f600ec,Posta Bet Stamp & Antique Collectors Market,anchor,anchor,False,,0.736,"posta bet, Ethiopia",Addis Ababa,Addis Ababa,9.021564,38.7530961,"Posta Bet, Somale Tera, Addis Ababa, Arada, Addis Ababa, 1138, Ethiopia",disabled,,,,,,False
fb09c840-17ec-4fd8-bb29-0df3d3c3e573,Pyramids Resort Flat Grounds,anchor,anchor,False,,0.747,"flat, Ethiopia",,Oromia,7.4599314,38.4329447,"Flat Island, West Arsi, Oromia Region, Ethiopia",disabled,,,,,,False
fb513339-93d3-4c0d-ac68-2bed64c29016,Gondar Castles Restoration & Heritage Center,anchor,anchor,True,,0.822,"gondar, Ethiopia",Gonder,Amhara,12.610368,37.466766,"Gonder, North Gondar, Amhara Region, 6200, Ethiopia",disabled,,,,,,True
fb62bd51-4233-4ac4-8348-f47a9b9c1ebb,Entoto Natural Park Public Grounds,anchor,anchor,True,,0.783,"entoto, Ethiopia",Sululta,Oromia,9.1080861,38.8193556,"Entoto, Sululta, North Shewa (Oromia Region), Oromia Region, Ethiopia",disabled,,,,,,True
fb802d8c-6e47-4412-af36-e3ad6b44a8ef,Asheten Maryam Mountain Sunset View,anchor,anchor,False,,0.72,"sunset, Ethiopia",Hawassa,Sidama,7.052968,38.4688676,"Sunset Hotel, Yibew Street, Piassa, Hawassa, Sidama, 1923, Ethiopia",disabled,,,,,,False
fc00cdd1-1699-4f5b-aed6-3f3482045951,Maze National Park Valley Viewpoints,anchor,anchor,False,,0.72,"viewpoint, Ethiopia",Bishoftu,Oromia,8.7832477,38.9969502,"Viewpoint Lodge, Hora street, Bishoftu, East Shewa, Oromia Region, 1034, Ethiopia",disabled,,,,,,False
fcb62da3-38a1-47f1-b2a2-16f25fc56ba3,Mother Teresas Missionaries of Charity,anchor,anchor,False,,0.72,"missionaries charity, Ethiopia",Kolfe Keranio,Addis Ababa,9.0630291,38.6893077,"Missionaries of Charity - Asco, Old Ambo Road -የድሮው የአምቦ መንገድ, Asko Area, Kolfe Keranio, Addis Ababa, Ethiopia",disabled,,,,,,False
fd153e00-5d73-4e0f-ae57-6c1630596485,Gondar University Medical & Heritage Research Center,anchor,anchor,False,,0.72,"gondar university, Ethiopia",Gonder,Amhara,12.5825113,37.4425981,"University of Gondar, Bahir Dar - Gonder Road, Maraki, Gonder, North Gondar, Amhara Region, 6200, Ethiopia",disabled,,,,,,False
fd1a2aff-f66a-4de6-adc8-55b0c7c6f77e,Entoto Park Scenic Dining Outlets,anchor,anchor,True,,0.783,"entoto, Ethiopia",Sululta,Oromia,9.1080861,38.8193556,"Entoto, Sululta, North Shewa (Oromia Region), Oromia Region, Ethiopia",disabled,,,,,,True
fd6cfc99-458f-4dfc-bd77-f6720ecfb327,Halala Kella Lake & Mountain Reflections,anchor,anchor,True,,0.786,"koysha, Ethiopia",Kindo Koysha,South Ethiopia Regional State,6.933691,37.5892615,"Kindo Koysha, Wolayita, South Ethiopia Regional State, Ethiopia",disabled,,,,,,True
fd70affa-c62c-4892-8eed-fc976450ce69,Gibe Sheleko National Park,anchor,anchor,True,,0.783,"gibe, Ethiopia",,Oromia,8.0316904,37.5949265,"Gibe, Oromia Region, Ethiopia",disabled,,,,,,True
fd92a05a-3ab7-49ce-8c87-48a532c91c42,Lower Omo Valley,no_match,,False,,,,,,,,,disabled,,,,,,False
fdd4bb48-c039-4b1b-a7a4-acf5b2b2b81f,Bonga Forest Reserve (Colobus Monkeys),anchor,anchor,True,,0.792,"bonga, Ethiopia",Bonga,South West Ethiopia Peoples,7.2645383,36.2460526,"Bonga, Kafa, South West Ethiopia Peoples, Ethiopia",disabled,,,,,,True
fdd810f1-c4fb-4188-8646-d3d28ff84471,Lake Bishoftu Birding Belt,anchor,anchor,True,,0.808,"bishoftu, Ethiopia",Bishoftu,Oromia,8.750004,38.981734,"Bishoftu, East Shewa, Oromia Region, 1034, Ethiopia",disabled,,,,,,True
fdde23d4-2203-4160-93cd-84a0d88274c5,Friendship Park Phase I & II,anchor,anchor,False,,0.736,"friendship, Ethiopia",Addis Ababa,Addis Ababa,9.0236603,38.7595819,"Friendship Square, Arat Kilo, Addis Ababa, Arada, Addis Ababa, Ethiopia",disabled,,,,,,False
fdf6e1fb-0195-4081-b0e2-bb21501d95ae,Erta Ale Active Caldera,anchor,anchor,True,,0.798,"erta ale, Ethiopia",,Afar,13.6030321,40.6634086,"Erta Ale, Zone 2, Afar Region, Ethiopia",disabled,,,,,,True
fe10193d-e73b-461d-aa4c-28acc98a7656,Entoto Park & Mountain Peak,existing,,False,,,,,,,,,disabled,,,,,,False
feb50060-1608-4cda-bf5f-d395da4818af,Langano Sabana Watersports Hub,anchor,anchor,True,,0.78,"langano, Ethiopia",,Oromia,7.6120061,38.7629256,"Lake Langano, West Arsi, Oromia Region, Ethiopia",disabled,,,,,,True
fec97e8f-a3e5-4836-8ce3-ba981d8b1ff6,Holeta Agricultural Research Center & Dairy Farms,anchor,anchor,False,,0.72,"holeta agricultural, Ethiopia",Holeta Genet,Oromia,9.0597396,38.5051906,"Holeta Agricultural Biotechnology Research, New Road to Ambo, Holeta, Holeta Genet, Walmara, West Shewa, Oromia Region, Ethiopia",disabled,,,,,,False
fecbd9aa-4b22-48e3-b1d4-f450e2d3992f,Hawassa Haile Resort Lake Promenade,anchor,anchor,False,,0.72,"promenade hawassa, Ethiopia",Hawassa,Sidama,7.0538656,38.4667974,"Lake Promenade (Bars & Restaurants), Yibew Street, Piassa, Hawassa, Sidama, 1923, Ethiopia",disabled,,,,,,False
ff8cbf83-f899-4c5c-aa5d-6c7796a0b61d,Erta Ale Lava Lake Night Photography,anchor,anchor,True,,0.798,"erta ale, Ethiopia",,Afar,13.6030321,40.6634086,"Erta Ale, Zone 2, Afar Region, Ethiopia",disabled,,,,,,True
ffca54ea-b470-4b3b-ba34-3ca0e84517b7,Kambaata Cultural Terraces,anchor,anchor,False,,0.733,"kambata, Ethiopia",,Central Ethiopia Regional State,7.5,37.75,"Kambata, Hadiya, Central Ethiopia Regional State, Ethiopia",disabled,,,,,,False
ffe16577-526f-4996-aa2d-bea0f45c4e41,Gobera Market,anchor,anchor,True,,0.85,"addis, Ethiopia",Addis Ababa,Addis Ababa,9.0358119,38.7524315,"Addis Ababa, Arada, Addis Ababa, 3578, Ethiopia",disabled,,,,,,True
