id,name,status,score,display_name,formatted_address,city,region,lat,lng,place_id,types,error,generated_update
000b9cf0-b53f-4546-8840-ba364d586682,Cheshire Services Ethiopia Center,candidate,0.9,Menagesha Rehabilitation Centre - Cheshire Services Ethiopia,"Menagesha, New Road, Addis Abbaba,, 3HHQ+4FW, Ambo",Ambo,Oromia,9.077867699999999,38.588705700000006,ChIJGyFScz53TBYRdVuA8KUpJho,association_or_organization|point_of_interest|service|establishment,,True
0051e3e0-cdf6-4292-8b3f-55e0cf27bec7,Mentewab Palace Grounds,candidate,0.9,Mentewab's Palace,"JF5C+Q3V, Gondar",Gondar,Amhara,12.609496000000002,37.470178,ChIJOZv_5yEnQxYR23bWGPlH3T4,historical_landmark|historical_place|point_of_interest|establishment,,True
007b0123-edb6-4112-8470-9c97d02e180a,Mount Belaya Wilderness Trek,candidate,0.0,Bale Mountains National Park,"VPPM+8PG, Rira",Rira,,6.8858193,39.734338,ChIJFzr6JsI4thcR7BzEfxBOjjk,national_park|tourist_attraction|park|point_of_interest|establishment,,False
00e4f04e-be64-4f35-8e8f-41d59df6a948,Asella Referral Hospital,candidate,0.6,Asella Referal and Teaching hospital,"09, Asela",Asela,Oromia,7.969162799999999,39.131521,ChIJN7eH9ELotBcRrWEgLrAf5vg,hospital|service|health|point_of_interest|establishment,,True
0113fde5-2ea6-4aeb-965d-64901480d8c0,Jinka Urban Hub,candidate,0.45,Jinka Museum(SORC),"QHVF+W5W, Jinka",Jinka,"Southern Nations, Nationalities and Peoples",5.7948676,36.5729553,ChIJA42eQKKppRcRLK53MXNsyIQ,history_museum|museum|point_of_interest|establishment,,False
0172040d-afdc-49d2-a38e-f7c51cb36544,Assosa Bamboo & Mango Farms,candidate,0.225,African Bamboo,"XPMP+879, Addis Ababa Light Rail - Green Line, አዲስ አበባ 1525",ንፋስ ስልክ ላፍቶ,አዲስ አበባ,8.9832951,38.7357331,ChIJSzm_9Z-GSxYRN5i8hd-i0Bw,manufacturer|point_of_interest|establishment,,False
0255ec62-2fd1-40be-ac57-209276df35e9,Massacre Memorial of Wondo Genet,candidate,0.45,Wondo Genet Hot water and recreation ወንዶ ገነት ፍል ውሃ እና መዝናኛ,"Unnamed Road, 3JJQ+G47, Wondo Genet",Wondo Genet,ሲዳማ ክልል,7.081275300000001,38.6378019,ChIJnxpXRaNTsRcR12XBrDS74lo,sports_activity_location|point_of_interest|establishment,,False
02c8223e-334d-47e5-b354-7fca28aada4f,Sheka Forest Biosphere Reserve,candidate,0.0,Suba Menagesha park,Baburoto,Baburoto,Oromia,8.9781523,38.5585415,ChIJJ4k33qd-TBYRWy9x7zQB5qo,national_park|park|point_of_interest|establishment,,False
032ca2c4-2e8c-4a0f-9b3e-0df565405328,Battlefield of Dogali Memorial Monument,no_match,,,,,,,,,,,False
037f40de-3fe9-4a23-9b9e-bf17b49de895,Bebeka Coffee Estate,candidate,0.9,Bebeka Coffee Estate Share Company,"Addis Ababa, Ethiopia",Nefassilk Lafto,Addis Ababa,8.934156,38.748854,ChIJJVNQ2E6DSxYRxsgWQychWhY,point_of_interest|establishment,,True
0383471e-05bb-422a-872c-430f3ecf90b0,Bob Marley Statue & Imperial Square,candidate,0.18,Meskel Square,Addis Ababa,Addis Ababa,Addis Ababa,9.0104744,38.761103999999996,ChIJi4zbFbmFSxYREvDa7YBzV9g,historical_landmark|historical_place|point_of_interest|establishment,,False
039c265c-7824-4623-8e6a-455de2877896,Grand Palace Hotel Meeting Rooms,candidate,0.54,The Grand Palace Hotel,"Guinea Conakry St, Addis Ababa 5710",Kirkos,Addis Ababa,9.011794,38.7690011,ChIJXVDrpcKFSxYRDLbU0l0ZMIQ,hotel|lodging|point_of_interest|establishment,,False
03fdc7fc-8467-46cf-a763-6e088fde3e14,Dembel City Center Ramp Outlets,candidate,0.3,Dembel City Center.,"2Q38+XQC, Africa Ave, Addis Ababa",Kirkos,Addis Ababa,9.0049456,38.7668785,ChIJwVvCObCFSxYR_mAB9qh3FpQ,shopping_mall|point_of_interest|establishment,,False
03fee98a-a4f1-406e-ac0b-2db9aa5a2915,Mizan Teferi Agro-Forestry Training Projects,candidate,0.0,EEFRI,"2RCF+HM2, Addis Ababa",Yeka,Addis Ababa,9.021385500000001,38.824126299999996,ChIJ8xOCcayaSxYRX6DwOKppHEY,research_institute|point_of_interest|establishment,,False
055d7202-aec8-4194-afdf-f775c86e4cd5,Harari Rural Farming Outskirts,candidate,0.45,Harari Rural and Agricultural Development Bureau,"843J+8RX, Harar",Jin'ala,Harar,9.3033561,42.1321167,ChIJSTODo5a9MRYRAy9oVmlOxoI,local_government_office|government_office|point_of_interest|establishment,,False
0601c42b-9a91-41fe-a460-4708f4d35127,Gura Dhamole Rural Belt,candidate,0.45,Gura dhamole,"JFRG+W6, Haro Dibe",Haro Dibe,Oromia,6.6423499999999995,40.4755469,ChIJWzfubQClyRcRdxS17Vt5pb0,general_store|food_store|point_of_interest|food|store|establishment,,False
0621462d-39b6-421d-93c2-36425fc9ba8c,Gotera & Sarbet Metropolitan Belts,candidate,0.225,Gotera,"Gotera-Kera, XQM3+7PP, አዲስ አበባ",ቂርቆስ ክፍለ ከተማ,አዲስ አበባ,8.9832242,38.7543241,ChIJef6j-WqFSxYRYGf7Mh56j_s,auto_parts_store|car_repair|store|service|point_of_interest|establishment,,False
06692b34-d8e7-4a29-bf58-74a899324989,Mekelle Relief & Rehabilitation Projects,candidate,0.225,Center for rehabilitation and Development(CRDO),Mekele 7000,Mekele,Tigray,13.4963255,39.4742677,ChIJhUBcgOP9ahYRnMyiIrdQb7k,non_profit_organization|association_or_organization|point_of_interest|establishment,,False
06929243-25f5-4b7f-818e-6770c4fd6500,Gofa Cultural Highlands,candidate,0.0,Gaamo,Gaamo,Gaamo,"Southern Nations, Nationalities and Peoples",6.3609074,37.125859299999995,ChIJFZ3132xZpRcRAR43-3DWi18,administrative_area_level_2|political,,False
06e8bf00-f0ca-4393-b9a2-c04eb25fb2bc,Grand Royal Hotel Conference Center,candidate,0.45,The Grand Palace Hotel,"Guinea Conakry St, Addis Ababa 5710",Kirkos,Addis Ababa,9.011794,38.7690011,ChIJXVDrpcKFSxYRDLbU0l0ZMIQ,hotel|lodging|point_of_interest|establishment,,False
0719dd1e-6986-49b7-b092-400e2548dfc5,Inter Luxury Hotel Conference Suites,candidate,0.54,Inter Luxury Hotel,"Kazanchis area, Guinea Conakry, Tito St, Addis Ababa",Kirkos,Addis Ababa,9.015415899999999,38.7697827,ChIJ62p5c5iFSxYRxnS-h4YUo90,hotel|lodging|point_of_interest|establishment,,False
07384a8f-5e47-43e5-af76-0ed738a4f7f6,Kenenisa Hotel & High-Altitude Sports Complex,candidate,0.36,Kenenisa Everett Hotel | ቀነኒሳ ኤቬሬት ሆቴል,"XQWQ+5C, Cameroon St, Addis Ababa",Bole,Addis Ababa,8.995239100000001,38.7885985,ChIJyexpsAKFSxYRuQ0f_AdqmjM,hotel|lodging|point_of_interest|establishment,,False
079c543b-0632-403a-a752-7f7b63cd0037,Awi Agew Honey Wine Houses,candidate,0.18,Qween honey,"XQMF+VHH, Addis Ababa",Bole,Addis Ababa,8.9847178,38.7741574,ChIJ4XDbdgCFSxYRnkyj6TwD67M,farm|point_of_interest|service|establishment,,False
07e3c3e0-9588-41e5-a2b6-5865142da6e2,Debre Marqos Cathedral,candidate,0.3,Debre libanos Orthodox Church,"PR6W+RX8, Bolo",Bolo,Oromia,9.712026,38.8474393,ChIJB7KvbrNHSRYRQh6_20TWDP0,tourist_attraction|place_of_worship|association_or_organization|point_of_interest|establishment,,False
098a3ef4-e0f9-4680-a0a3-531cd2363b7c,Sor River Canopy (Rainforest Avifauna),candidate,0.0,Suba Menagesha park,Baburoto,Baburoto,Oromia,8.9781523,38.5585415,ChIJJ4k33qd-TBYRWy9x7zQB5qo,national_park|park|point_of_interest|establishment,,False
09cf80ad-8f11-4213-860c-c391cac7c1e4,Guji Gold & Pastoralist Villages,candidate,0.225,Tulu Kapi Gold Mine,"4th Floor, Tirtira Building, Cape Verde Street, Bole Sub City, Woreda 03, አዲስ አበባ",ቦሌ ክፍለ ከተማ,አዲስ አበባ,8.9978871,38.7794897,ChIJf7qd3JaFSxYRtXIChBM0JVg,point_of_interest|establishment,,False
0a20e07d-73dd-4284-ae5b-b631cc2cc559,Halala Kella Lodge Retreat & Spa,candidate,0.54,Halala Kella Eco Lodge,WC4C+CXP,Dawro,"Southern Nations, Nationalities and Peoples",6.9060985,37.4224631,ChIJLVUWIvzbsRcR_K4n88uA4pI,hotel|lodging|point_of_interest|establishment,,False
0a56edc3-e173-4766-863d-d602923659eb,Abebe Bikila Stadium Accessible Seating Gate,candidate,0.45,Abebe Bikila Stadium,"2PVF+7M6, Addis Ababa 1000",Addis Ketema,Addis Ababa,9.0430245,38.724053999999995,ChIJCzibfqaISxYRXkkCvkGUW4w,stadium|sports_complex|sports_activity_location|event_venue|point_of_interest|establishment,,False
0a85ecd4-5c50-4860-b012-f6780d7ed2d3,Omo National Park (Big Game Safari),candidate,0.36,Omo National Park,Omo National Park,,"Southern Nations, Nationalities and Peoples",5.8310333,35.8279959,ChIJBZ2PzN5vphcRmI4vuHhp9ZQ,premise|street_address,,False
0b323a29-7996-4f3d-b524-51210f902bdd,Youth & Sports Academy Complex,candidate,0.6,FEEDEL YOUTH FOOTBALL ACADEMY,"22 opposite Gullagol tower 11 meda woreda 8, አዲስ አበባ 1000",አዲስ አበባ,አዲስ አበባ,9.0185832,38.7900373,ChIJV0vmRzObSxYRpbaiQCkw-9c,sports_complex|sports_activity_location|point_of_interest|establishment,,True
0bb81add-f212-4fa1-a84c-03ac54cb7b4e,Gura Dhamole Desert Night Sky Encampment,candidate,0.3,Gura dhamole,"JFRG+W6, Haro Dibe",Haro Dibe,Oromia,6.6423499999999995,40.4755469,ChIJWzfubQClyRcRdxS17Vt5pb0,general_store|food_store|store|food|point_of_interest|establishment,,False
0beb83f4-243e-4161-8657-8f7ce8b4d268,Babile Elephant Sanctuary Bush Trekking,candidate,0.54,Babile Elephant Sanctuary,6HX43795+XXXX,,,9.07,42.26,ChIJi40LKGyLLRYRkVi8y618HLA,zoo|point_of_interest|establishment,,False
0bfc7ee8-ddd1-4b35-baa9-543a2a227862,Loleha High-End Eco-Lodge,candidate,0.36,Eco Omo Lodge,"QHP4+3HW, Jinka",Jinka,"Southern Nations, Nationalities and Peoples",5.7852355,36.556452,ChIJkVW4vnqppRcRM1jEKCOgUD8,lodging|point_of_interest|establishment,,False
0c0a0214-76e4-480e-8291-7d97965501da,Tekeze Dam Lake Boating & Fishing Dock,candidate,0.15,Tekeze River,Tekeze River,,,14.2668459,36.2395345,ChIJp5VY2OvCZhYRJm6PBLGBeT4,river|natural_feature|establishment,,False
0cc86c22-d3a7-48d9-ac1a-1478f842b8ff,Dirre Sheikh Hussein Pilgrims Village,candidate,0.45,Shrine Of Sheikh Hussein,"PPW4+HQ3, Sheki Husen",Sheki Husen,Oromia,7.7463772,40.706935699999995,ChIJlZ65iqgeyxcRFOVl2u6waTA,mosque|place_of_worship|association_or_organization|point_of_interest|establishment,,False
0d1058d2-0ac5-4f62-904a-86b77a783a9f,Ethnological Museum,candidate,0.9,Ethnological Museum,"Algeria St, Addis amama",Gulele,Addis Ababa,9.0469448,38.7577717,ChIJyZPBOEePSxYRtNM8j7ynJCQ,tourist_attraction|museum|point_of_interest|establishment,,True
0d291d6c-0210-408b-87a8-fbc919f72dc5,Dembi Waterfall & Forest Sanctuary,candidate,0.225,The Donkey Sanctuary Ethiopia,"Airport Road, Addis Ababa",Bole,Addis Ababa,8.9917178,38.7827564,ChIJ4RSIt_6ESxYRXWO3nIb47-Q,association_or_organization|service|point_of_interest|establishment,,False
0db2f2ba-292b-4bfd-a534-f3bbcf855467,Tekeze River Canyon Trekking,candidate,0.45,Tekeze River,Tekeze River,,,14.2668459,36.2395345,ChIJp5VY2OvCZhYRJm6PBLGBeT4,river|natural_feature|establishment,,False
0deb4635-ec6e-41d1-95cf-f0b0d2389259,Haile Resort Hawassa Convention Center,candidate,0.6,Haile Resort - Hawassa,"A8, Awasa",Awasa,Sidama,7.0795884,38.479093899999995,ChIJPQo1oqlasRcR8aP7FamTFVI,resort_hotel|hotel|lodging|point_of_interest|establishment,,True
0e43bad9-7f39-4795-be9d-01fd987acf85,Awash National Park Arid Ecosystem Research Outpost,candidate,0.36,Awash National Park,"32M2+82J, Didiga",Didiga,,9.0833333,40.0,ChIJ8RzFVmN1ShYR-FJVWSXem64,park|tourist_attraction|point_of_interest|establishment,,False
0e4d4519-15ac-4164-95ff-67610eea618a,Bishoftu Pyramids Resort Meeting Facilities,candidate,0.273,Pyramid Hotels and Resorts,"A1, Bishoftu",Bishoftu,Oromia,8.7465809,38.9841207,ChIJt5gtdM1ySxYRYc7TgpGCnn0,resort_hotel|hotel|lodging|point_of_interest|establishment,,False
0e95b8df-daa1-4410-a730-189befba6f99,Arba Minch Crocodile Ranch Trail Running Loop,candidate,0.6,Arba Minch crocodile ranch,"2HHR+VP4, Arba Minch",Arba Minch,"Southern Nations, Nationalities and Peoples",6.029646199999999,37.5918419,ChIJAUA3jbujuhcR1jDnQO2FmVQ,tourist_attraction|point_of_interest|establishment,,True
0f2b4014-1411-4d39-9d1f-ab7c9840a894,Gojjam Teff Farming Cooperatives,candidate,0.0,Sidama Coffee Farmers Cooperative Union,"WQH6+78Q, Addis Ababa",Akaki Kality,Addis Ababa,8.928212199999999,38.760859499999995,ChIJRefp3nKDSxYRjRiB8jEMM5M,wholesaler|food|point_of_interest|establishment,,False
0f7c84bd-4645-4e2b-b0c8-c603b9a940b1,Entoto Mountain Zipline & Rope Course,candidate,0.18,Kuriftu Adventure Park Zipline,"3PHW+M3H, Addis Ababa",Gulele,Addis Ababa,9.078457799999999,38.744583299999995,ChIJx03Spm6PSxYRjGQ3Zcb8nck,adventure_sports_center|sports_complex|sports_activity_location|point_of_interest|establishment,,False
0fa2359e-59e0-4cb3-867c-b289e8e9a009,Silte Mixed Agro-Farms,candidate,0.0,Ethiopian Seed Enterprise,"Addis Ababa, Ethiopia",Yeka,Addis Ababa,9.0320428,38.8130443,ChIJixthmYaPSxYRgdsFai2xAe0,service|point_of_interest|establishment,,False
10428c4d-037c-4235-a04c-81eeedfcbb52,Jinka South Omo Health & Education Volunteer Base,candidate,0.469,South Omo Zone Health Department,"QHJC+7M3, Jinka",Jinka,"Southern Nations, Nationalities and Peoples",5.780638,36.5716722,ChIJA8KupiyppRcRELzp7tecrIE,government_office|point_of_interest|establishment,,False
1083c39b-85cc-457d-9a68-518fe138f7be,Addis Ababa Italian Occupation Fortifications,candidate,0.328,Yekatit 12 Monument ( የካቲት 12 መታሰብያ ሐውልት ),"2QV6+GFP, Addis Ababa",Gulele,Addis Ababa,9.043825199999999,38.761217099999996,ChIJH3uSkGiPSxYRqRRaUexQHC4,monument|tourist_attraction|point_of_interest|establishment,,False
10995a8c-f549-4261-9251-3c7e872b92b8,Argobba Heritage Villages,candidate,0.3,SOS Children's Villages in Ethiopia,"Namibia St, Addis Ababa",Bole,Addis Ababa,9.0012663,38.7829561,ChIJjWGemY6FSxYRcZx-J_k3rwc,non_profit_organization|association_or_organization|point_of_interest|establishment,,False
10c92854-678b-4c37-9275-8d10f798aa6d,Entoto Planetarium Complex,candidate,0.45,Entoto Observatory and Research Center,"oromia, Addis Ababa",Nefassilk Lafto,Addis Ababa,8.980603,38.757760999999995,ChIJ05YaoOWNSxYReCM19j0GoH8,research_institute|point_of_interest|establishment,,False
131993b4-a8b5-41cb-a8d1-5e2610dfd540,Bishoftu Lake Kilole Water Outpost,candidate,0.45,Lake Bishoftu Resort,"Kebele 04, ቢሾፍቱ",ቢሾፍቱ,ኦሮሚያ,8.7423545,38.9762766,ChIJYVxgadRzSxYRO0V9xY-ITY4,resort_hotel|hotel|lodging|point_of_interest|establishment,,False
133d233e-e6d0-4a8e-803a-7a7b8b5bde07,Metu Town Center,candidate,0.45,Metu,Metu,Metu,Oromia,8.2957398,35.5830043,ChIJv9bDvKBsqxcRuVc2dR52xAM,locality|political,,False
13e068c7-3d20-4a4e-b74b-3b403ab237a2,Abuna Yemata Guh Rock Climb,candidate,0.18,Abune Yemata,Megab,Megab,Tigray,13.9152875,39.3452969,ChIJVerKjHV2axYRcg-1IQXGeVM,church|place_of_worship|association_or_organization|point_of_interest|establishment,,False
14dcdb3b-f234-4f0e-9ddb-270c10ebcc13,Assab Road Historical Conflict Sites,no_match,,,,,,,,,,,False
14fcb4c1-abbd-41c3-b00f-cf1decb0777c,Lake Ziway Gelila Island Boat Trail,candidate,0.656,Gelila Camping Island,Ziway Lake,East Shewa,Oromia,7.9265107,38.7552253,ChIJr2O4ImObtBcR5id0HN3EH0Y,hiking_area|sports_activity_location|point_of_interest|establishment,,True
15d4cc48-4db3-4cbb-91c9-c60fa8b4dc57,Lewi Resort & Wellness Spa,candidate,0.3,ሌዊ ሪዞርት / Lewi Resort,Hawassa,Hawassa,Sidama,7.0495179,38.4585013,ChIJXYEeaAlFsRcR7ShAxQkCOVU,resort_hotel|hotel|event_venue|spa|lodging|restaurant|food|point_of_interest|service|establishment,,False
15f2bcde-0809-406f-8919-09b8f795e41a,Menz Mama Midir Wool Farming Hamlets,candidate,0.3,Mama Midir,Mama Midir,Mama Midir,Amhara,10.082794999999999,39.5016809,ChIJC9i5CO5PSBYRdlyfNzMrIxQ,locality|political,,False
16b17298-cf95-44da-b6a5-4c1bce95c425,Imperial Club Sports Facilities,candidate,0.3,Imperial Academy | Winget | ኢምፔሪያል አካዳሚ | ዊንጌት,"2PX6+FG3 Kolfe Keraniyo 13/14, Addis Ababa",Kolfe Keranio,Addis Ababa,9.0486434,38.7113078,ChIJzVYm4COJSxYR4akGFw0Ky7U,school|educational_institution|point_of_interest|establishment,,False
17182a01-db5e-4920-b6bb-5927b96a2ccb,Silte Halawa & Traditional Confectionery Outlets,candidate,0.0,Chilalo Food Complex,"X4RV+3VG, Asela",Asela,Oromia,7.990187499999999,39.1447031,ChIJAQAAAFzotBcRpo1WFAQK34k,manufacturer|food|point_of_interest|establishment,,False
17520cea-bed8-4aa0-b020-30e597001408,Lake Kuriftu Waterpark Boating Marina,candidate,0.18,Kuriftu Water Park,Bishoftu,Bishoftu,Oromia,8.7817245,39.0029434,ChIJd5bQbqANSxYRHB-rfwN5WxQ,water_park|amusement_park|point_of_interest|establishment,,False
1776863c-a67a-47a1-a39b-1ff5f28972a2,Yaya Africa Athletics Village,candidate,0.9,Yaya Africa Athletics Village,"Weserbi Street, Gergis area A3, Sululta",Sululta,ኦሮሚያ,9.103813599999999,38.7109595,ChIJ9yP_kjfzSxYRR8vBIkZE8BI,resort_hotel|hotel|lodging|point_of_interest|establishment,,True
1780d35c-2488-4b5e-b3ae-042a32f6c0b7,Filwoha Thermal Mineral Baths,candidate,0.0,Filwuha Agelglot /SPA Service Enterprise,Addis Ababa,Addis Ababa,Addis Ababa,9.0181504,38.7579196,ChIJJzV5MpWFSxYRRjFawkLdEkM,cafe|sauna|public_bath|massage_spa|massage|spa|hotel|lodging|health|restaurant|food|point_of_interest|service|establishment,,False
17cdd081-8692-4079-ad33-6a5c3db45ad7,Dil Chora Hospital,candidate,0.3,Dilchora Hospital wifi pasword,"HVP5+WJG, Dire Dawa",Kezira,Dire Dawa,9.5877523,41.8594253,ChIJS4kehJUBMRYRe_Un2rpjzB8,consultant|hospital|health|point_of_interest|service|establishment,,False
18d1a00d-e89d-4c2a-81e3-727d2f2c2196,Kafa Biosphere Waterfall & Wild Coffee Forests,candidate,0.3,Kafa Biosphere Reserve,"9394+XHH, Bonga",Bonga,"Southern Nations, Nationalities and Peoples",7.369928100000001,36.0564877,ChIJqQ-W1XG9rhcR5wFvvKsKcUM,nature_preserve|tourist_attraction|park|point_of_interest|establishment,,False
1911def4-e997-465b-a0a3-6d9d84380461,Dima River Canyon Adventure Trail,candidate,0.0,TOUR ETHIOPIA,"woreda 05, Addis Ababa 1000",Lideta,Addis Ababa,9.0063465,38.7315822,ChIJd10qAd-HSxYRWW8sjdT8K30,tour_agency|tourist_attraction|tourist_information_center|transportation_service|travel_agency|service|point_of_interest|establishment,,False
1a1c5e1b-dafa-4c16-b381-623fbaa66752,Beynuna Village Community,candidate,0.0,BEYNOUNA VILLAGE ECO RESORT BY ETHIOPIAN SKYLIGHT,VVV4+V2G,East Shewa,Oromia,8.894689,39.8550927,ChIJqSyTAg17ShYRnkcLqFrHYCQ,hotel|lodging|point_of_interest|establishment,,False
1a5b3dff-4d10-4581-8c58-b2c5f9aec1f4,Mount Kundudo Feral Horse Sanctuary,candidate,0.36,Kundudo feral horses,"992X+G39 Jarso and Gursum, districts",districts,Oromia,9.351289999999999,42.397732,ChIJ31NDrlzbMRYRLsQeCwFmVJQ,park|point_of_interest|establishment,,False
1cf5758b-28cb-430a-b66a-8d238d4d8bb5,Awash Thermal Hot Springs,candidate,0.225,Kuriftu Resort & Spa Awash Falls,"awash park, Awash",Awash,አፋር,8.8430524,40.0122975,ChIJn4dFov6TNRYR7GkTJOTAk8o,resort_hotel|hotel|lodging|point_of_interest|establishment,,False
1d914cd7-3a4f-4b25-ac05-35aae3470100,Menz Highland Sheep Meat Roasting Centers,candidate,0.0,Sami wendimamchoch butchery(ሳሚ ወንድማማቾች),"XQRH+JJ9, Addis Ababa",Bole,Addis Ababa,8.991547599999999,38.779115100000006,ChIJC0oXYgCFSxYRij_LJpZlpW8,butcher_shop|food_store|point_of_interest|food|manufacturer|service|store|establishment,,False
1e396328-3fdf-40f1-b7dd-41362f74ef63,Sodo Town Mount Damota Public Hike,candidate,0.0,Hiking to Damot mountain,"VQFF+CWF, Soddo",Soddo,"Southern Nations, Nationalities and Peoples",6.8735623,37.7747904,ChIJpRwSz0G7sRcR4nwGnZQy8NU,hiking_area|sports_activity_location|point_of_interest|establishment,,False
1e9cbc26-1c66-4df8-a395-3ce61bb60b65,Combolcha Central Park,candidate,0.0,Riverside Park,"2Q68+7P8, Jomo Kenyatta St, Addis Ababa",Kirkos,Addis Ababa,9.0107509,38.7670331,ChIJDTVyFACFSxYRZHpBUL-1zJU,park|point_of_interest|establishment,,False
1ed00cb8-cefc-4d4f-be7b-e45568710d02,Gedeo Sacred Cultural Landscapes,no_match,,,,,,,,,,,False
1ed24426-c2c9-4515-8ff8-f7200e264835,Tekle Haymanot Cave Shrine,candidate,0.0,Abune TekleHaymanot Church,"XPP8+4R9, Addis Ababa",Nefassilk Lafto,Addis Ababa,8.9852932,38.7170977,ChIJm0C44L-GSxYR3slzJzC-BW0,church|place_of_worship|association_or_organization|point_of_interest|establishment,,False
1ee1842e-065b-46cc-972f-8d9d45d54b92,Maze National Park (Swaynes Hartebeest & Lions),candidate,0.36,Maze National park,South Ethiopia Region,West Hararge,Oromia,9.145000000000001,40.489672999999996,ChIJ49McDQDRNRYRE5kYX70BFIU,park|point_of_interest|establishment,,False
1f3e6ebe-2be1-4614-82f1-e2f837b3d3d7,Guzara Royal Castle Ruins,candidate,0.45,Guzara Castle ጉዛራ ቤተ መንግስት,"6JMP+Q27, Emfraz",Emfraz,Amhara,12.2344061,37.6350403,ChIJ2aEPz3ZDQxYRMERve1O3kSs,castle|historical_place|point_of_interest|establishment,,False
1f69a209-ecd9-4cd9-9188-57c315e4f2be,Abuna Aregawi Shrine,candidate,0.3,Lamberet Abune Aregawi Church | ላምበረት አቡነ አረጋዊ ቤተክርስቲያን,"2RG6+9VH Lamberet, Addis Ababa",Yeka,Addis Ababa,9.0259467,38.812221699999995,ChIJW5-r76mFSxYRrEk2Zsr6nfc,church|place_of_worship|association_or_organization|point_of_interest|establishment,,False
1fafd623-6c4d-41bb-a79b-8b5bd35127d9,Abebech Gobena Mothers & Children Hospital,candidate,0.54,Abebech Gobena MCH Hospital,"2VHR+85X, Addis Ababa",Bole,Addis Ababa,9.0215981,38.8898994,ChIJbcuR09aRSxYR3sKvU41cjlE,hospital|health|point_of_interest|service|establishment,,False
1ff14e7b-bfb6-444f-9af4-b1073a2631d3,Awi Agew Rural Homesteads,no_match,,,,,,,,,,,False
200f2932-52b1-430f-87fa-ef56ba6bee1d,Lake Ziway Bird Sanctuary (Pelicans & Fish Eagles),candidate,0.257,Ziway Lake,Ziway Lake,,Oromia,8.0073084,38.8414602,ChIJf7yRT26XtBcRoDxGiSi2aew,lake|natural_feature|establishment,,False
2022c34b-b7e3-4236-81e3-d04af7a3d038,Gumuz Tribal Communities,candidate,0.3,Benishangul-Gumuz,Benishangul-Gumuz,,Benishangul-Gumuz,10.7802889,35.5657862,ChIJ3eG2bPvjVhYRlKD4EoZwQ6g,administrative_area_level_1|political,,False
207de875-a9dc-412b-8054-964c5edc08b7,Bale Harenna Cloud Forest Moss & Fern Canopy,candidate,0.129,Bale Mountains National Park,"VPPM+8PG, Rira",Rira,,6.8858193,39.734338,ChIJFzr6JsI4thcR7BzEfxBOjjk,national_park|tourist_attraction|park|point_of_interest|establishment,,False
20833650-32b4-4b1e-8aab-7d9b3fb8e27c,Mekelle Tigray Stadium,candidate,0.6,Tigray Stadium,"FFW4+CRM, Mekele",Mekele,Tigray,13.4960787,39.4570393,ChIJM-H_O239ahYRB5NgJgaqVrM,stadium|sports_complex|event_venue|sports_activity_location|point_of_interest|establishment,,True
21432d95-30dd-40e4-9388-ee6133851758,Planet Hotel Conference Center,candidate,0.6,ሆቴል ፕላኔት መቐለ / Planet Hotel Meqelle,"FFW6+H99, Mekele",Mekele,Tigray,13.4964142,39.460983299999995,ChIJtY71VWv9ahYRhAzU5oMGLM4,hotel|lodging|point_of_interest|establishment,,True
21d9b8a0-7f58-4f22-96b8-78e242ae990c,Arsi Highlands Cattle & Grain Farms,no_match,,,,,,,,,,,False
220cc188-0798-45da-a7d9-80c1885886e2,Jamia Grand Mosque of Harar,candidate,0.615,Grand Jami Mosque,"10 Amir Uga St, Harar",Jegol,Harar,9.3109748,42.138774399999996,ChIJb--uOMe9MRYRV2ICw2-_qUc,mosque|place_of_worship|association_or_organization|point_of_interest|establishment,,True
2272a61f-9359-4e0c-a986-2026a826d363,Blue Nile Gorge Ferry Crossing Points,candidate,0.3,Blue Nile River Bridge አባይ ድልድይ,"35GR+8JM, Dejen",Dejen,Oromia,10.0758359,38.191536299999996,ChIJTV36jwTjThYRMC6fBn8tgXw,bridge|transportation_service|point_of_interest|establishment,,False
26cfc331-c3b9-4089-a0ed-b629bbd081d6,Omo River Whitewater Expedition,candidate,0.45,Omo River Tours,Jinka 1077,Jinka,"Southern Nations, Nationalities and Peoples",5.780162499999999,36.5746609,ChIJFacr9hWrpRcRKgFdNH8IjNw,tour_agency|travel_agency|point_of_interest|service|establishment,,False
28b06163-a019-4ec8-806d-dc45aba5595f,Mount Fentale Crater Trek,candidate,0.45,Mount Fentale,Fentale,Fentale,Oromia,8.9811614,39.9273374,ChIJ3woLlft1ShYRmfK8CghaFKY,tourist_attraction|point_of_interest|establishment,,False
2c71cbff-592a-4424-9657-eade98bf9987,Arba Minch Paradise Lodge Main Grounds,candidate,0.72,paradise Lodge Arba Minch,Arba Minch,Arba Minch,"Southern Nations, Nationalities and Peoples",6.009771799999999,37.5553594,ChIJxbPtF3-8uhcRd6fc861jnes,lodging|point_of_interest|establishment,,True
2cdc89c9-ccae-4a4a-a328-41dcfe7efd2e,Bate Historic Military Garrison Ruins,candidate,0.0,ቤተ መንግስቲ ንግስቲ ሳባ | Dungur Palace (Queen of Sheba Palace),"4PG4+PHQ, 3, Aksum",Aksum,Tigray,14.1268302,38.706479699999996,ChIJk37BosT8axYRyov5W4puRf0,historical_landmark|tourist_attraction|historical_place|point_of_interest|establishment,,False
2ceb15dd-7be7-413f-9582-0f9d00bf115b,Planet Hotel Flat Grounds,candidate,0.6,ሆቴል ፕላኔት መቐለ / Planet Hotel Meqelle,"FFW6+H99, Mekele",Mekele,Tigray,13.4964142,39.460983299999995,ChIJtY71VWv9ahYRhAzU5oMGLM4,hotel|lodging|point_of_interest|establishment,,True
2dd76ae5-d856-4946-83ab-85a9bd32a9d3,Bishoftu Hora Resort Boating & Sports Grounds,candidate,0.45,Bishoftu hora,"Unnamed Road, Bishoftu",Bishoftu,Oromia,8.765806699999999,38.9956822,ChIJCelnErYNSxYR21Bv9Yk3lFA,sports_activity_location|point_of_interest|establishment,,False
2de90c71-ca60-4d2b-be4b-22ab54f37a93,Baro River Steamship/Boat Route,no_match,,,,,,,,,,,False
2e8a6a51-a57c-43f3-8cd8-49f38b7bb164,Harar New Town (Kazanchis / Stadium District),candidate,0.328,Stadium,"846C+G2M, Harar",Harar,Harar,9.311347399999999,42.1200324,ChIJOfoRbQC9MRYRFDmzO0T6_dk,stadium|sports_complex|sports_activity_location|event_venue|point_of_interest|establishment,,False
3096f7ab-0a87-42fa-ba55-98282bb96595,Metekel Sesame & Oilseed Farms,no_match,,,,,,,,,,,False
31b2466f-8630-4b81-8717-2af3da7822c3,Hadiya Traditional Cultural Centers,no_match,,,,,,,,,,,False
31fb5ee6-550b-44b9-a935-eb136e4db8ab,Tut Fela Megalithic Burial Stelae Site,candidate,0.18,Tutu Fela Steles Site,"7794+9PG, Dila",Dila,"Southern Nations, Nationalities and Peoples",6.2684485,38.256816,ChIJIwNQu_CXsBcRw3-FdZzv8ao,historical_landmark|historical_place|point_of_interest|establishment,,False
3286a788-e2b1-4bec-a5ea-c32b752fe610,Awash National Park Gorge & Plains,candidate,0.45,Awash National Park,"32M2+82J, Didiga",Didiga,,9.0833333,40.0,ChIJ8RzFVmN1ShYR-FJVWSXem64,park|tourist_attraction|point_of_interest|establishment,,False
32ee3318-b222-4de7-b1e2-ff8a62cd2dfa,Borena Saynt National Park,candidate,0.3,Borena Sayint WorehimenoNational Park,"VQ6R+CXQ, Galemot",Galemot,Amhara,10.8610872,38.7924887,ChIJO7QifD4NRhYR0ujrgcUrEu4,national_park|park|point_of_interest|establishment,,False
3307136d-33b9-46d1-a85d-329b832ef1fa,Entoto Park Mountain Biking & Trail Running Tracks,candidate,0.18,የእንጦጦ ፓርክ ቁስቋም መግብያ | Entoto Park Kuskuam Entrance,"3QJ4+7H5 Addis Ababa 20673/1000 Addis Ababa, አዲስ አበባ 1000",ጉለሌ,አዲስ አበባ,9.0806875,38.7564375,ChIJ3_u349mPSxYRfejr4ddt8-k,park|point_of_interest|establishment,,False
3337e9f7-776d-43c5-8f15-ea2a1ad159cd,Gona Hominid & Stone Tool Site,no_match,,,,,,,,,,,False
3393d169-bb0a-4fca-9812-109036f62ad4,Wonchi-Dendi Endurance Trekking Route,candidate,0.18,Wanchi-Dendi Eco Tourism Village ወንጪ-ደንዲ ኢኮ ቱሪዝም መንደር,"XW5J+6RH Wanci, Ambo",Ambo,Oromia,8.9580605,37.9321008,ChIJWZohSAABTRYRefQErzAh2Qs,tour_agency|travel_agency|point_of_interest|service|establishment,,False
353a512f-270c-49f3-8a0b-a72199f59027,Wonji Shoa Sugar Cane Plantation & Factory,candidate,0.6,Wonji Shoa Sugar Factory,"446 Adama or 133, Addis Ababa",Addis Ababa,ኦሮሚያ,8.376791599999999,39.3093979,ChIJF5e_JD0oSxYRNWHH0XpawIw,point_of_interest|manufacturer|establishment,,True
357cf054-8b96-4b60-90fd-26a6517404a0,Gura Ferda Agro-Settlements,candidate,0.0,Addis Ababa University | Natural Sciences Campus,"NBH1, 4killo King George VI St, Addis Ababa",Arada,Addis Ababa,9.033506299999999,38.7636817,ChIJA6jE5ImFSxYRJPQnueMk57o,university|educational_institution|point_of_interest|establishment,,False
35f47335-8797-403c-84b7-4d773d3255ae,Gonderine Oilseed & Pulse Farms,no_match,,,,,,,,,,,False
3672280d-719b-4f45-a075-330c2a8e2814,Halala Kella Resort Accessible Viewpoints,candidate,0.45,Halala Kella Eco Lodge,WC4C+CXP,Dawro,"Southern Nations, Nationalities and Peoples",6.9060985,37.4224631,ChIJLVUWIvzbsRcR_K4n88uA4pI,hotel|lodging|point_of_interest|establishment,,False
37a12e87-515b-44fa-a6a8-d7989b4017e4,Asham Africa Level Promenade,error,,,,,,,,,,"HTTP 429: {
  ""error"": {
    ""code"": 429,
    ""message"": ""Quota exceeded for quota metric 'SearchTextRequest' and limit 'SearchTextRequest per day' of service 'places.googleapis.com' for consumer 'project_number:37282676545'."",
    ""status"": ""RESOURCE_EXHAUSTED"",
    ""details"": [
      {
        ""@type"": ""type.googleapis.com/google.rpc.ErrorInfo"",
        ""reason"": ""RATE_LIMIT_EXCEEDED"",
        ""domain"": ""googleapis.com"",
        ""metadata"": {
          ""quota_location"": ""global"",
          ""quota_limit_value"": ""100"",
          ""service"": ""places.googleapis.com"",
          ""quota_unit"": ""1/d/{project}"",
          ""consumer"": ""projects/37282676545"",
          ""quota_limit"": ""SearchTextRequestPerDayPerProject"",
          ""quota_metric"": ""places.googleapis.com/SearchTextRequest""
        }
      },
      {
        ""@type"": ""type.googleapis.com/google.rpc.Help"",
        ""links"": [
          {
            ""description"": ""Request a higher quota limit."",
            ""url"": ""https://cloud.google.com/doc",False
37babb65-974f-4586-a52c-06cc4ffd339d,Ari Highland Farming Villages,no_match,,,,,,,,,,,False
3950d41d-cf77-437e-ace5-3f6d1a7491a3,Kafa Coffee Forest Conservation Volunteer Stations,error,,,,,,,,,,"HTTP 429: {
  ""error"": {
    ""code"": 429,
    ""message"": ""Quota exceeded for quota metric 'SearchTextRequest' and limit 'SearchTextRequest per day' of service 'places.googleapis.com' for consumer 'project_number:37282676545'."",
    ""status"": ""RESOURCE_EXHAUSTED"",
    ""details"": [
      {
        ""@type"": ""type.googleapis.com/google.rpc.ErrorInfo"",
        ""reason"": ""RATE_LIMIT_EXCEEDED"",
        ""domain"": ""googleapis.com"",
        ""metadata"": {
          ""consumer"": ""projects/37282676545"",
          ""quota_metric"": ""places.googleapis.com/SearchTextRequest"",
          ""quota_limit_value"": ""100"",
          ""quota_location"": ""global"",
          ""quota_limit"": ""SearchTextRequestPerDayPerProject"",
          ""quota_unit"": ""1/d/{project}"",
          ""service"": ""places.googleapis.com""
        }
      },
      {
        ""@type"": ""type.googleapis.com/google.rpc.Help"",
        ""links"": [
          {
            ""description"": ""Request a higher quota limit."",
            ""url"": ""https://cloud.google.com/doc",False
39afddda-e645-44b2-86b1-e2e9ab09e2c9,Mekelle Physiotherapy & Rehabilitation Center,error,,,,,,,,,,"HTTP 429: {
  ""error"": {
    ""code"": 429,
    ""message"": ""Quota exceeded for quota metric 'SearchTextRequest' and limit 'SearchTextRequest per day' of service 'places.googleapis.com' for consumer 'project_number:37282676545'."",
    ""status"": ""RESOURCE_EXHAUSTED"",
    ""details"": [
      {
        ""@type"": ""type.googleapis.com/google.rpc.ErrorInfo"",
        ""reason"": ""RATE_LIMIT_EXCEEDED"",
        ""domain"": ""googleapis.com"",
        ""metadata"": {
          ""quota_location"": ""global"",
          ""quota_limit_value"": ""100"",
          ""service"": ""places.googleapis.com"",
          ""quota_unit"": ""1/d/{project}"",
          ""consumer"": ""projects/37282676545"",
          ""quota_limit"": ""SearchTextRequestPerDayPerProject"",
          ""quota_metric"": ""places.googleapis.com/SearchTextRequest""
        }
      },
      {
        ""@type"": ""type.googleapis.com/google.rpc.Help"",
        ""links"": [
          {
            ""description"": ""Request a higher quota limit."",
            ""url"": ""https://cloud.google.com/doc",False
3a215d89-fea3-4dbe-955f-0f36787befa8,Tulu Lafto Eco-Forest,error,,,,,,,,,,"HTTP 429: {
  ""error"": {
    ""code"": 429,
    ""message"": ""Quota exceeded for quota metric 'SearchTextRequest' and limit 'SearchTextRequest per day' of service 'places.googleapis.com' for consumer 'project_number:37282676545'."",
    ""status"": ""RESOURCE_EXHAUSTED"",
    ""details"": [
      {
        ""@type"": ""type.googleapis.com/google.rpc.ErrorInfo"",
        ""reason"": ""RATE_LIMIT_EXCEEDED"",
        ""domain"": ""googleapis.com"",
        ""metadata"": {
          ""consumer"": ""projects/37282676545"",
          ""quota_metric"": ""places.googleapis.com/SearchTextRequest"",
          ""quota_limit_value"": ""100"",
          ""quota_location"": ""global"",
          ""quota_limit"": ""SearchTextRequestPerDayPerProject"",
          ""quota_unit"": ""1/d/{project}"",
          ""service"": ""places.googleapis.com""
        }
      },
      {
        ""@type"": ""type.googleapis.com/google.rpc.Help"",
        ""links"": [
          {
            ""description"": ""Request a higher quota limit."",
            ""url"": ""https://cloud.google.com/doc",False
3abb2bc8-cd5e-4567-8459-71ea7cba5b36,Mount Entoto Viewpoint,candidate,0.0,جبل انطوطو,"4Q3H+52, Tulu Lench'a",Tulu Lench'a,Oromia,9.102981,38.777501699999995,ChIJpSYHvqiPSxYROn7UV3_3In8,tourist_attraction|point_of_interest|establishment,,False
3be3419a-6f26-4fe8-a36f-234e728ea785,Megenagna Transit & Commercial Hub,error,,,,,,,,,,"HTTP 429: {
  ""error"": {
    ""code"": 429,
    ""message"": ""Quota exceeded for quota metric 'SearchTextRequest' and limit 'SearchTextRequest per day' of service 'places.googleapis.com' for consumer 'project_number:37282676545'."",
    ""status"": ""RESOURCE_EXHAUSTED"",
    ""details"": [
      {
        ""@type"": ""type.googleapis.com/google.rpc.ErrorInfo"",
        ""reason"": ""RATE_LIMIT_EXCEEDED"",
        ""domain"": ""googleapis.com"",
        ""metadata"": {
          ""consumer"": ""projects/37282676545"",
          ""quota_metric"": ""places.googleapis.com/SearchTextRequest"",
          ""quota_limit_value"": ""100"",
          ""quota_location"": ""global"",
          ""quota_limit"": ""SearchTextRequestPerDayPerProject"",
          ""quota_unit"": ""1/d/{project}"",
          ""service"": ""places.googleapis.com""
        }
      },
      {
        ""@type"": ""type.googleapis.com/google.rpc.Help"",
        ""links"": [
          {
            ""description"": ""Request a higher quota limit."",
            ""url"": ""https://cloud.google.com/doc",False
3bf44e2f-bffc-4e61-96af-1b6c31f2963c,Berta Music & Horn Cultural Villages,error,,,,,,,,,,"HTTP 429: {
  ""error"": {
    ""code"": 429,
    ""message"": ""Quota exceeded for quota metric 'SearchTextRequest' and limit 'SearchTextRequest per day' of service 'places.googleapis.com' for consumer 'project_number:37282676545'."",
    ""status"": ""RESOURCE_EXHAUSTED"",
    ""details"": [
      {
        ""@type"": ""type.googleapis.com/google.rpc.ErrorInfo"",
        ""reason"": ""RATE_LIMIT_EXCEEDED"",
        ""domain"": ""googleapis.com"",
        ""metadata"": {
          ""quota_unit"": ""1/d/{project}"",
          ""service"": ""places.googleapis.com"",
          ""quota_limit"": ""SearchTextRequestPerDayPerProject"",
          ""quota_location"": ""global"",
          ""quota_limit_value"": ""100"",
          ""consumer"": ""projects/37282676545"",
          ""quota_metric"": ""places.googleapis.com/SearchTextRequest""
        }
      },
      {
        ""@type"": ""type.googleapis.com/google.rpc.Help"",
        ""links"": [
          {
            ""description"": ""Request a higher quota limit."",
            ""url"": ""https://cloud.google.com/doc",False
3d634d41-af7e-40c2-8ed2-4a56559fc7a2,Dikika Hominid Site,error,,,,,,,,,,"HTTP 429: {
  ""error"": {
    ""code"": 429,
    ""message"": ""Quota exceeded for quota metric 'SearchTextRequest' and limit 'SearchTextRequest per day' of service 'places.googleapis.com' for consumer 'project_number:37282676545'."",
    ""status"": ""RESOURCE_EXHAUSTED"",
    ""details"": [
      {
        ""@type"": ""type.googleapis.com/google.rpc.ErrorInfo"",
        ""reason"": ""RATE_LIMIT_EXCEEDED"",
        ""domain"": ""googleapis.com"",
        ""metadata"": {
          ""quota_unit"": ""1/d/{project}"",
          ""quota_metric"": ""places.googleapis.com/SearchTextRequest"",
          ""quota_limit"": ""SearchTextRequestPerDayPerProject"",
          ""consumer"": ""projects/37282676545"",
          ""quota_location"": ""global"",
          ""service"": ""places.googleapis.com"",
          ""quota_limit_value"": ""100""
        }
      },
      {
        ""@type"": ""type.googleapis.com/google.rpc.Help"",
        ""links"": [
          {
            ""description"": ""Request a higher quota limit."",
            ""url"": ""https://cloud.google.com/doc",False
3f3b8afc-11fc-47e2-b1cf-3cab71138da8,Lake Koka Wetlands (Migratory Waterbirds),error,,,,,,,,,,"HTTP 429: {
  ""error"": {
    ""code"": 429,
    ""message"": ""Quota exceeded for quota metric 'SearchTextRequest' and limit 'SearchTextRequest per day' of service 'places.googleapis.com' for consumer 'project_number:37282676545'."",
    ""status"": ""RESOURCE_EXHAUSTED"",
    ""details"": [
      {
        ""@type"": ""type.googleapis.com/google.rpc.ErrorInfo"",
        ""reason"": ""RATE_LIMIT_EXCEEDED"",
        ""domain"": ""googleapis.com"",
        ""metadata"": {
          ""quota_limit_value"": ""100"",
          ""quota_location"": ""global"",
          ""consumer"": ""projects/37282676545"",
          ""quota_metric"": ""places.googleapis.com/SearchTextRequest"",
          ""quota_limit"": ""SearchTextRequestPerDayPerProject"",
          ""quota_unit"": ""1/d/{project}"",
          ""service"": ""places.googleapis.com""
        }
      },
      {
        ""@type"": ""type.googleapis.com/google.rpc.Help"",
        ""links"": [
          {
            ""description"": ""Request a higher quota limit."",
            ""url"": ""https://cloud.google.com/doc",False
3f48658f-cee9-4fc1-be39-695f3040da45,Lake Hora Eco-Park,error,,,,,,,,,,"HTTP 429: {
  ""error"": {
    ""code"": 429,
    ""message"": ""Quota exceeded for quota metric 'SearchTextRequest' and limit 'SearchTextRequest per day' of service 'places.googleapis.com' for consumer 'project_number:37282676545'."",
    ""status"": ""RESOURCE_EXHAUSTED"",
    ""details"": [
      {
        ""@type"": ""type.googleapis.com/google.rpc.ErrorInfo"",
        ""reason"": ""RATE_LIMIT_EXCEEDED"",
        ""domain"": ""googleapis.com"",
        ""metadata"": {
          ""quota_metric"": ""places.googleapis.com/SearchTextRequest"",
          ""quota_limit"": ""SearchTextRequestPerDayPerProject"",
          ""quota_limit_value"": ""100"",
          ""service"": ""places.googleapis.com"",
          ""quota_location"": ""global"",
          ""consumer"": ""projects/37282676545"",
          ""quota_unit"": ""1/d/{project}""
        }
      },
      {
        ""@type"": ""type.googleapis.com/google.rpc.Help"",
        ""links"": [
          {
            ""description"": ""Request a higher quota limit."",
            ""url"": ""https://cloud.google.com/doc",False
3f866e65-8b6c-4b3d-be32-0b419e440ff1,Zoological Natural History Museum,error,,,,,,,,,,"HTTP 429: {
  ""error"": {
    ""code"": 429,
    ""message"": ""Quota exceeded for quota metric 'SearchTextRequest' and limit 'SearchTextRequest per day' of service 'places.googleapis.com' for consumer 'project_number:37282676545'."",
    ""status"": ""RESOURCE_EXHAUSTED"",
    ""details"": [
      {
        ""@type"": ""type.googleapis.com/google.rpc.ErrorInfo"",
        ""reason"": ""RATE_LIMIT_EXCEEDED"",
        ""domain"": ""googleapis.com"",
        ""metadata"": {
          ""quota_metric"": ""places.googleapis.com/SearchTextRequest"",
          ""quota_limit_value"": ""100"",
          ""quota_unit"": ""1/d/{project}"",
          ""consumer"": ""projects/37282676545"",
          ""quota_limit"": ""SearchTextRequestPerDayPerProject"",
          ""service"": ""places.googleapis.com"",
          ""quota_location"": ""global""
        }
      },
      {
        ""@type"": ""type.googleapis.com/google.rpc.Help"",
        ""links"": [
          {
            ""description"": ""Request a higher quota limit."",
            ""url"": ""https://cloud.google.com/doc",False
430ea818-4176-4cc7-a307-47b499882d5a,Shiro Meda Traditional Clothes Market,error,,,,,,,,,,"HTTP 429: {
  ""error"": {
    ""code"": 429,
    ""message"": ""Quota exceeded for quota metric 'SearchTextRequest' and limit 'SearchTextRequest per day' of service 'places.googleapis.com' for consumer 'project_number:37282676545'."",
    ""status"": ""RESOURCE_EXHAUSTED"",
    ""details"": [
      {
        ""@type"": ""type.googleapis.com/google.rpc.ErrorInfo"",
        ""reason"": ""RATE_LIMIT_EXCEEDED"",
        ""domain"": ""googleapis.com"",
        ""metadata"": {
          ""quota_metric"": ""places.googleapis.com/SearchTextRequest"",
          ""quota_limit_value"": ""100"",
          ""quota_unit"": ""1/d/{project}"",
          ""consumer"": ""projects/37282676545"",
          ""quota_limit"": ""SearchTextRequestPerDayPerProject"",
          ""service"": ""places.googleapis.com"",
          ""quota_location"": ""global""
        }
      },
      {
        ""@type"": ""type.googleapis.com/google.rpc.Help"",
        ""links"": [
          {
            ""description"": ""Request a higher quota limit."",
            ""url"": ""https://cloud.google.com/doc",False
43700e13-9720-4983-9e6b-a1ce20eb9bfc,International Cardiovascular Hospital,error,,,,,,,,,,"HTTP 429: {
  ""error"": {
    ""code"": 429,
    ""message"": ""Quota exceeded for quota metric 'SearchTextRequest' and limit 'SearchTextRequest per day' of service 'places.googleapis.com' for consumer 'project_number:37282676545'."",
    ""status"": ""RESOURCE_EXHAUSTED"",
    ""details"": [
      {
        ""@type"": ""type.googleapis.com/google.rpc.ErrorInfo"",
        ""reason"": ""RATE_LIMIT_EXCEEDED"",
        ""domain"": ""googleapis.com"",
        ""metadata"": {
          ""quota_metric"": ""places.googleapis.com/SearchTextRequest"",
          ""quota_limit_value"": ""100"",
          ""quota_unit"": ""1/d/{project}"",
          ""consumer"": ""projects/37282676545"",
          ""quota_limit"": ""SearchTextRequestPerDayPerProject"",
          ""service"": ""places.googleapis.com"",
          ""quota_location"": ""global""
        }
      },
      {
        ""@type"": ""type.googleapis.com/google.rpc.Help"",
        ""links"": [
          {
            ""description"": ""Request a higher quota limit."",
            ""url"": ""https://cloud.google.com/doc",False
43ab2358-38d7-4156-b8d1-f0749fec4dbe,Sagan River Valley Cultural Nexus,error,,,,,,,,,,"HTTP 429: {
  ""error"": {
    ""code"": 429,
    ""message"": ""Quota exceeded for quota metric 'SearchTextRequest' and limit 'SearchTextRequest per day' of service 'places.googleapis.com' for consumer 'project_number:37282676545'."",
    ""status"": ""RESOURCE_EXHAUSTED"",
    ""details"": [
      {
        ""@type"": ""type.googleapis.com/google.rpc.ErrorInfo"",
        ""reason"": ""RATE_LIMIT_EXCEEDED"",
        ""domain"": ""googleapis.com"",
        ""metadata"": {
          ""quota_unit"": ""1/d/{project}"",
          ""service"": ""places.googleapis.com"",
          ""quota_limit"": ""SearchTextRequestPerDayPerProject"",
          ""quota_location"": ""global"",
          ""quota_limit_value"": ""100"",
          ""consumer"": ""projects/37282676545"",
          ""quota_metric"": ""places.googleapis.com/SearchTextRequest""
        }
      },
      {
        ""@type"": ""type.googleapis.com/google.rpc.Help"",
        ""links"": [
          {
            ""description"": ""Request a higher quota limit."",
            ""url"": ""https://cloud.google.com/doc",False
44a8af1f-80b0-4a23-90db-f5272c52c1af,Adwa Victory Memorial Educational Wings,error,,,,,,,,,,"HTTP 429: {
  ""error"": {
    ""code"": 429,
    ""message"": ""Quota exceeded for quota metric 'SearchTextRequest' and limit 'SearchTextRequest per day' of service 'places.googleapis.com' for consumer 'project_number:37282676545'."",
    ""status"": ""RESOURCE_EXHAUSTED"",
    ""details"": [
      {
        ""@type"": ""type.googleapis.com/google.rpc.ErrorInfo"",
        ""reason"": ""RATE_LIMIT_EXCEEDED"",
        ""domain"": ""googleapis.com"",
        ""metadata"": {
          ""quota_metric"": ""places.googleapis.com/SearchTextRequest"",
          ""quota_limit_value"": ""100"",
          ""quota_unit"": ""1/d/{project}"",
          ""consumer"": ""projects/37282676545"",
          ""quota_limit"": ""SearchTextRequestPerDayPerProject"",
          ""service"": ""places.googleapis.com"",
          ""quota_location"": ""global""
        }
      },
      {
        ""@type"": ""type.googleapis.com/google.rpc.Help"",
        ""links"": [
          {
            ""description"": ""Request a higher quota limit."",
            ""url"": ""https://cloud.google.com/doc",False
45ccffd6-2de8-46d3-a9d0-b7e0b44398da,Lake Chew Bahir Salt Flats Dark-Sky Plain,error,,,,,,,,,,"HTTP 429: {
  ""error"": {
    ""code"": 429,
    ""message"": ""Quota exceeded for quota metric 'SearchTextRequest' and limit 'SearchTextRequest per day' of service 'places.googleapis.com' for consumer 'project_number:37282676545'."",
    ""status"": ""RESOURCE_EXHAUSTED"",
    ""details"": [
      {
        ""@type"": ""type.googleapis.com/google.rpc.ErrorInfo"",
        ""reason"": ""RATE_LIMIT_EXCEEDED"",
        ""domain"": ""googleapis.com"",
        ""metadata"": {
          ""service"": ""places.googleapis.com"",
          ""quota_metric"": ""places.googleapis.com/SearchTextRequest"",
          ""quota_limit"": ""SearchTextRequestPerDayPerProject"",
          ""quota_limit_value"": ""100"",
          ""consumer"": ""projects/37282676545"",
          ""quota_unit"": ""1/d/{project}"",
          ""quota_location"": ""global""
        }
      },
      {
        ""@type"": ""type.googleapis.com/google.rpc.Help"",
        ""links"": [
          {
            ""description"": ""Request a higher quota limit."",
            ""url"": ""https://cloud.google.com/doc",False
46e80005-808f-4339-b70a-f57de8e593c9,Langano African Vacation Club Spa,error,,,,,,,,,,"HTTP 429: {
  ""error"": {
    ""code"": 429,
    ""message"": ""Quota exceeded for quota metric 'SearchTextRequest' and limit 'SearchTextRequest per day' of service 'places.googleapis.com' for consumer 'project_number:37282676545'."",
    ""status"": ""RESOURCE_EXHAUSTED"",
    ""details"": [
      {
        ""@type"": ""type.googleapis.com/google.rpc.ErrorInfo"",
        ""reason"": ""RATE_LIMIT_EXCEEDED"",
        ""domain"": ""googleapis.com"",
        ""metadata"": {
          ""quota_location"": ""global"",
          ""quota_unit"": ""1/d/{project}"",
          ""service"": ""places.googleapis.com"",
          ""quota_metric"": ""places.googleapis.com/SearchTextRequest"",
          ""quota_limit_value"": ""100"",
          ""quota_limit"": ""SearchTextRequestPerDayPerProject"",
          ""consumer"": ""projects/37282676545""
        }
      },
      {
        ""@type"": ""type.googleapis.com/google.rpc.Help"",
        ""links"": [
          {
            ""description"": ""Request a higher quota limit."",
            ""url"": ""https://cloud.google.com/doc",False
46f3711b-bf97-4783-a645-73d6fbd8b7de,Awash National Park Community Eco-Projects,error,,,,,,,,,,"HTTP 429: {
  ""error"": {
    ""code"": 429,
    ""message"": ""Quota exceeded for quota metric 'SearchTextRequest' and limit 'SearchTextRequest per day' of service 'places.googleapis.com' for consumer 'project_number:37282676545'."",
    ""status"": ""RESOURCE_EXHAUSTED"",
    ""details"": [
      {
        ""@type"": ""type.googleapis.com/google.rpc.ErrorInfo"",
        ""reason"": ""RATE_LIMIT_EXCEEDED"",
        ""domain"": ""googleapis.com"",
        ""metadata"": {
          ""quota_limit_value"": ""100"",
          ""quota_location"": ""global"",
          ""consumer"": ""projects/37282676545"",
          ""quota_metric"": ""places.googleapis.com/SearchTextRequest"",
          ""quota_limit"": ""SearchTextRequestPerDayPerProject"",
          ""quota_unit"": ""1/d/{project}"",
          ""service"": ""places.googleapis.com""
        }
      },
      {
        ""@type"": ""type.googleapis.com/google.rpc.Help"",
        ""links"": [
          {
            ""description"": ""Request a higher quota limit."",
            ""url"": ""https://cloud.google.com/doc",False
47a09f66-86ef-4853-9aee-e651001356d4,Planet Hotel Executive Suites,error,,,,,,,,,,"HTTP 429: {
  ""error"": {
    ""code"": 429,
    ""message"": ""Quota exceeded for quota metric 'SearchTextRequest' and limit 'SearchTextRequest per day' of service 'places.googleapis.com' for consumer 'project_number:37282676545'."",
    ""status"": ""RESOURCE_EXHAUSTED"",
    ""details"": [
      {
        ""@type"": ""type.googleapis.com/google.rpc.ErrorInfo"",
        ""reason"": ""RATE_LIMIT_EXCEEDED"",
        ""domain"": ""googleapis.com"",
        ""metadata"": {
          ""quota_unit"": ""1/d/{project}"",
          ""quota_location"": ""global"",
          ""quota_limit_value"": ""100"",
          ""quota_limit"": ""SearchTextRequestPerDayPerProject"",
          ""quota_metric"": ""places.googleapis.com/SearchTextRequest"",
          ""consumer"": ""projects/37282676545"",
          ""service"": ""places.googleapis.com""
        }
      },
      {
        ""@type"": ""type.googleapis.com/google.rpc.Help"",
        ""links"": [
          {
            ""description"": ""Request a higher quota limit."",
            ""url"": ""https://cloud.google.com/doc",False
47b0950a-dd1d-4a47-aad3-b274f128c1af,Nyala Sports Club Grounds,error,,,,,,,,,,"HTTP 429: {
  ""error"": {
    ""code"": 429,
    ""message"": ""Quota exceeded for quota metric 'SearchTextRequest' and limit 'SearchTextRequest per day' of service 'places.googleapis.com' for consumer 'project_number:37282676545'."",
    ""status"": ""RESOURCE_EXHAUSTED"",
    ""details"": [
      {
        ""@type"": ""type.googleapis.com/google.rpc.ErrorInfo"",
        ""reason"": ""RATE_LIMIT_EXCEEDED"",
        ""domain"": ""googleapis.com"",
        ""metadata"": {
          ""quota_location"": ""global"",
          ""quota_unit"": ""1/d/{project}"",
          ""service"": ""places.googleapis.com"",
          ""quota_metric"": ""places.googleapis.com/SearchTextRequest"",
          ""quota_limit_value"": ""100"",
          ""quota_limit"": ""SearchTextRequestPerDayPerProject"",
          ""consumer"": ""projects/37282676545""
        }
      },
      {
        ""@type"": ""type.googleapis.com/google.rpc.Help"",
        ""links"": [
          {
            ""description"": ""Request a higher quota limit."",
            ""url"": ""https://cloud.google.com/doc",False
4874523d-bc8a-4678-a3df-70bdfce3adda,Alkeso Sacred Mosque Complex,error,,,,,,,,,,"HTTP 429: {
  ""error"": {
    ""code"": 429,
    ""message"": ""Quota exceeded for quota metric 'SearchTextRequest' and limit 'SearchTextRequest per day' of service 'places.googleapis.com' for consumer 'project_number:37282676545'."",
    ""status"": ""RESOURCE_EXHAUSTED"",
    ""details"": [
      {
        ""@type"": ""type.googleapis.com/google.rpc.ErrorInfo"",
        ""reason"": ""RATE_LIMIT_EXCEEDED"",
        ""domain"": ""googleapis.com"",
        ""metadata"": {
          ""quota_unit"": ""1/d/{project}"",
          ""quota_location"": ""global"",
          ""quota_limit_value"": ""100"",
          ""quota_limit"": ""SearchTextRequestPerDayPerProject"",
          ""quota_metric"": ""places.googleapis.com/SearchTextRequest"",
          ""consumer"": ""projects/37282676545"",
          ""service"": ""places.googleapis.com""
        }
      },
      {
        ""@type"": ""type.googleapis.com/google.rpc.Help"",
        ""links"": [
          {
            ""description"": ""Request a higher quota limit."",
            ""url"": ""https://cloud.google.com/doc",False
489c201a-ff25-4eea-9b27-0df71437394b,Gedeo Coffee & Honey Tasting Centers,error,,,,,,,,,,"HTTP 429: {
  ""error"": {
    ""code"": 429,
    ""message"": ""Quota exceeded for quota metric 'SearchTextRequest' and limit 'SearchTextRequest per day' of service 'places.googleapis.com' for consumer 'project_number:37282676545'."",
    ""status"": ""RESOURCE_EXHAUSTED"",
    ""details"": [
      {
        ""@type"": ""type.googleapis.com/google.rpc.ErrorInfo"",
        ""reason"": ""RATE_LIMIT_EXCEEDED"",
        ""domain"": ""googleapis.com"",
        ""metadata"": {
          ""quota_location"": ""global"",
          ""quota_unit"": ""1/d/{project}"",
          ""service"": ""places.googleapis.com"",
          ""quota_metric"": ""places.googleapis.com/SearchTextRequest"",
          ""quota_limit_value"": ""100"",
          ""quota_limit"": ""SearchTextRequestPerDayPerProject"",
          ""consumer"": ""projects/37282676545""
        }
      },
      {
        ""@type"": ""type.googleapis.com/google.rpc.Help"",
        ""links"": [
          {
            ""description"": ""Request a higher quota limit."",
            ""url"": ""https://cloud.google.com/doc",False
48dba260-8847-4357-a1d2-b853875fa23a,Haile Resort Lake View Villas,error,,,,,,,,,,"HTTP 429: {
  ""error"": {
    ""code"": 429,
    ""message"": ""Quota exceeded for quota metric 'SearchTextRequest' and limit 'SearchTextRequest per day' of service 'places.googleapis.com' for consumer 'project_number:37282676545'."",
    ""status"": ""RESOURCE_EXHAUSTED"",
    ""details"": [
      {
        ""@type"": ""type.googleapis.com/google.rpc.ErrorInfo"",
        ""reason"": ""RATE_LIMIT_EXCEEDED"",
        ""domain"": ""googleapis.com"",
        ""metadata"": {
          ""quota_unit"": ""1/d/{project}"",
          ""quota_location"": ""global"",
          ""quota_limit_value"": ""100"",
          ""quota_limit"": ""SearchTextRequestPerDayPerProject"",
          ""quota_metric"": ""places.googleapis.com/SearchTextRequest"",
          ""consumer"": ""projects/37282676545"",
          ""service"": ""places.googleapis.com""
        }
      },
      {
        ""@type"": ""type.googleapis.com/google.rpc.Help"",
        ""links"": [
          {
            ""description"": ""Request a higher quota limit."",
            ""url"": ""https://cloud.google.com/doc",False
4955807c-67c6-4cda-aa64-e9f28261921e,Emperor Tewodros II Suicide Site at Magdala Fortress,error,,,,,,,,,,"HTTP 429: {
  ""error"": {
    ""code"": 429,
    ""message"": ""Quota exceeded for quota metric 'SearchTextRequest' and limit 'SearchTextRequest per day' of service 'places.googleapis.com' for consumer 'project_number:37282676545'."",
    ""status"": ""RESOURCE_EXHAUSTED"",
    ""details"": [
      {
        ""@type"": ""type.googleapis.com/google.rpc.ErrorInfo"",
        ""reason"": ""RATE_LIMIT_EXCEEDED"",
        ""domain"": ""googleapis.com"",
        ""metadata"": {
          ""quota_location"": ""global"",
          ""quota_limit"": ""SearchTextRequestPerDayPerProject"",
          ""service"": ""places.googleapis.com"",
          ""consumer"": ""projects/37282676545"",
          ""quota_unit"": ""1/d/{project}"",
          ""quota_limit_value"": ""100"",
          ""quota_metric"": ""places.googleapis.com/SearchTextRequest""
        }
      },
      {
        ""@type"": ""type.googleapis.com/google.rpc.Help"",
        ""links"": [
          {
            ""description"": ""Request a higher quota limit."",
            ""url"": ""https://cloud.google.com/doc",False
49b32550-7e9e-4315-afcc-22c2d46e7319,Mount Gurage Trekking Circuit,error,,,,,,,,,,"HTTP 429: {
  ""error"": {
    ""code"": 429,
    ""message"": ""Quota exceeded for quota metric 'SearchTextRequest' and limit 'SearchTextRequest per day' of service 'places.googleapis.com' for consumer 'project_number:37282676545'."",
    ""status"": ""RESOURCE_EXHAUSTED"",
    ""details"": [
      {
        ""@type"": ""type.googleapis.com/google.rpc.ErrorInfo"",
        ""reason"": ""RATE_LIMIT_EXCEEDED"",
        ""domain"": ""googleapis.com"",
        ""metadata"": {
          ""quota_unit"": ""1/d/{project}"",
          ""consumer"": ""projects/37282676545"",
          ""quota_location"": ""global"",
          ""quota_limit_value"": ""100"",
          ""quota_metric"": ""places.googleapis.com/SearchTextRequest"",
          ""service"": ""places.googleapis.com"",
          ""quota_limit"": ""SearchTextRequestPerDayPerProject""
        }
      },
      {
        ""@type"": ""type.googleapis.com/google.rpc.Help"",
        ""links"": [
          {
            ""description"": ""Request a higher quota limit."",
            ""url"": ""https://cloud.google.com/doc",False
49c80e26-f7f6-4f1d-b254-cad1a2bc3655,Dera Denboli Crater Hike,error,,,,,,,,,,"HTTP 429: {
  ""error"": {
    ""code"": 429,
    ""message"": ""Quota exceeded for quota metric 'SearchTextRequest' and limit 'SearchTextRequest per day' of service 'places.googleapis.com' for consumer 'project_number:37282676545'."",
    ""status"": ""RESOURCE_EXHAUSTED"",
    ""details"": [
      {
        ""@type"": ""type.googleapis.com/google.rpc.ErrorInfo"",
        ""reason"": ""RATE_LIMIT_EXCEEDED"",
        ""domain"": ""googleapis.com"",
        ""metadata"": {
          ""quota_limit_value"": ""100"",
          ""service"": ""places.googleapis.com"",
          ""quota_location"": ""global"",
          ""consumer"": ""projects/37282676545"",
          ""quota_unit"": ""1/d/{project}"",
          ""quota_metric"": ""places.googleapis.com/SearchTextRequest"",
          ""quota_limit"": ""SearchTextRequestPerDayPerProject""
        }
      },
      {
        ""@type"": ""type.googleapis.com/google.rpc.Help"",
        ""links"": [
          {
            ""description"": ""Request a higher quota limit."",
            ""url"": ""https://cloud.google.com/doc",False
4b1a2b03-b04c-4bb7-ab2c-6419329638f7,Addis Ketema Raw Meat (Kirt/Gored Gored) Outlets,error,,,,,,,,,,"HTTP 429: {
  ""error"": {
    ""code"": 429,
    ""message"": ""Quota exceeded for quota metric 'SearchTextRequest' and limit 'SearchTextRequest per day' of service 'places.googleapis.com' for consumer 'project_number:37282676545'."",
    ""status"": ""RESOURCE_EXHAUSTED"",
    ""details"": [
      {
        ""@type"": ""type.googleapis.com/google.rpc.ErrorInfo"",
        ""reason"": ""RATE_LIMIT_EXCEEDED"",
        ""domain"": ""googleapis.com"",
        ""metadata"": {
          ""quota_unit"": ""1/d/{project}"",
          ""consumer"": ""projects/37282676545"",
          ""quota_location"": ""global"",
          ""quota_limit_value"": ""100"",
          ""service"": ""places.googleapis.com"",
          ""quota_metric"": ""places.googleapis.com/SearchTextRequest"",
          ""quota_limit"": ""SearchTextRequestPerDayPerProject""
        }
      },
      {
        ""@type"": ""type.googleapis.com/google.rpc.Help"",
        ""links"": [
          {
            ""description"": ""Request a higher quota limit."",
            ""url"": ""https://cloud.google.com/doc",False
4e00ed19-fb66-4c84-9268-281d54ec1406,Lake Hayq Log Cabin Boat Dock,error,,,,,,,,,,"HTTP 429: {
  ""error"": {
    ""code"": 429,
    ""message"": ""Quota exceeded for quota metric 'SearchTextRequest' and limit 'SearchTextRequest per day' of service 'places.googleapis.com' for consumer 'project_number:37282676545'."",
    ""status"": ""RESOURCE_EXHAUSTED"",
    ""details"": [
      {
        ""@type"": ""type.googleapis.com/google.rpc.ErrorInfo"",
        ""reason"": ""RATE_LIMIT_EXCEEDED"",
        ""domain"": ""googleapis.com"",
        ""metadata"": {
          ""quota_limit"": ""SearchTextRequestPerDayPerProject"",
          ""quota_unit"": ""1/d/{project}"",
          ""quota_location"": ""global"",
          ""quota_limit_value"": ""100"",
          ""service"": ""places.googleapis.com"",
          ""quota_metric"": ""places.googleapis.com/SearchTextRequest"",
          ""consumer"": ""projects/37282676545""
        }
      },
      {
        ""@type"": ""type.googleapis.com/google.rpc.Help"",
        ""links"": [
          {
            ""description"": ""Request a higher quota limit."",
            ""url"": ""https://cloud.google.com/doc",False
4f0debde-c9f8-447c-bd73-3354543ac950,Gullele Botanical Garden & Research Center,error,,,,,,,,,,"HTTP 429: {
  ""error"": {
    ""code"": 429,
    ""message"": ""Quota exceeded for quota metric 'SearchTextRequest' and limit 'SearchTextRequest per day' of service 'places.googleapis.com' for consumer 'project_number:37282676545'."",
    ""status"": ""RESOURCE_EXHAUSTED"",
    ""details"": [
      {
        ""@type"": ""type.googleapis.com/google.rpc.ErrorInfo"",
        ""reason"": ""RATE_LIMIT_EXCEEDED"",
        ""domain"": ""googleapis.com"",
        ""metadata"": {
          ""quota_limit"": ""SearchTextRequestPerDayPerProject"",
          ""quota_unit"": ""1/d/{project}"",
          ""quota_location"": ""global"",
          ""quota_limit_value"": ""100"",
          ""service"": ""places.googleapis.com"",
          ""quota_metric"": ""places.googleapis.com/SearchTextRequest"",
          ""consumer"": ""projects/37282676545""
        }
      },
      {
        ""@type"": ""type.googleapis.com/google.rpc.Help"",
        ""links"": [
          {
            ""description"": ""Request a higher quota limit."",
            ""url"": ""https://cloud.google.com/doc",False
4f1c8cc1-62b0-44b0-bd8c-6503ed6d7a21,Dega Estifanos Boat Route,error,,,,,,,,,,"HTTP 429: {
  ""error"": {
    ""code"": 429,
    ""message"": ""Quota exceeded for quota metric 'SearchTextRequest' and limit 'SearchTextRequest per day' of service 'places.googleapis.com' for consumer 'project_number:37282676545'."",
    ""status"": ""RESOURCE_EXHAUSTED"",
    ""details"": [
      {
        ""@type"": ""type.googleapis.com/google.rpc.ErrorInfo"",
        ""reason"": ""RATE_LIMIT_EXCEEDED"",
        ""domain"": ""googleapis.com"",
        ""metadata"": {
          ""quota_unit"": ""1/d/{project}"",
          ""consumer"": ""projects/37282676545"",
          ""quota_location"": ""global"",
          ""quota_limit_value"": ""100"",
          ""service"": ""places.googleapis.com"",
          ""quota_metric"": ""places.googleapis.com/SearchTextRequest"",
          ""quota_limit"": ""SearchTextRequestPerDayPerProject""
        }
      },
      {
        ""@type"": ""type.googleapis.com/google.rpc.Help"",
        ""links"": [
          {
            ""description"": ""Request a higher quota limit."",
            ""url"": ""https://cloud.google.com/doc",False
4ff4d3bb-8e6a-494c-be44-5c63eafb4869,Saint George Cathedral Museum Wing,error,,,,,,,,,,"HTTP 429: {
  ""error"": {
    ""code"": 429,
    ""message"": ""Quota exceeded for quota metric 'SearchTextRequest' and limit 'SearchTextRequest per day' of service 'places.googleapis.com' for consumer 'project_number:37282676545'."",
    ""status"": ""RESOURCE_EXHAUSTED"",
    ""details"": [
      {
        ""@type"": ""type.googleapis.com/google.rpc.ErrorInfo"",
        ""reason"": ""RATE_LIMIT_EXCEEDED"",
        ""domain"": ""googleapis.com"",
        ""metadata"": {
          ""quota_unit"": ""1/d/{project}"",
          ""consumer"": ""projects/37282676545"",
          ""quota_location"": ""global"",
          ""quota_limit_value"": ""100"",
          ""quota_metric"": ""places.googleapis.com/SearchTextRequest"",
          ""service"": ""places.googleapis.com"",
          ""quota_limit"": ""SearchTextRequestPerDayPerProject""
        }
      },
      {
        ""@type"": ""type.googleapis.com/google.rpc.Help"",
        ""links"": [
          {
            ""description"": ""Request a higher quota limit."",
            ""url"": ""https://cloud.google.com/doc",False
508b35ff-c7c5-42c2-8add-7ca23943c516,Dunkur Palace (Queen Sheba Palace Ruins - Axum),error,,,,,,,,,,"HTTP 429: {
  ""error"": {
    ""code"": 429,
    ""message"": ""Quota exceeded for quota metric 'SearchTextRequest' and limit 'SearchTextRequest per day' of service 'places.googleapis.com' for consumer 'project_number:37282676545'."",
    ""status"": ""RESOURCE_EXHAUSTED"",
    ""details"": [
      {
        ""@type"": ""type.googleapis.com/google.rpc.ErrorInfo"",
        ""reason"": ""RATE_LIMIT_EXCEEDED"",
        ""domain"": ""googleapis.com"",
        ""metadata"": {
          ""consumer"": ""projects/37282676545"",
          ""quota_limit"": ""SearchTextRequestPerDayPerProject"",
          ""quota_unit"": ""1/d/{project}"",
          ""quota_limit_value"": ""100"",
          ""service"": ""places.googleapis.com"",
          ""quota_metric"": ""places.googleapis.com/SearchTextRequest"",
          ""quota_location"": ""global""
        }
      },
      {
        ""@type"": ""type.googleapis.com/google.rpc.Help"",
        ""links"": [
          {
            ""description"": ""Request a higher quota limit."",
            ""url"": ""https://cloud.google.com/doc",False
50ec4e15-a707-45aa-81c8-cc3ef3910027,St. Pauls Hospital Millennium Medical College,error,,,,,,,,,,"HTTP 429: {
  ""error"": {
    ""code"": 429,
    ""message"": ""Quota exceeded for quota metric 'SearchTextRequest' and limit 'SearchTextRequest per day' of service 'places.googleapis.com' for consumer 'project_number:37282676545'."",
    ""status"": ""RESOURCE_EXHAUSTED"",
    ""details"": [
      {
        ""@type"": ""type.googleapis.com/google.rpc.ErrorInfo"",
        ""reason"": ""RATE_LIMIT_EXCEEDED"",
        ""domain"": ""googleapis.com"",
        ""metadata"": {
          ""quota_unit"": ""1/d/{project}"",
          ""quota_location"": ""global"",
          ""consumer"": ""projects/37282676545"",
          ""quota_limit"": ""SearchTextRequestPerDayPerProject"",
          ""service"": ""places.googleapis.com"",
          ""quota_limit_value"": ""100"",
          ""quota_metric"": ""places.googleapis.com/SearchTextRequest""
        }
      },
      {
        ""@type"": ""type.googleapis.com/google.rpc.Help"",
        ""links"": [
          {
            ""description"": ""Request a higher quota limit."",
            ""url"": ""https://cloud.google.com/doc",False
51071284-8440-4876-a880-f5b6ab994788,Lake Ardibo Boat Tour Points,error,,,,,,,,,,"HTTP 429: {
  ""error"": {
    ""code"": 429,
    ""message"": ""Quota exceeded for quota metric 'SearchTextRequest' and limit 'SearchTextRequest per day' of service 'places.googleapis.com' for consumer 'project_number:37282676545'."",
    ""status"": ""RESOURCE_EXHAUSTED"",
    ""details"": [
      {
        ""@type"": ""type.googleapis.com/google.rpc.ErrorInfo"",
        ""reason"": ""RATE_LIMIT_EXCEEDED"",
        ""domain"": ""googleapis.com"",
        ""metadata"": {
          ""quota_unit"": ""1/d/{project}"",
          ""quota_location"": ""global"",
          ""consumer"": ""projects/37282676545"",
          ""quota_limit"": ""SearchTextRequestPerDayPerProject"",
          ""service"": ""places.googleapis.com"",
          ""quota_limit_value"": ""100"",
          ""quota_metric"": ""places.googleapis.com/SearchTextRequest""
        }
      },
      {
        ""@type"": ""type.googleapis.com/google.rpc.Help"",
        ""links"": [
          {
            ""description"": ""Request a higher quota limit."",
            ""url"": ""https://cloud.google.com/doc",False
51c2c3e9-5372-43ed-bc2f-17a4bbb78ceb,Awash River Canyon Rafting,error,,,,,,,,,,"HTTP 429: {
  ""error"": {
    ""code"": 429,
    ""message"": ""Quota exceeded for quota metric 'SearchTextRequest' and limit 'SearchTextRequest per day' of service 'places.googleapis.com' for consumer 'project_number:37282676545'."",
    ""status"": ""RESOURCE_EXHAUSTED"",
    ""details"": [
      {
        ""@type"": ""type.googleapis.com/google.rpc.ErrorInfo"",
        ""reason"": ""RATE_LIMIT_EXCEEDED"",
        ""domain"": ""googleapis.com"",
        ""metadata"": {
          ""quota_unit"": ""1/d/{project}"",
          ""consumer"": ""projects/37282676545"",
          ""quota_location"": ""global"",
          ""quota_limit_value"": ""100"",
          ""service"": ""places.googleapis.com"",
          ""quota_metric"": ""places.googleapis.com/SearchTextRequest"",
          ""quota_limit"": ""SearchTextRequestPerDayPerProject""
        }
      },
      {
        ""@type"": ""type.googleapis.com/google.rpc.Help"",
        ""links"": [
          {
            ""description"": ""Request a higher quota limit."",
            ""url"": ""https://cloud.google.com/doc",False
52b26f43-475d-4d78-a552-facb4e03fabe,Sor Waterfall Deep Rainforest Surge,error,,,,,,,,,,"HTTP 429: {
  ""error"": {
    ""code"": 429,
    ""message"": ""Quota exceeded for quota metric 'SearchTextRequest' and limit 'SearchTextRequest per day' of service 'places.googleapis.com' for consumer 'project_number:37282676545'."",
    ""status"": ""RESOURCE_EXHAUSTED"",
    ""details"": [
      {
        ""@type"": ""type.googleapis.com/google.rpc.ErrorInfo"",
        ""reason"": ""RATE_LIMIT_EXCEEDED"",
        ""domain"": ""googleapis.com"",
        ""metadata"": {
          ""consumer"": ""projects/37282676545"",
          ""quota_metric"": ""places.googleapis.com/SearchTextRequest"",
          ""quota_unit"": ""1/d/{project}"",
          ""quota_limit"": ""SearchTextRequestPerDayPerProject"",
          ""service"": ""places.googleapis.com"",
          ""quota_location"": ""global"",
          ""quota_limit_value"": ""100""
        }
      },
      {
        ""@type"": ""type.googleapis.com/google.rpc.Help"",
        ""links"": [
          {
            ""description"": ""Request a higher quota limit."",
            ""url"": ""https://cloud.google.com/doc",False
5379dcb1-0f39-45e7-bccb-7d4727f09d13,Azwamariam Monastery,error,,,,,,,,,,"HTTP 429: {
  ""error"": {
    ""code"": 429,
    ""message"": ""Quota exceeded for quota metric 'SearchTextRequest' and limit 'SearchTextRequest per day' of service 'places.googleapis.com' for consumer 'project_number:37282676545'."",
    ""status"": ""RESOURCE_EXHAUSTED"",
    ""details"": [
      {
        ""@type"": ""type.googleapis.com/google.rpc.ErrorInfo"",
        ""reason"": ""RATE_LIMIT_EXCEEDED"",
        ""domain"": ""googleapis.com"",
        ""metadata"": {
          ""quota_limit"": ""SearchTextRequestPerDayPerProject"",
          ""quota_unit"": ""1/d/{project}"",
          ""quota_metric"": ""places.googleapis.com/SearchTextRequest"",
          ""quota_limit_value"": ""100"",
          ""service"": ""places.googleapis.com"",
          ""consumer"": ""projects/37282676545"",
          ""quota_location"": ""global""
        }
      },
      {
        ""@type"": ""type.googleapis.com/google.rpc.Help"",
        ""links"": [
          {
            ""description"": ""Request a higher quota limit."",
            ""url"": ""https://cloud.google.com/doc",False
53e13fe6-dfd5-4af9-ba94-2903d804bc65,Lake Ziway Island Hopping Kayak Trail,error,,,,,,,,,,"HTTP 429: {
  ""error"": {
    ""code"": 429,
    ""message"": ""Quota exceeded for quota metric 'SearchTextRequest' and limit 'SearchTextRequest per day' of service 'places.googleapis.com' for consumer 'project_number:37282676545'."",
    ""status"": ""RESOURCE_EXHAUSTED"",
    ""details"": [
      {
        ""@type"": ""type.googleapis.com/google.rpc.ErrorInfo"",
        ""reason"": ""RATE_LIMIT_EXCEEDED"",
        ""domain"": ""googleapis.com"",
        ""metadata"": {
          ""quota_metric"": ""places.googleapis.com/SearchTextRequest"",
          ""quota_location"": ""global"",
          ""quota_limit_value"": ""100"",
          ""consumer"": ""projects/37282676545"",
          ""service"": ""places.googleapis.com"",
          ""quota_limit"": ""SearchTextRequestPerDayPerProject"",
          ""quota_unit"": ""1/d/{project}""
        }
      },
      {
        ""@type"": ""type.googleapis.com/google.rpc.Help"",
        ""links"": [
          {
            ""description"": ""Request a higher quota limit."",
            ""url"": ""https://cloud.google.com/doc",False
551642cd-83d7-4a04-882e-552d4eb0fd80,Akaki Athletics Training Complex,error,,,,,,,,,,"HTTP 429: {
  ""error"": {
    ""code"": 429,
    ""message"": ""Quota exceeded for quota metric 'SearchTextRequest' and limit 'SearchTextRequest per day' of service 'places.googleapis.com' for consumer 'project_number:37282676545'."",
    ""status"": ""RESOURCE_EXHAUSTED"",
    ""details"": [
      {
        ""@type"": ""type.googleapis.com/google.rpc.ErrorInfo"",
        ""reason"": ""RATE_LIMIT_EXCEEDED"",
        ""domain"": ""googleapis.com"",
        ""metadata"": {
          ""quota_metric"": ""places.googleapis.com/SearchTextRequest"",
          ""quota_location"": ""global"",
          ""quota_limit_value"": ""100"",
          ""consumer"": ""projects/37282676545"",
          ""service"": ""places.googleapis.com"",
          ""quota_limit"": ""SearchTextRequestPerDayPerProject"",
          ""quota_unit"": ""1/d/{project}""
        }
      },
      {
        ""@type"": ""type.googleapis.com/google.rpc.Help"",
        ""links"": [
          {
            ""description"": ""Request a higher quota limit."",
            ""url"": ""https://cloud.google.com/doc",False
55614d2f-89f1-4c71-b3b0-625ea64c59be,Borena Meat Roasting (Kikil) Outlets,error,,,,,,,,,,"HTTP 429: {
  ""error"": {
    ""code"": 429,
    ""message"": ""Quota exceeded for quota metric 'SearchTextRequest' and limit 'SearchTextRequest per day' of service 'places.googleapis.com' for consumer 'project_number:37282676545'."",
    ""status"": ""RESOURCE_EXHAUSTED"",
    ""details"": [
      {
        ""@type"": ""type.googleapis.com/google.rpc.ErrorInfo"",
        ""reason"": ""RATE_LIMIT_EXCEEDED"",
        ""domain"": ""googleapis.com"",
        ""metadata"": {
          ""quota_metric"": ""places.googleapis.com/SearchTextRequest"",
          ""quota_location"": ""global"",
          ""quota_limit_value"": ""100"",
          ""consumer"": ""projects/37282676545"",
          ""service"": ""places.googleapis.com"",
          ""quota_limit"": ""SearchTextRequestPerDayPerProject"",
          ""quota_unit"": ""1/d/{project}""
        }
      },
      {
        ""@type"": ""type.googleapis.com/google.rpc.Help"",
        ""links"": [
          {
            ""description"": ""Request a higher quota limit."",
            ""url"": ""https://cloud.google.com/doc",False
55cde165-1a79-46e8-b8bd-2a72e3f479cc,Lake Chew Bahir Off-Roading,error,,,,,,,,,,"HTTP 429: {
  ""error"": {
    ""code"": 429,
    ""message"": ""Quota exceeded for quota metric 'SearchTextRequest' and limit 'SearchTextRequest per day' of service 'places.googleapis.com' for consumer 'project_number:37282676545'."",
    ""status"": ""RESOURCE_EXHAUSTED"",
    ""details"": [
      {
        ""@type"": ""type.googleapis.com/google.rpc.ErrorInfo"",
        ""reason"": ""RATE_LIMIT_EXCEEDED"",
        ""domain"": ""googleapis.com"",
        ""metadata"": {
          ""quota_metric"": ""places.googleapis.com/SearchTextRequest"",
          ""quota_limit"": ""SearchTextRequestPerDayPerProject"",
          ""quota_limit_value"": ""100"",
          ""quota_unit"": ""1/d/{project}"",
          ""quota_location"": ""global"",
          ""service"": ""places.googleapis.com"",
          ""consumer"": ""projects/37282676545""
        }
      },
      {
        ""@type"": ""type.googleapis.com/google.rpc.Help"",
        ""links"": [
          {
            ""description"": ""Request a higher quota limit."",
            ""url"": ""https://cloud.google.com/doc",False
5601a0b7-c3cd-463b-b11e-d0920287401e,Chelba Tutiti Megalithic Complex,error,,,,,,,,,,"HTTP 429: {
  ""error"": {
    ""code"": 429,
    ""message"": ""Quota exceeded for quota metric 'SearchTextRequest' and limit 'SearchTextRequest per day' of service 'places.googleapis.com' for consumer 'project_number:37282676545'."",
    ""status"": ""RESOURCE_EXHAUSTED"",
    ""details"": [
      {
        ""@type"": ""type.googleapis.com/google.rpc.ErrorInfo"",
        ""reason"": ""RATE_LIMIT_EXCEEDED"",
        ""domain"": ""googleapis.com"",
        ""metadata"": {
          ""quota_metric"": ""places.googleapis.com/SearchTextRequest"",
          ""quota_limit"": ""SearchTextRequestPerDayPerProject"",
          ""quota_limit_value"": ""100"",
          ""quota_unit"": ""1/d/{project}"",
          ""quota_location"": ""global"",
          ""service"": ""places.googleapis.com"",
          ""consumer"": ""projects/37282676545""
        }
      },
      {
        ""@type"": ""type.googleapis.com/google.rpc.Help"",
        ""links"": [
          {
            ""description"": ""Request a higher quota limit."",
            ""url"": ""https://cloud.google.com/doc",False
565e2fbe-684e-4f62-b4b2-c8ffd04c72a0,Wenchi Crater Lake Island Monastery Overlook,error,,,,,,,,,,"HTTP 429: {
  ""error"": {
    ""code"": 429,
    ""message"": ""Quota exceeded for quota metric 'SearchTextRequest' and limit 'SearchTextRequest per day' of service 'places.googleapis.com' for consumer 'project_number:37282676545'."",
    ""status"": ""RESOURCE_EXHAUSTED"",
    ""details"": [
      {
        ""@type"": ""type.googleapis.com/google.rpc.ErrorInfo"",
        ""reason"": ""RATE_LIMIT_EXCEEDED"",
        ""domain"": ""googleapis.com"",
        ""metadata"": {
          ""quota_metric"": ""places.googleapis.com/SearchTextRequest"",
          ""quota_limit"": ""SearchTextRequestPerDayPerProject"",
          ""quota_limit_value"": ""100"",
          ""quota_unit"": ""1/d/{project}"",
          ""quota_location"": ""global"",
          ""service"": ""places.googleapis.com"",
          ""consumer"": ""projects/37282676545""
        }
      },
      {
        ""@type"": ""type.googleapis.com/google.rpc.Help"",
        ""links"": [
          {
            ""description"": ""Request a higher quota limit."",
            ""url"": ""https://cloud.google.com/doc",False
57562c1b-d9e1-4e20-9439-cd554caec184,Shiro Meda Colorful Fabric Displays,error,,,,,,,,,,"HTTP 429: {
  ""error"": {
    ""code"": 429,
    ""message"": ""Quota exceeded for quota metric 'SearchTextRequest' and limit 'SearchTextRequest per day' of service 'places.googleapis.com' for consumer 'project_number:37282676545'."",
    ""status"": ""RESOURCE_EXHAUSTED"",
    ""details"": [
      {
        ""@type"": ""type.googleapis.com/google.rpc.ErrorInfo"",
        ""reason"": ""RATE_LIMIT_EXCEEDED"",
        ""domain"": ""googleapis.com"",
        ""metadata"": {
          ""service"": ""places.googleapis.com"",
          ""quota_unit"": ""1/d/{project}"",
          ""quota_location"": ""global"",
          ""quota_metric"": ""places.googleapis.com/SearchTextRequest"",
          ""quota_limit"": ""SearchTextRequestPerDayPerProject"",
          ""quota_limit_value"": ""100"",
          ""consumer"": ""projects/37282676545""
        }
      },
      {
        ""@type"": ""type.googleapis.com/google.rpc.Help"",
        ""links"": [
          {
            ""description"": ""Request a higher quota limit."",
            ""url"": ""https://cloud.google.com/doc",False
577f9abc-caa9-4db7-b2fb-85dd2235356a,Wenchi Crater Lake Trekking & Kayaking,error,,,,,,,,,,"HTTP 429: {
  ""error"": {
    ""code"": 429,
    ""message"": ""Quota exceeded for quota metric 'SearchTextRequest' and limit 'SearchTextRequest per day' of service 'places.googleapis.com' for consumer 'project_number:37282676545'."",
    ""status"": ""RESOURCE_EXHAUSTED"",
    ""details"": [
      {
        ""@type"": ""type.googleapis.com/google.rpc.ErrorInfo"",
        ""reason"": ""RATE_LIMIT_EXCEEDED"",
        ""domain"": ""googleapis.com"",
        ""metadata"": {
          ""quota_unit"": ""1/d/{project}"",
          ""quota_location"": ""global"",
          ""consumer"": ""projects/37282676545"",
          ""quota_limit"": ""SearchTextRequestPerDayPerProject"",
          ""service"": ""places.googleapis.com"",
          ""quota_limit_value"": ""100"",
          ""quota_metric"": ""places.googleapis.com/SearchTextRequest""
        }
      },
      {
        ""@type"": ""type.googleapis.com/google.rpc.Help"",
        ""links"": [
          {
            ""description"": ""Request a higher quota limit."",
            ""url"": ""https://cloud.google.com/doc",False
57a4df51-664e-4637-891c-27e6de3d0f8a,Battlefield of Chelenqo,error,,,,,,,,,,"HTTP 429: {
  ""error"": {
    ""code"": 429,
    ""message"": ""Quota exceeded for quota metric 'SearchTextRequest' and limit 'SearchTextRequest per day' of service 'places.googleapis.com' for consumer 'project_number:37282676545'."",
    ""status"": ""RESOURCE_EXHAUSTED"",
    ""details"": [
      {
        ""@type"": ""type.googleapis.com/google.rpc.ErrorInfo"",
        ""reason"": ""RATE_LIMIT_EXCEEDED"",
        ""domain"": ""googleapis.com"",
        ""metadata"": {
          ""service"": ""places.googleapis.com"",
          ""quota_metric"": ""places.googleapis.com/SearchTextRequest"",
          ""consumer"": ""projects/37282676545"",
          ""quota_location"": ""global"",
          ""quota_limit_value"": ""100"",
          ""quota_limit"": ""SearchTextRequestPerDayPerProject"",
          ""quota_unit"": ""1/d/{project}""
        }
      },
      {
        ""@type"": ""type.googleapis.com/google.rpc.Help"",
        ""links"": [
          {
            ""description"": ""Request a higher quota limit."",
            ""url"": ""https://cloud.google.com/doc",False
587ecae5-c03c-4241-b154-9f038e86b6e2,Mount Choqa Summit Trek,error,,,,,,,,,,"HTTP 429: {
  ""error"": {
    ""code"": 429,
    ""message"": ""Quota exceeded for quota metric 'SearchTextRequest' and limit 'SearchTextRequest per day' of service 'places.googleapis.com' for consumer 'project_number:37282676545'."",
    ""status"": ""RESOURCE_EXHAUSTED"",
    ""details"": [
      {
        ""@type"": ""type.googleapis.com/google.rpc.ErrorInfo"",
        ""reason"": ""RATE_LIMIT_EXCEEDED"",
        ""domain"": ""googleapis.com"",
        ""metadata"": {
          ""service"": ""places.googleapis.com"",
          ""consumer"": ""projects/37282676545"",
          ""quota_metric"": ""places.googleapis.com/SearchTextRequest"",
          ""quota_limit_value"": ""100"",
          ""quota_limit"": ""SearchTextRequestPerDayPerProject"",
          ""quota_unit"": ""1/d/{project}"",
          ""quota_location"": ""global""
        }
      },
      {
        ""@type"": ""type.googleapis.com/google.rpc.Help"",
        ""links"": [
          {
            ""description"": ""Request a higher quota limit."",
            ""url"": ""https://cloud.google.com/doc",False
58c9e3c6-5f2b-46e3-bdfd-247f27fd3f59,Korebte Eco-Lodge VIP Suites,error,,,,,,,,,,"HTTP 429: {
  ""error"": {
    ""code"": 429,
    ""message"": ""Quota exceeded for quota metric 'SearchTextRequest' and limit 'SearchTextRequest per day' of service 'places.googleapis.com' for consumer 'project_number:37282676545'."",
    ""status"": ""RESOURCE_EXHAUSTED"",
    ""details"": [
      {
        ""@type"": ""type.googleapis.com/google.rpc.ErrorInfo"",
        ""reason"": ""RATE_LIMIT_EXCEEDED"",
        ""domain"": ""googleapis.com"",
        ""metadata"": {
          ""service"": ""places.googleapis.com"",
          ""quota_metric"": ""places.googleapis.com/SearchTextRequest"",
          ""consumer"": ""projects/37282676545"",
          ""quota_location"": ""global"",
          ""quota_limit_value"": ""100"",
          ""quota_limit"": ""SearchTextRequestPerDayPerProject"",
          ""quota_unit"": ""1/d/{project}""
        }
      },
      {
        ""@type"": ""type.googleapis.com/google.rpc.Help"",
        ""links"": [
          {
            ""description"": ""Request a higher quota limit."",
            ""url"": ""https://cloud.google.com/doc",False
58fc4ba3-40ba-4081-9b63-f06b6562c9f4,Bete Giyorgis Rock-Hewn Cross,error,,,,,,,,,,"HTTP 429: {
  ""error"": {
    ""code"": 429,
    ""message"": ""Quota exceeded for quota metric 'SearchTextRequest' and limit 'SearchTextRequest per day' of service 'places.googleapis.com' for consumer 'project_number:37282676545'."",
    ""status"": ""RESOURCE_EXHAUSTED"",
    ""details"": [
      {
        ""@type"": ""type.googleapis.com/google.rpc.ErrorInfo"",
        ""reason"": ""RATE_LIMIT_EXCEEDED"",
        ""domain"": ""googleapis.com"",
        ""metadata"": {
          ""service"": ""places.googleapis.com"",
          ""quota_metric"": ""places.googleapis.com/SearchTextRequest"",
          ""consumer"": ""projects/37282676545"",
          ""quota_location"": ""global"",
          ""quota_unit"": ""1/d/{project}"",
          ""quota_limit"": ""SearchTextRequestPerDayPerProject"",
          ""quota_limit_value"": ""100""
        }
      },
      {
        ""@type"": ""type.googleapis.com/google.rpc.Help"",
        ""links"": [
          {
            ""description"": ""Request a higher quota limit."",
            ""url"": ""https://cloud.google.com/doc",False
59213d73-f699-4e9e-a7a7-2b7bacb38353,Bete Maryam Rock Church,error,,,,,,,,,,"HTTP 429: {
  ""error"": {
    ""code"": 429,
    ""message"": ""Quota exceeded for quota metric 'SearchTextRequest' and limit 'SearchTextRequest per day' of service 'places.googleapis.com' for consumer 'project_number:37282676545'."",
    ""status"": ""RESOURCE_EXHAUSTED"",
    ""details"": [
      {
        ""@type"": ""type.googleapis.com/google.rpc.ErrorInfo"",
        ""reason"": ""RATE_LIMIT_EXCEEDED"",
        ""domain"": ""googleapis.com"",
        ""metadata"": {
          ""quota_limit_value"": ""100"",
          ""quota_unit"": ""1/d/{project}"",
          ""quota_limit"": ""SearchTextRequestPerDayPerProject"",
          ""quota_location"": ""global"",
          ""consumer"": ""projects/37282676545"",
          ""quota_metric"": ""places.googleapis.com/SearchTextRequest"",
          ""service"": ""places.googleapis.com""
        }
      },
      {
        ""@type"": ""type.googleapis.com/google.rpc.Help"",
        ""links"": [
          {
            ""description"": ""Request a higher quota limit."",
            ""url"": ""https://cloud.google.com/doc",False
5af1b662-3df1-4cba-9cb5-0a734f977119,Adwa Victory Memorial Museum Complex,error,,,,,,,,,,"HTTP 429: {
  ""error"": {
    ""code"": 429,
    ""message"": ""Quota exceeded for quota metric 'SearchTextRequest' and limit 'SearchTextRequest per day' of service 'places.googleapis.com' for consumer 'project_number:37282676545'."",
    ""status"": ""RESOURCE_EXHAUSTED"",
    ""details"": [
      {
        ""@type"": ""type.googleapis.com/google.rpc.ErrorInfo"",
        ""reason"": ""RATE_LIMIT_EXCEEDED"",
        ""domain"": ""googleapis.com"",
        ""metadata"": {
          ""quota_location"": ""global"",
          ""service"": ""places.googleapis.com"",
          ""quota_unit"": ""1/d/{project}"",
          ""consumer"": ""projects/37282676545"",
          ""quota_metric"": ""places.googleapis.com/SearchTextRequest"",
          ""quota_limit_value"": ""100"",
          ""quota_limit"": ""SearchTextRequestPerDayPerProject""
        }
      },
      {
        ""@type"": ""type.googleapis.com/google.rpc.Help"",
        ""links"": [
          {
            ""description"": ""Request a higher quota limit."",
            ""url"": ""https://cloud.google.com/doc",False
5cd06f1e-246b-45de-83c0-eb514220953d,Mount Zuqualla Volcano Hike,error,,,,,,,,,,"HTTP 429: {
  ""error"": {
    ""code"": 429,
    ""message"": ""Quota exceeded for quota metric 'SearchTextRequest' and limit 'SearchTextRequest per day' of service 'places.googleapis.com' for consumer 'project_number:37282676545'."",
    ""status"": ""RESOURCE_EXHAUSTED"",
    ""details"": [
      {
        ""@type"": ""type.googleapis.com/google.rpc.ErrorInfo"",
        ""reason"": ""RATE_LIMIT_EXCEEDED"",
        ""domain"": ""googleapis.com"",
        ""metadata"": {
          ""quota_location"": ""global"",
          ""service"": ""places.googleapis.com"",
          ""quota_unit"": ""1/d/{project}"",
          ""consumer"": ""projects/37282676545"",
          ""quota_metric"": ""places.googleapis.com/SearchTextRequest"",
          ""quota_limit_value"": ""100"",
          ""quota_limit"": ""SearchTextRequestPerDayPerProject""
        }
      },
      {
        ""@type"": ""type.googleapis.com/google.rpc.Help"",
        ""links"": [
          {
            ""description"": ""Request a higher quota limit."",
            ""url"": ""https://cloud.google.com/doc",False
5d921774-ceec-4ab6-a275-7690aeb0b27e,Haile Resort Executive Lake Suites,error,,,,,,,,,,"HTTP 429: {
  ""error"": {
    ""code"": 429,
    ""message"": ""Quota exceeded for quota metric 'SearchTextRequest' and limit 'SearchTextRequest per day' of service 'places.googleapis.com' for consumer 'project_number:37282676545'."",
    ""status"": ""RESOURCE_EXHAUSTED"",
    ""details"": [
      {
        ""@type"": ""type.googleapis.com/google.rpc.ErrorInfo"",
        ""reason"": ""RATE_LIMIT_EXCEEDED"",
        ""domain"": ""googleapis.com"",
        ""metadata"": {
          ""service"": ""places.googleapis.com"",
          ""quota_metric"": ""places.googleapis.com/SearchTextRequest"",
          ""consumer"": ""projects/37282676545"",
          ""quota_location"": ""global"",
          ""quota_limit_value"": ""100"",
          ""quota_limit"": ""SearchTextRequestPerDayPerProject"",
          ""quota_unit"": ""1/d/{project}""
        }
      },
      {
        ""@type"": ""type.googleapis.com/google.rpc.Help"",
        ""links"": [
          {
            ""description"": ""Request a higher quota limit."",
            ""url"": ""https://cloud.google.com/doc",False
5d9ef771-8180-47d4-a853-033b16c8afcc,Getfam Hotel Public Halls,error,,,,,,,,,,"HTTP 429: {
  ""error"": {
    ""code"": 429,
    ""message"": ""Quota exceeded for quota metric 'SearchTextRequest' and limit 'SearchTextRequest per day' of service 'places.googleapis.com' for consumer 'project_number:37282676545'."",
    ""status"": ""RESOURCE_EXHAUSTED"",
    ""details"": [
      {
        ""@type"": ""type.googleapis.com/google.rpc.ErrorInfo"",
        ""reason"": ""RATE_LIMIT_EXCEEDED"",
        ""domain"": ""googleapis.com"",
        ""metadata"": {
          ""quota_metric"": ""places.googleapis.com/SearchTextRequest"",
          ""quota_limit"": ""SearchTextRequestPerDayPerProject"",
          ""quota_limit_value"": ""100"",
          ""quota_unit"": ""1/d/{project}"",
          ""quota_location"": ""global"",
          ""service"": ""places.googleapis.com"",
          ""consumer"": ""projects/37282676545""
        }
      },
      {
        ""@type"": ""type.googleapis.com/google.rpc.Help"",
        ""links"": [
          {
            ""description"": ""Request a higher quota limit."",
            ""url"": ""https://cloud.google.com/doc",False
5f9562e4-b3c9-4bf8-83d5-2fd9438b81d6,Nechisar National Park Plains (Burchells Zebras),error,,,,,,,,,,"HTTP 429: {
  ""error"": {
    ""code"": 429,
    ""message"": ""Quota exceeded for quota metric 'SearchTextRequest' and limit 'SearchTextRequest per day' of service 'places.googleapis.com' for consumer 'project_number:37282676545'."",
    ""status"": ""RESOURCE_EXHAUSTED"",
    ""details"": [
      {
        ""@type"": ""type.googleapis.com/google.rpc.ErrorInfo"",
        ""reason"": ""RATE_LIMIT_EXCEEDED"",
        ""domain"": ""googleapis.com"",
        ""metadata"": {
          ""quota_limit_value"": ""100"",
          ""consumer"": ""projects/37282676545"",
          ""quota_metric"": ""places.googleapis.com/SearchTextRequest"",
          ""quota_location"": ""global"",
          ""service"": ""places.googleapis.com"",
          ""quota_unit"": ""1/d/{project}"",
          ""quota_limit"": ""SearchTextRequestPerDayPerProject""
        }
      },
      {
        ""@type"": ""type.googleapis.com/google.rpc.Help"",
        ""links"": [
          {
            ""description"": ""Request a higher quota limit."",
            ""url"": ""https://cloud.google.com/doc",False
602a0fe7-98e5-404f-bc7a-fc47fa238002,Woranso-Mille Paleontological Site,error,,,,,,,,,,"HTTP 429: {
  ""error"": {
    ""code"": 429,
    ""message"": ""Quota exceeded for quota metric 'SearchTextRequest' and limit 'SearchTextRequest per day' of service 'places.googleapis.com' for consumer 'project_number:37282676545'."",
    ""status"": ""RESOURCE_EXHAUSTED"",
    ""details"": [
      {
        ""@type"": ""type.googleapis.com/google.rpc.ErrorInfo"",
        ""reason"": ""RATE_LIMIT_EXCEEDED"",
        ""domain"": ""googleapis.com"",
        ""metadata"": {
          ""service"": ""places.googleapis.com"",
          ""quota_metric"": ""places.googleapis.com/SearchTextRequest"",
          ""consumer"": ""projects/37282676545"",
          ""quota_location"": ""global"",
          ""quota_unit"": ""1/d/{project}"",
          ""quota_limit"": ""SearchTextRequestPerDayPerProject"",
          ""quota_limit_value"": ""100""
        }
      },
      {
        ""@type"": ""type.googleapis.com/google.rpc.Help"",
        ""links"": [
          {
            ""description"": ""Request a higher quota limit."",
            ""url"": ""https://cloud.google.com/doc",False
6151ba43-5bd7-426d-b383-1c0829462d6a,Wukro Chirkos Carved Stone Facade,error,,,,,,,,,,"HTTP 429: {
  ""error"": {
    ""code"": 429,
    ""message"": ""Quota exceeded for quota metric 'SearchTextRequest' and limit 'SearchTextRequest per day' of service 'places.googleapis.com' for consumer 'project_number:37282676545'."",
    ""status"": ""RESOURCE_EXHAUSTED"",
    ""details"": [
      {
        ""@type"": ""type.googleapis.com/google.rpc.ErrorInfo"",
        ""reason"": ""RATE_LIMIT_EXCEEDED"",
        ""domain"": ""googleapis.com"",
        ""metadata"": {
          ""quota_limit_value"": ""100"",
          ""consumer"": ""projects/37282676545"",
          ""quota_metric"": ""places.googleapis.com/SearchTextRequest"",
          ""quota_location"": ""global"",
          ""service"": ""places.googleapis.com"",
          ""quota_unit"": ""1/d/{project}"",
          ""quota_limit"": ""SearchTextRequestPerDayPerProject""
        }
      },
      {
        ""@type"": ""type.googleapis.com/google.rpc.Help"",
        ""links"": [
          {
            ""description"": ""Request a higher quota limit."",
            ""url"": ""https://cloud.google.com/doc",False
61555a68-11c8-46fb-a17a-081fce0da812,Battlefield of Adwa Historic Sites,error,,,,,,,,,,"HTTP 429: {
  ""error"": {
    ""code"": 429,
    ""message"": ""Quota exceeded for quota metric 'SearchTextRequest' and limit 'SearchTextRequest per day' of service 'places.googleapis.com' for consumer 'project_number:37282676545'."",
    ""status"": ""RESOURCE_EXHAUSTED"",
    ""details"": [
      {
        ""@type"": ""type.googleapis.com/google.rpc.ErrorInfo"",
        ""reason"": ""RATE_LIMIT_EXCEEDED"",
        ""domain"": ""googleapis.com"",
        ""metadata"": {
          ""quota_location"": ""global"",
          ""service"": ""places.googleapis.com"",
          ""quota_unit"": ""1/d/{project}"",
          ""consumer"": ""projects/37282676545"",
          ""quota_metric"": ""places.googleapis.com/SearchTextRequest"",
          ""quota_limit_value"": ""100"",
          ""quota_limit"": ""SearchTextRequestPerDayPerProject""
        }
      },
      {
        ""@type"": ""type.googleapis.com/google.rpc.Help"",
        ""links"": [
          {
            ""description"": ""Request a higher quota limit."",
            ""url"": ""https://cloud.google.com/doc",False
616d3f0e-89e1-4a53-a515-bde34ae4850e,Metekel Gumuz Farming Hamlets,error,,,,,,,,,,"HTTP 429: {
  ""error"": {
    ""code"": 429,
    ""message"": ""Quota exceeded for quota metric 'SearchTextRequest' and limit 'SearchTextRequest per day' of service 'places.googleapis.com' for consumer 'project_number:37282676545'."",
    ""status"": ""RESOURCE_EXHAUSTED"",
    ""details"": [
      {
        ""@type"": ""type.googleapis.com/google.rpc.ErrorInfo"",
        ""reason"": ""RATE_LIMIT_EXCEEDED"",
        ""domain"": ""googleapis.com"",
        ""metadata"": {
          ""quota_limit_value"": ""100"",
          ""consumer"": ""projects/37282676545"",
          ""quota_metric"": ""places.googleapis.com/SearchTextRequest"",
          ""quota_location"": ""global"",
          ""service"": ""places.googleapis.com"",
          ""quota_unit"": ""1/d/{project}"",
          ""quota_limit"": ""SearchTextRequestPerDayPerProject""
        }
      },
      {
        ""@type"": ""type.googleapis.com/google.rpc.Help"",
        ""links"": [
          {
            ""description"": ""Request a higher quota limit."",
            ""url"": ""https://cloud.google.com/doc",False
62526dc5-8e94-402f-8757-6fbde7a110b5,Yeha Church of Abuna Aftse,error,,,,,,,,,,"HTTP 429: {
  ""error"": {
    ""code"": 429,
    ""message"": ""Quota exceeded for quota metric 'SearchTextRequest' and limit 'SearchTextRequest per day' of service 'places.googleapis.com' for consumer 'project_number:37282676545'."",
    ""status"": ""RESOURCE_EXHAUSTED"",
    ""details"": [
      {
        ""@type"": ""type.googleapis.com/google.rpc.ErrorInfo"",
        ""reason"": ""RATE_LIMIT_EXCEEDED"",
        ""domain"": ""googleapis.com"",
        ""metadata"": {
          ""service"": ""places.googleapis.com"",
          ""quota_location"": ""global"",
          ""quota_unit"": ""1/d/{project}"",
          ""quota_limit_value"": ""100"",
          ""consumer"": ""projects/37282676545"",
          ""quota_limit"": ""SearchTextRequestPerDayPerProject"",
          ""quota_metric"": ""places.googleapis.com/SearchTextRequest""
        }
      },
      {
        ""@type"": ""type.googleapis.com/google.rpc.Help"",
        ""links"": [
          {
            ""description"": ""Request a higher quota limit."",
            ""url"": ""https://cloud.google.com/doc",False
6300931c-3ab6-41a6-a793-9355a0a6e2ee,Saint George Cathedral Public Grounds,error,,,,,,,,,,"HTTP 429: {
  ""error"": {
    ""code"": 429,
    ""message"": ""Quota exceeded for quota metric 'SearchTextRequest' and limit 'SearchTextRequest per day' of service 'places.googleapis.com' for consumer 'project_number:37282676545'."",
    ""status"": ""RESOURCE_EXHAUSTED"",
    ""details"": [
      {
        ""@type"": ""type.googleapis.com/google.rpc.ErrorInfo"",
        ""reason"": ""RATE_LIMIT_EXCEEDED"",
        ""domain"": ""googleapis.com"",
        ""metadata"": {
          ""quota_limit"": ""SearchTextRequestPerDayPerProject"",
          ""service"": ""places.googleapis.com"",
          ""quota_metric"": ""places.googleapis.com/SearchTextRequest"",
          ""quota_location"": ""global"",
          ""quota_limit_value"": ""100"",
          ""consumer"": ""projects/37282676545"",
          ""quota_unit"": ""1/d/{project}""
        }
      },
      {
        ""@type"": ""type.googleapis.com/google.rpc.Help"",
        ""links"": [
          {
            ""description"": ""Request a higher quota limit."",
            ""url"": ""https://cloud.google.com/doc",False
63cb91a4-40f3-4d29-8826-9a9ccb44c13e,Lake Ziway Debre Sina Island Ferry Point,error,,,,,,,,,,"HTTP 429: {
  ""error"": {
    ""code"": 429,
    ""message"": ""Quota exceeded for quota metric 'SearchTextRequest' and limit 'SearchTextRequest per day' of service 'places.googleapis.com' for consumer 'project_number:37282676545'."",
    ""status"": ""RESOURCE_EXHAUSTED"",
    ""details"": [
      {
        ""@type"": ""type.googleapis.com/google.rpc.ErrorInfo"",
        ""reason"": ""RATE_LIMIT_EXCEEDED"",
        ""domain"": ""googleapis.com"",
        ""metadata"": {
          ""quota_limit_value"": ""100"",
          ""consumer"": ""projects/37282676545"",
          ""quota_metric"": ""places.googleapis.com/SearchTextRequest"",
          ""quota_location"": ""global"",
          ""service"": ""places.googleapis.com"",
          ""quota_unit"": ""1/d/{project}"",
          ""quota_limit"": ""SearchTextRequestPerDayPerProject""
        }
      },
      {
        ""@type"": ""type.googleapis.com/google.rpc.Help"",
        ""links"": [
          {
            ""description"": ""Request a higher quota limit."",
            ""url"": ""https://cloud.google.com/doc",False
646cceb9-9b24-49e2-a445-d976da182723,Aregash Natura Lodge Luxury Huts,error,,,,,,,,,,"HTTP 429: {
  ""error"": {
    ""code"": 429,
    ""message"": ""Quota exceeded for quota metric 'SearchTextRequest' and limit 'SearchTextRequest per day' of service 'places.googleapis.com' for consumer 'project_number:37282676545'."",
    ""status"": ""RESOURCE_EXHAUSTED"",
    ""details"": [
      {
        ""@type"": ""type.googleapis.com/google.rpc.ErrorInfo"",
        ""reason"": ""RATE_LIMIT_EXCEEDED"",
        ""domain"": ""googleapis.com"",
        ""metadata"": {
          ""quota_unit"": ""1/d/{project}"",
          ""quota_limit_value"": ""100"",
          ""service"": ""places.googleapis.com"",
          ""quota_limit"": ""SearchTextRequestPerDayPerProject"",
          ""consumer"": ""projects/37282676545"",
          ""quota_metric"": ""places.googleapis.com/SearchTextRequest"",
          ""quota_location"": ""global""
        }
      },
      {
        ""@type"": ""type.googleapis.com/google.rpc.Help"",
        ""links"": [
          {
            ""description"": ""Request a higher quota limit."",
            ""url"": ""https://cloud.google.com/doc",False
67381361-9a08-442c-9655-5cc9a90c8b21,Grand Palace Hotel VIP Wing,error,,,,,,,,,,"HTTP 429: {
  ""error"": {
    ""code"": 429,
    ""message"": ""Quota exceeded for quota metric 'SearchTextRequest' and limit 'SearchTextRequest per day' of service 'places.googleapis.com' for consumer 'project_number:37282676545'."",
    ""status"": ""RESOURCE_EXHAUSTED"",
    ""details"": [
      {
        ""@type"": ""type.googleapis.com/google.rpc.ErrorInfo"",
        ""reason"": ""RATE_LIMIT_EXCEEDED"",
        ""domain"": ""googleapis.com"",
        ""metadata"": {
          ""quota_unit"": ""1/d/{project}"",
          ""quota_limit_value"": ""100"",
          ""service"": ""places.googleapis.com"",
          ""quota_limit"": ""SearchTextRequestPerDayPerProject"",
          ""consumer"": ""projects/37282676545"",
          ""quota_metric"": ""places.googleapis.com/SearchTextRequest"",
          ""quota_location"": ""global""
        }
      },
      {
        ""@type"": ""type.googleapis.com/google.rpc.Help"",
        ""links"": [
          {
            ""description"": ""Request a higher quota limit."",
            ""url"": ""https://cloud.google.com/doc",False
678d89b2-b8f0-4a2f-ad3d-21937a7c8736,Afar Middle Awash Research Sites,error,,,,,,,,,,"HTTP 429: {
  ""error"": {
    ""code"": 429,
    ""message"": ""Quota exceeded for quota metric 'SearchTextRequest' and limit 'SearchTextRequest per day' of service 'places.googleapis.com' for consumer 'project_number:37282676545'."",
    ""status"": ""RESOURCE_EXHAUSTED"",
    ""details"": [
      {
        ""@type"": ""type.googleapis.com/google.rpc.ErrorInfo"",
        ""reason"": ""RATE_LIMIT_EXCEEDED"",
        ""domain"": ""googleapis.com"",
        ""metadata"": {
          ""service"": ""places.googleapis.com"",
          ""quota_location"": ""global"",
          ""quota_unit"": ""1/d/{project}"",
          ""quota_limit_value"": ""100"",
          ""consumer"": ""projects/37282676545"",
          ""quota_limit"": ""SearchTextRequestPerDayPerProject"",
          ""quota_metric"": ""places.googleapis.com/SearchTextRequest""
        }
      },
      {
        ""@type"": ""type.googleapis.com/google.rpc.Help"",
        ""links"": [
          {
            ""description"": ""Request a higher quota limit."",
            ""url"": ""https://cloud.google.com/doc",False
681816d7-79d7-42dc-86c0-e89153f648d1,Gore Forest Canopy Expedition,error,,,,,,,,,,"HTTP 429: {
  ""error"": {
    ""code"": 429,
    ""message"": ""Quota exceeded for quota metric 'SearchTextRequest' and limit 'SearchTextRequest per day' of service 'places.googleapis.com' for consumer 'project_number:37282676545'."",
    ""status"": ""RESOURCE_EXHAUSTED"",
    ""details"": [
      {
        ""@type"": ""type.googleapis.com/google.rpc.ErrorInfo"",
        ""reason"": ""RATE_LIMIT_EXCEEDED"",
        ""domain"": ""googleapis.com"",
        ""metadata"": {
          ""quota_unit"": ""1/d/{project}"",
          ""quota_limit_value"": ""100"",
          ""service"": ""places.googleapis.com"",
          ""quota_limit"": ""SearchTextRequestPerDayPerProject"",
          ""consumer"": ""projects/37282676545"",
          ""quota_metric"": ""places.googleapis.com/SearchTextRequest"",
          ""quota_location"": ""global""
        }
      },
      {
        ""@type"": ""type.googleapis.com/google.rpc.Help"",
        ""links"": [
          {
            ""description"": ""Request a higher quota limit."",
            ""url"": ""https://cloud.google.com/doc",False
68c81bcb-2cd5-4830-9433-6a3f16984144,Magdala (Amba Mariam) Ruined Fortress Hill,error,,,,,,,,,,"HTTP 429: {
  ""error"": {
    ""code"": 429,
    ""message"": ""Quota exceeded for quota metric 'SearchTextRequest' and limit 'SearchTextRequest per day' of service 'places.googleapis.com' for consumer 'project_number:37282676545'."",
    ""status"": ""RESOURCE_EXHAUSTED"",
    ""details"": [
      {
        ""@type"": ""type.googleapis.com/google.rpc.ErrorInfo"",
        ""reason"": ""RATE_LIMIT_EXCEEDED"",
        ""domain"": ""googleapis.com"",
        ""metadata"": {
          ""quota_unit"": ""1/d/{project}"",
          ""quota_limit_value"": ""100"",
          ""quota_metric"": ""places.googleapis.com/SearchTextRequest"",
          ""consumer"": ""projects/37282676545"",
          ""quota_location"": ""global"",
          ""quota_limit"": ""SearchTextRequestPerDayPerProject"",
          ""service"": ""places.googleapis.com""
        }
      },
      {
        ""@type"": ""type.googleapis.com/google.rpc.Help"",
        ""links"": [
          {
            ""description"": ""Request a higher quota limit."",
            ""url"": ""https://cloud.google.com/doc",False
6a0a01d1-4ae2-4473-9fc1-30f6ff672ace,Nyangatom Omo River Crossing,error,,,,,,,,,,"HTTP 429: {
  ""error"": {
    ""code"": 429,
    ""message"": ""Quota exceeded for quota metric 'SearchTextRequest' and limit 'SearchTextRequest per day' of service 'places.googleapis.com' for consumer 'project_number:37282676545'."",
    ""status"": ""RESOURCE_EXHAUSTED"",
    ""details"": [
      {
        ""@type"": ""type.googleapis.com/google.rpc.ErrorInfo"",
        ""reason"": ""RATE_LIMIT_EXCEEDED"",
        ""domain"": ""googleapis.com"",
        ""metadata"": {
          ""quota_limit"": ""SearchTextRequestPerDayPerProject"",
          ""consumer"": ""projects/37282676545"",
          ""quota_limit_value"": ""100"",
          ""quota_metric"": ""places.googleapis.com/SearchTextRequest"",
          ""service"": ""places.googleapis.com"",
          ""quota_location"": ""global"",
          ""quota_unit"": ""1/d/{project}""
        }
      },
      {
        ""@type"": ""type.googleapis.com/google.rpc.Help"",
        ""links"": [
          {
            ""description"": ""Request a higher quota limit."",
            ""url"": ""https://cloud.google.com/doc",False
6af5fcaf-0f7a-422f-afb4-eb3c92075ab9,Adwa Victory Memorial Complex & Auditorium,error,,,,,,,,,,"HTTP 429: {
  ""error"": {
    ""code"": 429,
    ""message"": ""Quota exceeded for quota metric 'SearchTextRequest' and limit 'SearchTextRequest per day' of service 'places.googleapis.com' for consumer 'project_number:37282676545'."",
    ""status"": ""RESOURCE_EXHAUSTED"",
    ""details"": [
      {
        ""@type"": ""type.googleapis.com/google.rpc.ErrorInfo"",
        ""reason"": ""RATE_LIMIT_EXCEEDED"",
        ""domain"": ""googleapis.com"",
        ""metadata"": {
          ""quota_limit"": ""SearchTextRequestPerDayPerProject"",
          ""service"": ""places.googleapis.com"",
          ""quota_metric"": ""places.googleapis.com/SearchTextRequest"",
          ""quota_location"": ""global"",
          ""quota_limit_value"": ""100"",
          ""consumer"": ""projects/37282676545"",
          ""quota_unit"": ""1/d/{project}""
        }
      },
      {
        ""@type"": ""type.googleapis.com/google.rpc.Help"",
        ""links"": [
          {
            ""description"": ""Request a higher quota limit."",
            ""url"": ""https://cloud.google.com/doc",False
6b9a30c3-642e-4887-a787-4fe997a4c982,Gore Community Library & School Projects,error,,,,,,,,,,"HTTP 429: {
  ""error"": {
    ""code"": 429,
    ""message"": ""Quota exceeded for quota metric 'SearchTextRequest' and limit 'SearchTextRequest per day' of service 'places.googleapis.com' for consumer 'project_number:37282676545'."",
    ""status"": ""RESOURCE_EXHAUSTED"",
    ""details"": [
      {
        ""@type"": ""type.googleapis.com/google.rpc.ErrorInfo"",
        ""reason"": ""RATE_LIMIT_EXCEEDED"",
        ""domain"": ""googleapis.com"",
        ""metadata"": {
          ""quota_limit"": ""SearchTextRequestPerDayPerProject"",
          ""service"": ""places.googleapis.com"",
          ""quota_metric"": ""places.googleapis.com/SearchTextRequest"",
          ""quota_location"": ""global"",
          ""quota_limit_value"": ""100"",
          ""consumer"": ""projects/37282676545"",
          ""quota_unit"": ""1/d/{project}""
        }
      },
      {
        ""@type"": ""type.googleapis.com/google.rpc.Help"",
        ""links"": [
          {
            ""description"": ""Request a higher quota limit."",
            ""url"": ""https://cloud.google.com/doc",False
6beae27e-b640-4eab-8dc6-9cbe62a15b7b,Afar Nomadic Pastoralist Settlements,error,,,,,,,,,,"HTTP 429: {
  ""error"": {
    ""code"": 429,
    ""message"": ""Quota exceeded for quota metric 'SearchTextRequest' and limit 'SearchTextRequest per day' of service 'places.googleapis.com' for consumer 'project_number:37282676545'."",
    ""status"": ""RESOURCE_EXHAUSTED"",
    ""details"": [
      {
        ""@type"": ""type.googleapis.com/google.rpc.ErrorInfo"",
        ""reason"": ""RATE_LIMIT_EXCEEDED"",
        ""domain"": ""googleapis.com"",
        ""metadata"": {
          ""quota_unit"": ""1/d/{project}"",
          ""quota_limit_value"": ""100"",
          ""quota_metric"": ""places.googleapis.com/SearchTextRequest"",
          ""consumer"": ""projects/37282676545"",
          ""quota_location"": ""global"",
          ""quota_limit"": ""SearchTextRequestPerDayPerProject"",
          ""service"": ""places.googleapis.com""
        }
      },
      {
        ""@type"": ""type.googleapis.com/google.rpc.Help"",
        ""links"": [
          {
            ""description"": ""Request a higher quota limit."",
            ""url"": ""https://cloud.google.com/doc",False
6ca8c5a6-0df2-4901-bb9d-bd3ddc8c1e40,Lake Ziway Waterbird Conservation Projects,error,,,,,,,,,,"HTTP 429: {
  ""error"": {
    ""code"": 429,
    ""message"": ""Quota exceeded for quota metric 'SearchTextRequest' and limit 'SearchTextRequest per day' of service 'places.googleapis.com' for consumer 'project_number:37282676545'."",
    ""status"": ""RESOURCE_EXHAUSTED"",
    ""details"": [
      {
        ""@type"": ""type.googleapis.com/google.rpc.ErrorInfo"",
        ""reason"": ""RATE_LIMIT_EXCEEDED"",
        ""domain"": ""googleapis.com"",
        ""metadata"": {
          ""quota_unit"": ""1/d/{project}"",
          ""quota_limit_value"": ""100"",
          ""quota_metric"": ""places.googleapis.com/SearchTextRequest"",
          ""service"": ""places.googleapis.com"",
          ""quota_location"": ""global"",
          ""quota_limit"": ""SearchTextRequestPerDayPerProject"",
          ""consumer"": ""projects/37282676545""
        }
      },
      {
        ""@type"": ""type.googleapis.com/google.rpc.Help"",
        ""links"": [
          {
            ""description"": ""Request a higher quota limit."",
            ""url"": ""https://cloud.google.com/doc",False
6e30a166-b1cf-4a6d-8ba8-b290c765f9c8,Lake Besaka Hydrological Phenomenon Site,error,,,,,,,,,,"HTTP 429: {
  ""error"": {
    ""code"": 429,
    ""message"": ""Quota exceeded for quota metric 'SearchTextRequest' and limit 'SearchTextRequest per day' of service 'places.googleapis.com' for consumer 'project_number:37282676545'."",
    ""status"": ""RESOURCE_EXHAUSTED"",
    ""details"": [
      {
        ""@type"": ""type.googleapis.com/google.rpc.ErrorInfo"",
        ""reason"": ""RATE_LIMIT_EXCEEDED"",
        ""domain"": ""googleapis.com"",
        ""metadata"": {
          ""service"": ""places.googleapis.com"",
          ""consumer"": ""projects/37282676545"",
          ""quota_location"": ""global"",
          ""quota_limit_value"": ""100"",
          ""quota_limit"": ""SearchTextRequestPerDayPerProject"",
          ""quota_unit"": ""1/d/{project}"",
          ""quota_metric"": ""places.googleapis.com/SearchTextRequest""
        }
      },
      {
        ""@type"": ""type.googleapis.com/google.rpc.Help"",
        ""links"": [
          {
            ""description"": ""Request a higher quota limit."",
            ""url"": ""https://cloud.google.com/doc",False
6ed10846-8977-4147-8645-539cc1aa8ac0,Chelba Tutiti Megalithic Burial Site,error,,,,,,,,,,"HTTP 429: {
  ""error"": {
    ""code"": 429,
    ""message"": ""Quota exceeded for quota metric 'SearchTextRequest' and limit 'SearchTextRequest per day' of service 'places.googleapis.com' for consumer 'project_number:37282676545'."",
    ""status"": ""RESOURCE_EXHAUSTED"",
    ""details"": [
      {
        ""@type"": ""type.googleapis.com/google.rpc.ErrorInfo"",
        ""reason"": ""RATE_LIMIT_EXCEEDED"",
        ""domain"": ""googleapis.com"",
        ""metadata"": {
          ""quota_unit"": ""1/d/{project}"",
          ""quota_limit_value"": ""100"",
          ""service"": ""places.googleapis.com"",
          ""quota_limit"": ""SearchTextRequestPerDayPerProject"",
          ""consumer"": ""projects/37282676545"",
          ""quota_metric"": ""places.googleapis.com/SearchTextRequest"",
          ""quota_location"": ""global""
        }
      },
      {
        ""@type"": ""type.googleapis.com/google.rpc.Help"",
        ""links"": [
          {
            ""description"": ""Request a higher quota limit."",
            ""url"": ""https://cloud.google.com/doc",False
6ed137e6-b2fb-45de-a9cb-632d60b3e26e,Aksum Stelae Field Perimeter Walk,error,,,,,,,,,,"HTTP 429: {
  ""error"": {
    ""code"": 429,
    ""message"": ""Quota exceeded for quota metric 'SearchTextRequest' and limit 'SearchTextRequest per day' of service 'places.googleapis.com' for consumer 'project_number:37282676545'."",
    ""status"": ""RESOURCE_EXHAUSTED"",
    ""details"": [
      {
        ""@type"": ""type.googleapis.com/google.rpc.ErrorInfo"",
        ""reason"": ""RATE_LIMIT_EXCEEDED"",
        ""domain"": ""googleapis.com"",
        ""metadata"": {
          ""quota_unit"": ""1/d/{project}"",
          ""quota_limit_value"": ""100"",
          ""quota_metric"": ""places.googleapis.com/SearchTextRequest"",
          ""service"": ""places.googleapis.com"",
          ""quota_location"": ""global"",
          ""quota_limit"": ""SearchTextRequestPerDayPerProject"",
          ""consumer"": ""projects/37282676545""
        }
      },
      {
        ""@type"": ""type.googleapis.com/google.rpc.Help"",
        ""links"": [
          {
            ""description"": ""Request a higher quota limit."",
            ""url"": ""https://cloud.google.com/doc",False
6ee3278a-2bde-4a93-ad42-b5292b25b6f9,Borena Plain Astronomy Observation Sites,error,,,,,,,,,,"HTTP 429: {
  ""error"": {
    ""code"": 429,
    ""message"": ""Quota exceeded for quota metric 'SearchTextRequest' and limit 'SearchTextRequest per day' of service 'places.googleapis.com' for consumer 'project_number:37282676545'."",
    ""status"": ""RESOURCE_EXHAUSTED"",
    ""details"": [
      {
        ""@type"": ""type.googleapis.com/google.rpc.ErrorInfo"",
        ""reason"": ""RATE_LIMIT_EXCEEDED"",
        ""domain"": ""googleapis.com"",
        ""metadata"": {
          ""quota_location"": ""global"",
          ""service"": ""places.googleapis.com"",
          ""quota_limit_value"": ""100"",
          ""consumer"": ""projects/37282676545"",
          ""quota_metric"": ""places.googleapis.com/SearchTextRequest"",
          ""quota_unit"": ""1/d/{project}"",
          ""quota_limit"": ""SearchTextRequestPerDayPerProject""
        }
      },
      {
        ""@type"": ""type.googleapis.com/google.rpc.Help"",
        ""links"": [
          {
            ""description"": ""Request a higher quota limit."",
            ""url"": ""https://cloud.google.com/doc",False
6eec3cd6-0847-4e46-979d-28b1aa86c20a,Lake Tana Islands Bird Sanctuaries,error,,,,,,,,,,"HTTP 429: {
  ""error"": {
    ""code"": 429,
    ""message"": ""Quota exceeded for quota metric 'SearchTextRequest' and limit 'SearchTextRequest per day' of service 'places.googleapis.com' for consumer 'project_number:37282676545'."",
    ""status"": ""RESOURCE_EXHAUSTED"",
    ""details"": [
      {
        ""@type"": ""type.googleapis.com/google.rpc.ErrorInfo"",
        ""reason"": ""RATE_LIMIT_EXCEEDED"",
        ""domain"": ""googleapis.com"",
        ""metadata"": {
          ""quota_location"": ""global"",
          ""service"": ""places.googleapis.com"",
          ""quota_limit_value"": ""100"",
          ""consumer"": ""projects/37282676545"",
          ""quota_metric"": ""places.googleapis.com/SearchTextRequest"",
          ""quota_unit"": ""1/d/{project}"",
          ""quota_limit"": ""SearchTextRequestPerDayPerProject""
        }
      },
      {
        ""@type"": ""type.googleapis.com/google.rpc.Help"",
        ""links"": [
          {
            ""description"": ""Request a higher quota limit."",
            ""url"": ""https://cloud.google.com/doc",False
70d891ea-fc2f-47a2-9747-c78f8fc3249a,Mount Guna Ridge Dark-Sky Site,error,,,,,,,,,,"HTTP 429: {
  ""error"": {
    ""code"": 429,
    ""message"": ""Quota exceeded for quota metric 'SearchTextRequest' and limit 'SearchTextRequest per day' of service 'places.googleapis.com' for consumer 'project_number:37282676545'."",
    ""status"": ""RESOURCE_EXHAUSTED"",
    ""details"": [
      {
        ""@type"": ""type.googleapis.com/google.rpc.ErrorInfo"",
        ""reason"": ""RATE_LIMIT_EXCEEDED"",
        ""domain"": ""googleapis.com"",
        ""metadata"": {
          ""quota_limit"": ""SearchTextRequestPerDayPerProject"",
          ""service"": ""places.googleapis.com"",
          ""quota_metric"": ""places.googleapis.com/SearchTextRequest"",
          ""quota_location"": ""global"",
          ""quota_limit_value"": ""100"",
          ""consumer"": ""projects/37282676545"",
          ""quota_unit"": ""1/d/{project}""
        }
      },
      {
        ""@type"": ""type.googleapis.com/google.rpc.Help"",
        ""links"": [
          {
            ""description"": ""Request a higher quota limit."",
            ""url"": ""https://cloud.google.com/doc",False
717107ce-f6a3-4b16-a798-5e52ff9e657c,Gurage Enset Agro-Forestry Farms,error,,,,,,,,,,"HTTP 429: {
  ""error"": {
    ""code"": 429,
    ""message"": ""Quota exceeded for quota metric 'SearchTextRequest' and limit 'SearchTextRequest per day' of service 'places.googleapis.com' for consumer 'project_number:37282676545'."",
    ""status"": ""RESOURCE_EXHAUSTED"",
    ""details"": [
      {
        ""@type"": ""type.googleapis.com/google.rpc.ErrorInfo"",
        ""reason"": ""RATE_LIMIT_EXCEEDED"",
        ""domain"": ""googleapis.com"",
        ""metadata"": {
          ""quota_unit"": ""1/d/{project}"",
          ""quota_limit_value"": ""100"",
          ""quota_metric"": ""places.googleapis.com/SearchTextRequest"",
          ""service"": ""places.googleapis.com"",
          ""quota_location"": ""global"",
          ""quota_limit"": ""SearchTextRequestPerDayPerProject"",
          ""consumer"": ""projects/37282676545""
        }
      },
      {
        ""@type"": ""type.googleapis.com/google.rpc.Help"",
        ""links"": [
          {
            ""description"": ""Request a higher quota limit."",
            ""url"": ""https://cloud.google.com/doc",False
71853a5b-2c2e-416d-803e-b4bb670de0ac,Hararghe Khat & Coffee Terrace Farms,error,,,,,,,,,,"HTTP 429: {
  ""error"": {
    ""code"": 429,
    ""message"": ""Quota exceeded for quota metric 'SearchTextRequest' and limit 'SearchTextRequest per day' of service 'places.googleapis.com' for consumer 'project_number:37282676545'."",
    ""status"": ""RESOURCE_EXHAUSTED"",
    ""details"": [
      {
        ""@type"": ""type.googleapis.com/google.rpc.ErrorInfo"",
        ""reason"": ""RATE_LIMIT_EXCEEDED"",
        ""domain"": ""googleapis.com"",
        ""metadata"": {
          ""quota_location"": ""global"",
          ""service"": ""places.googleapis.com"",
          ""quota_limit_value"": ""100"",
          ""consumer"": ""projects/37282676545"",
          ""quota_metric"": ""places.googleapis.com/SearchTextRequest"",
          ""quota_unit"": ""1/d/{project}"",
          ""quota_limit"": ""SearchTextRequestPerDayPerProject""
        }
      },
      {
        ""@type"": ""type.googleapis.com/google.rpc.Help"",
        ""links"": [
          {
            ""description"": ""Request a higher quota limit."",
            ""url"": ""https://cloud.google.com/doc",False
72959167-72a6-43cf-af90-6344ccf7430c,Soro Rural Agricultural Communities,error,,,,,,,,,,"HTTP 429: {
  ""error"": {
    ""code"": 429,
    ""message"": ""Quota exceeded for quota metric 'SearchTextRequest' and limit 'SearchTextRequest per day' of service 'places.googleapis.com' for consumer 'project_number:37282676545'."",
    ""status"": ""RESOURCE_EXHAUSTED"",
    ""details"": [
      {
        ""@type"": ""type.googleapis.com/google.rpc.ErrorInfo"",
        ""reason"": ""RATE_LIMIT_EXCEEDED"",
        ""domain"": ""googleapis.com"",
        ""metadata"": {
          ""quota_metric"": ""places.googleapis.com/SearchTextRequest"",
          ""quota_limit"": ""SearchTextRequestPerDayPerProject"",
          ""quota_limit_value"": ""100"",
          ""quota_unit"": ""1/d/{project}"",
          ""quota_location"": ""global"",
          ""service"": ""places.googleapis.com"",
          ""consumer"": ""projects/37282676545""
        }
      },
      {
        ""@type"": ""type.googleapis.com/google.rpc.Help"",
        ""links"": [
          {
            ""description"": ""Request a higher quota limit."",
            ""url"": ""https://cloud.google.com/doc",False
739a8b04-9360-4442-8326-c61ffe7de64f,Babile Rock Formations,error,,,,,,,,,,"HTTP 429: {
  ""error"": {
    ""code"": 429,
    ""message"": ""Quota exceeded for quota metric 'SearchTextRequest' and limit 'SearchTextRequest per day' of service 'places.googleapis.com' for consumer 'project_number:37282676545'."",
    ""status"": ""RESOURCE_EXHAUSTED"",
    ""details"": [
      {
        ""@type"": ""type.googleapis.com/google.rpc.ErrorInfo"",
        ""reason"": ""RATE_LIMIT_EXCEEDED"",
        ""domain"": ""googleapis.com"",
        ""metadata"": {
          ""quota_unit"": ""1/d/{project}"",
          ""quota_limit_value"": ""100"",
          ""quota_limit"": ""SearchTextRequestPerDayPerProject"",
          ""quota_metric"": ""places.googleapis.com/SearchTextRequest"",
          ""service"": ""places.googleapis.com"",
          ""consumer"": ""projects/37282676545"",
          ""quota_location"": ""global""
        }
      },
      {
        ""@type"": ""type.googleapis.com/google.rpc.Help"",
        ""links"": [
          {
            ""description"": ""Request a higher quota limit."",
            ""url"": ""https://cloud.google.com/doc",False
747633e2-2aaa-42a2-a116-d54d3b9aa7ad,Lake Logipi / Afar Wetland Systems,error,,,,,,,,,,"HTTP 429: {
  ""error"": {
    ""code"": 429,
    ""message"": ""Quota exceeded for quota metric 'SearchTextRequest' and limit 'SearchTextRequest per day' of service 'places.googleapis.com' for consumer 'project_number:37282676545'."",
    ""status"": ""RESOURCE_EXHAUSTED"",
    ""details"": [
      {
        ""@type"": ""type.googleapis.com/google.rpc.ErrorInfo"",
        ""reason"": ""RATE_LIMIT_EXCEEDED"",
        ""domain"": ""googleapis.com"",
        ""metadata"": {
          ""quota_location"": ""global"",
          ""quota_metric"": ""places.googleapis.com/SearchTextRequest"",
          ""consumer"": ""projects/37282676545"",
          ""service"": ""places.googleapis.com"",
          ""quota_limit"": ""SearchTextRequestPerDayPerProject"",
          ""quota_unit"": ""1/d/{project}"",
          ""quota_limit_value"": ""100""
        }
      },
      {
        ""@type"": ""type.googleapis.com/google.rpc.Help"",
        ""links"": [
          {
            ""description"": ""Request a higher quota limit."",
            ""url"": ""https://cloud.google.com/doc",False
75629099-8287-4f41-8c1b-fceb18999bf1,Entoto Space Science Research Center & Observatory,error,,,,,,,,,,"HTTP 429: {
  ""error"": {
    ""code"": 429,
    ""message"": ""Quota exceeded for quota metric 'SearchTextRequest' and limit 'SearchTextRequest per day' of service 'places.googleapis.com' for consumer 'project_number:37282676545'."",
    ""status"": ""RESOURCE_EXHAUSTED"",
    ""details"": [
      {
        ""@type"": ""type.googleapis.com/google.rpc.ErrorInfo"",
        ""reason"": ""RATE_LIMIT_EXCEEDED"",
        ""domain"": ""googleapis.com"",
        ""metadata"": {
          ""quota_metric"": ""places.googleapis.com/SearchTextRequest"",
          ""quota_limit"": ""SearchTextRequestPerDayPerProject"",
          ""quota_limit_value"": ""100"",
          ""service"": ""places.googleapis.com"",
          ""quota_location"": ""global"",
          ""consumer"": ""projects/37282676545"",
          ""quota_unit"": ""1/d/{project}""
        }
      },
      {
        ""@type"": ""type.googleapis.com/google.rpc.Help"",
        ""links"": [
          {
            ""description"": ""Request a higher quota limit."",
            ""url"": ""https://cloud.google.com/doc",False
758d3678-744c-4d4d-baaa-3160b2116e1b,Wonchi Crater Rim Agro-Villages,error,,,,,,,,,,"HTTP 429: {
  ""error"": {
    ""code"": 429,
    ""message"": ""Quota exceeded for quota metric 'SearchTextRequest' and limit 'SearchTextRequest per day' of service 'places.googleapis.com' for consumer 'project_number:37282676545'."",
    ""status"": ""RESOURCE_EXHAUSTED"",
    ""details"": [
      {
        ""@type"": ""type.googleapis.com/google.rpc.ErrorInfo"",
        ""reason"": ""RATE_LIMIT_EXCEEDED"",
        ""domain"": ""googleapis.com"",
        ""metadata"": {
          ""quota_unit"": ""1/d/{project}"",
          ""quota_limit_value"": ""100"",
          ""quota_limit"": ""SearchTextRequestPerDayPerProject"",
          ""quota_metric"": ""places.googleapis.com/SearchTextRequest"",
          ""service"": ""places.googleapis.com"",
          ""consumer"": ""projects/37282676545"",
          ""quota_location"": ""global""
        }
      },
      {
        ""@type"": ""type.googleapis.com/google.rpc.Help"",
        ""links"": [
          {
            ""description"": ""Request a higher quota limit."",
            ""url"": ""https://cloud.google.com/doc",False
75ce2351-c396-401e-9d0d-7d041e2524c4,Unity Park Imperial Dining Hall & Tea House,error,,,,,,,,,,"HTTP 429: {
  ""error"": {
    ""code"": 429,
    ""message"": ""Quota exceeded for quota metric 'SearchTextRequest' and limit 'SearchTextRequest per day' of service 'places.googleapis.com' for consumer 'project_number:37282676545'."",
    ""status"": ""RESOURCE_EXHAUSTED"",
    ""details"": [
      {
        ""@type"": ""type.googleapis.com/google.rpc.ErrorInfo"",
        ""reason"": ""RATE_LIMIT_EXCEEDED"",
        ""domain"": ""googleapis.com"",
        ""metadata"": {
          ""consumer"": ""projects/37282676545"",
          ""quota_unit"": ""1/d/{project}"",
          ""quota_limit"": ""SearchTextRequestPerDayPerProject"",
          ""quota_location"": ""global"",
          ""quota_limit_value"": ""100"",
          ""quota_metric"": ""places.googleapis.com/SearchTextRequest"",
          ""service"": ""places.googleapis.com""
        }
      },
      {
        ""@type"": ""type.googleapis.com/google.rpc.Help"",
        ""links"": [
          {
            ""description"": ""Request a higher quota limit."",
            ""url"": ""https://cloud.google.com/doc",False
76af50a0-f47f-40a6-85f9-379922cf2cbd,Arsi Dairy & Wheat Farming Estates,error,,,,,,,,,,"HTTP 429: {
  ""error"": {
    ""code"": 429,
    ""message"": ""Quota exceeded for quota metric 'SearchTextRequest' and limit 'SearchTextRequest per day' of service 'places.googleapis.com' for consumer 'project_number:37282676545'."",
    ""status"": ""RESOURCE_EXHAUSTED"",
    ""details"": [
      {
        ""@type"": ""type.googleapis.com/google.rpc.ErrorInfo"",
        ""reason"": ""RATE_LIMIT_EXCEEDED"",
        ""domain"": ""googleapis.com"",
        ""metadata"": {
          ""quota_metric"": ""places.googleapis.com/SearchTextRequest"",
          ""quota_limit"": ""SearchTextRequestPerDayPerProject"",
          ""quota_limit_value"": ""100"",
          ""quota_unit"": ""1/d/{project}"",
          ""quota_location"": ""global"",
          ""service"": ""places.googleapis.com"",
          ""consumer"": ""projects/37282676545""
        }
      },
      {
        ""@type"": ""type.googleapis.com/google.rpc.Help"",
        ""links"": [
          {
            ""description"": ""Request a higher quota limit."",
            ""url"": ""https://cloud.google.com/doc",False
7763645c-ba1d-43f1-9056-1945753f1978,Lake Chew Bahir Fringe (Desert Wildlife),error,,,,,,,,,,"HTTP 429: {
  ""error"": {
    ""code"": 429,
    ""message"": ""Quota exceeded for quota metric 'SearchTextRequest' and limit 'SearchTextRequest per day' of service 'places.googleapis.com' for consumer 'project_number:37282676545'."",
    ""status"": ""RESOURCE_EXHAUSTED"",
    ""details"": [
      {
        ""@type"": ""type.googleapis.com/google.rpc.ErrorInfo"",
        ""reason"": ""RATE_LIMIT_EXCEEDED"",
        ""domain"": ""googleapis.com"",
        ""metadata"": {
          ""quota_metric"": ""places.googleapis.com/SearchTextRequest"",
          ""quota_unit"": ""1/d/{project}"",
          ""consumer"": ""projects/37282676545"",
          ""quota_limit"": ""SearchTextRequestPerDayPerProject"",
          ""quota_limit_value"": ""100"",
          ""service"": ""places.googleapis.com"",
          ""quota_location"": ""global""
        }
      },
      {
        ""@type"": ""type.googleapis.com/google.rpc.Help"",
        ""links"": [
          {
            ""description"": ""Request a higher quota limit."",
            ""url"": ""https://cloud.google.com/doc",False
77ce857f-7bfb-4c7c-be3e-e5794e34a3b0,Blue Nile Gorge Whitewater Rafting / Trekking,error,,,,,,,,,,"HTTP 429: {
  ""error"": {
    ""code"": 429,
    ""message"": ""Quota exceeded for quota metric 'SearchTextRequest' and limit 'SearchTextRequest per day' of service 'places.googleapis.com' for consumer 'project_number:37282676545'."",
    ""status"": ""RESOURCE_EXHAUSTED"",
    ""details"": [
      {
        ""@type"": ""type.googleapis.com/google.rpc.ErrorInfo"",
        ""reason"": ""RATE_LIMIT_EXCEEDED"",
        ""domain"": ""googleapis.com"",
        ""metadata"": {
          ""quota_limit"": ""SearchTextRequestPerDayPerProject"",
          ""quota_limit_value"": ""100"",
          ""quota_unit"": ""1/d/{project}"",
          ""service"": ""places.googleapis.com"",
          ""consumer"": ""projects/37282676545"",
          ""quota_metric"": ""places.googleapis.com/SearchTextRequest"",
          ""quota_location"": ""global""
        }
      },
      {
        ""@type"": ""type.googleapis.com/google.rpc.Help"",
        ""links"": [
          {
            ""description"": ""Request a higher quota limit."",
            ""url"": ""https://cloud.google.com/doc",False
791fd2e8-d352-4ff4-be89-1f21f63ab7d2,Kuriftu Resort & Spa Bishoftu,error,,,,,,,,,,"HTTP 429: {
  ""error"": {
    ""code"": 429,
    ""message"": ""Quota exceeded for quota metric 'SearchTextRequest' and limit 'SearchTextRequest per day' of service 'places.googleapis.com' for consumer 'project_number:37282676545'."",
    ""status"": ""RESOURCE_EXHAUSTED"",
    ""details"": [
      {
        ""@type"": ""type.googleapis.com/google.rpc.ErrorInfo"",
        ""reason"": ""RATE_LIMIT_EXCEEDED"",
        ""domain"": ""googleapis.com"",
        ""metadata"": {
          ""quota_limit"": ""SearchTextRequestPerDayPerProject"",
          ""consumer"": ""projects/37282676545"",
          ""quota_metric"": ""places.googleapis.com/SearchTextRequest"",
          ""quota_limit_value"": ""100"",
          ""quota_unit"": ""1/d/{project}"",
          ""quota_location"": ""global"",
          ""service"": ""places.googleapis.com""
        }
      },
      {
        ""@type"": ""type.googleapis.com/google.rpc.Help"",
        ""links"": [
          {
            ""description"": ""Request a higher quota limit."",
            ""url"": ""https://cloud.google.com/doc",False
79edb245-2330-4d30-a972-eb648227b2df,Gishen Pharmacy Coffee Plantation Estate,error,,,,,,,,,,"HTTP 429: {
  ""error"": {
    ""code"": 429,
    ""message"": ""Quota exceeded for quota metric 'SearchTextRequest' and limit 'SearchTextRequest per day' of service 'places.googleapis.com' for consumer 'project_number:37282676545'."",
    ""status"": ""RESOURCE_EXHAUSTED"",
    ""details"": [
      {
        ""@type"": ""type.googleapis.com/google.rpc.ErrorInfo"",
        ""reason"": ""RATE_LIMIT_EXCEEDED"",
        ""domain"": ""googleapis.com"",
        ""metadata"": {
          ""quota_limit"": ""SearchTextRequestPerDayPerProject"",
          ""quota_limit_value"": ""100"",
          ""quota_unit"": ""1/d/{project}"",
          ""service"": ""places.googleapis.com"",
          ""consumer"": ""projects/37282676545"",
          ""quota_metric"": ""places.googleapis.com/SearchTextRequest"",
          ""quota_location"": ""global""
        }
      },
      {
        ""@type"": ""type.googleapis.com/google.rpc.Help"",
        ""links"": [
          {
            ""description"": ""Request a higher quota limit."",
            ""url"": ""https://cloud.google.com/doc",False
7a00111b-9a60-4113-8a08-3fec28046725,Battlefield of Anchem,error,,,,,,,,,,"HTTP 429: {
  ""error"": {
    ""code"": 429,
    ""message"": ""Quota exceeded for quota metric 'SearchTextRequest' and limit 'SearchTextRequest per day' of service 'places.googleapis.com' for consumer 'project_number:37282676545'."",
    ""status"": ""RESOURCE_EXHAUSTED"",
    ""details"": [
      {
        ""@type"": ""type.googleapis.com/google.rpc.ErrorInfo"",
        ""reason"": ""RATE_LIMIT_EXCEEDED"",
        ""domain"": ""googleapis.com"",
        ""metadata"": {
          ""consumer"": ""projects/37282676545"",
          ""quota_metric"": ""places.googleapis.com/SearchTextRequest"",
          ""quota_limit"": ""SearchTextRequestPerDayPerProject"",
          ""quota_location"": ""global"",
          ""service"": ""places.googleapis.com"",
          ""quota_limit_value"": ""100"",
          ""quota_unit"": ""1/d/{project}""
        }
      },
      {
        ""@type"": ""type.googleapis.com/google.rpc.Help"",
        ""links"": [
          {
            ""description"": ""Request a higher quota limit."",
            ""url"": ""https://cloud.google.com/doc",False
7a5e0fe6-3e60-4db5-8eff-b9547c1883fd,West Shewa Agro-Forestry Villages,error,,,,,,,,,,"HTTP 429: {
  ""error"": {
    ""code"": 429,
    ""message"": ""Quota exceeded for quota metric 'SearchTextRequest' and limit 'SearchTextRequest per day' of service 'places.googleapis.com' for consumer 'project_number:37282676545'."",
    ""status"": ""RESOURCE_EXHAUSTED"",
    ""details"": [
      {
        ""@type"": ""type.googleapis.com/google.rpc.ErrorInfo"",
        ""reason"": ""RATE_LIMIT_EXCEEDED"",
        ""domain"": ""googleapis.com"",
        ""metadata"": {
          ""quota_metric"": ""places.googleapis.com/SearchTextRequest"",
          ""quota_unit"": ""1/d/{project}"",
          ""consumer"": ""projects/37282676545"",
          ""quota_limit"": ""SearchTextRequestPerDayPerProject"",
          ""quota_limit_value"": ""100"",
          ""service"": ""places.googleapis.com"",
          ""quota_location"": ""global""
        }
      },
      {
        ""@type"": ""type.googleapis.com/google.rpc.Help"",
        ""links"": [
          {
            ""description"": ""Request a higher quota limit."",
            ""url"": ""https://cloud.google.com/doc",False
7afecfb4-d229-4c76-9edd-ba490b0355ed,Kafa Biosphere Original Wild Coffee Forest,error,,,,,,,,,,"HTTP 429: {
  ""error"": {
    ""code"": 429,
    ""message"": ""Quota exceeded for quota metric 'SearchTextRequest' and limit 'SearchTextRequest per day' of service 'places.googleapis.com' for consumer 'project_number:37282676545'."",
    ""status"": ""RESOURCE_EXHAUSTED"",
    ""details"": [
      {
        ""@type"": ""type.googleapis.com/google.rpc.ErrorInfo"",
        ""reason"": ""RATE_LIMIT_EXCEEDED"",
        ""domain"": ""googleapis.com"",
        ""metadata"": {
          ""consumer"": ""projects/37282676545"",
          ""quota_metric"": ""places.googleapis.com/SearchTextRequest"",
          ""quota_limit"": ""SearchTextRequestPerDayPerProject"",
          ""quota_location"": ""global"",
          ""service"": ""places.googleapis.com"",
          ""quota_limit_value"": ""100"",
          ""quota_unit"": ""1/d/{project}""
        }
      },
      {
        ""@type"": ""type.googleapis.com/google.rpc.Help"",
        ""links"": [
          {
            ""description"": ""Request a higher quota limit."",
            ""url"": ""https://cloud.google.com/doc",False
7b23982e-4363-4a29-96c7-5b3f00898229,Chorora Fossil Site,error,,,,,,,,,,"HTTP 429: {
  ""error"": {
    ""code"": 429,
    ""message"": ""Quota exceeded for quota metric 'SearchTextRequest' and limit 'SearchTextRequest per day' of service 'places.googleapis.com' for consumer 'project_number:37282676545'."",
    ""status"": ""RESOURCE_EXHAUSTED"",
    ""details"": [
      {
        ""@type"": ""type.googleapis.com/google.rpc.ErrorInfo"",
        ""reason"": ""RATE_LIMIT_EXCEEDED"",
        ""domain"": ""googleapis.com"",
        ""metadata"": {
          ""quota_limit_value"": ""100"",
          ""service"": ""places.googleapis.com"",
          ""quota_limit"": ""SearchTextRequestPerDayPerProject"",
          ""quota_unit"": ""1/d/{project}"",
          ""consumer"": ""projects/37282676545"",
          ""quota_metric"": ""places.googleapis.com/SearchTextRequest"",
          ""quota_location"": ""global""
        }
      },
      {
        ""@type"": ""type.googleapis.com/google.rpc.Help"",
        ""links"": [
          {
            ""description"": ""Request a higher quota limit."",
            ""url"": ""https://cloud.google.com/doc",False
7bcbed40-6495-4be9-aa57-c74b340efdbc,Debre Bizen Historic Connections / Border Monasteries,error,,,,,,,,,,"HTTP 429: {
  ""error"": {
    ""code"": 429,
    ""message"": ""Quota exceeded for quota metric 'SearchTextRequest' and limit 'SearchTextRequest per day' of service 'places.googleapis.com' for consumer 'project_number:37282676545'."",
    ""status"": ""RESOURCE_EXHAUSTED"",
    ""details"": [
      {
        ""@type"": ""type.googleapis.com/google.rpc.ErrorInfo"",
        ""reason"": ""RATE_LIMIT_EXCEEDED"",
        ""domain"": ""googleapis.com"",
        ""metadata"": {
          ""consumer"": ""projects/37282676545"",
          ""quota_unit"": ""1/d/{project}"",
          ""quota_limit"": ""SearchTextRequestPerDayPerProject"",
          ""quota_location"": ""global"",
          ""quota_limit_value"": ""100"",
          ""quota_metric"": ""places.googleapis.com/SearchTextRequest"",
          ""service"": ""places.googleapis.com""
        }
      },
      {
        ""@type"": ""type.googleapis.com/google.rpc.Help"",
        ""links"": [
          {
            ""description"": ""Request a higher quota limit."",
            ""url"": ""https://cloud.google.com/doc",False
7cd80dc4-e5d4-47a6-8b1b-cd4b8b4252b9,Best Western Plus Pearl Spa Hub,error,,,,,,,,,,"HTTP 429: {
  ""error"": {
    ""code"": 429,
    ""message"": ""Quota exceeded for quota metric 'SearchTextRequest' and limit 'SearchTextRequest per day' of service 'places.googleapis.com' for consumer 'project_number:37282676545'."",
    ""status"": ""RESOURCE_EXHAUSTED"",
    ""details"": [
      {
        ""@type"": ""type.googleapis.com/google.rpc.ErrorInfo"",
        ""reason"": ""RATE_LIMIT_EXCEEDED"",
        ""domain"": ""googleapis.com"",
        ""metadata"": {
          ""quota_limit_value"": ""100"",
          ""service"": ""places.googleapis.com"",
          ""quota_limit"": ""SearchTextRequestPerDayPerProject"",
          ""quota_unit"": ""1/d/{project}"",
          ""consumer"": ""projects/37282676545"",
          ""quota_metric"": ""places.googleapis.com/SearchTextRequest"",
          ""quota_location"": ""global""
        }
      },
      {
        ""@type"": ""type.googleapis.com/google.rpc.Help"",
        ""links"": [
          {
            ""description"": ""Request a higher quota limit."",
            ""url"": ""https://cloud.google.com/doc",False
7cf3597a-13a5-40f2-abad-ed22febf9b77,Lake Besaka Submerged Ghost Villages,error,,,,,,,,,,"HTTP 429: {
  ""error"": {
    ""code"": 429,
    ""message"": ""Quota exceeded for quota metric 'SearchTextRequest' and limit 'SearchTextRequest per day' of service 'places.googleapis.com' for consumer 'project_number:37282676545'."",
    ""status"": ""RESOURCE_EXHAUSTED"",
    ""details"": [
      {
        ""@type"": ""type.googleapis.com/google.rpc.ErrorInfo"",
        ""reason"": ""RATE_LIMIT_EXCEEDED"",
        ""domain"": ""googleapis.com"",
        ""metadata"": {
          ""quota_location"": ""global"",
          ""consumer"": ""projects/37282676545"",
          ""quota_limit_value"": ""100"",
          ""service"": ""places.googleapis.com"",
          ""quota_unit"": ""1/d/{project}"",
          ""quota_metric"": ""places.googleapis.com/SearchTextRequest"",
          ""quota_limit"": ""SearchTextRequestPerDayPerProject""
        }
      },
      {
        ""@type"": ""type.googleapis.com/google.rpc.Help"",
        ""links"": [
          {
            ""description"": ""Request a higher quota limit."",
            ""url"": ""https://cloud.google.com/doc",False
7db7e03a-a831-40a0-8d2f-d4e9b43af733,Awi Agew Cultural Region,error,,,,,,,,,,"HTTP 429: {
  ""error"": {
    ""code"": 429,
    ""message"": ""Quota exceeded for quota metric 'SearchTextRequest' and limit 'SearchTextRequest per day' of service 'places.googleapis.com' for consumer 'project_number:37282676545'."",
    ""status"": ""RESOURCE_EXHAUSTED"",
    ""details"": [
      {
        ""@type"": ""type.googleapis.com/google.rpc.ErrorInfo"",
        ""reason"": ""RATE_LIMIT_EXCEEDED"",
        ""domain"": ""googleapis.com"",
        ""metadata"": {
          ""quota_location"": ""global"",
          ""consumer"": ""projects/37282676545"",
          ""quota_limit_value"": ""100"",
          ""service"": ""places.googleapis.com"",
          ""quota_unit"": ""1/d/{project}"",
          ""quota_metric"": ""places.googleapis.com/SearchTextRequest"",
          ""quota_limit"": ""SearchTextRequestPerDayPerProject""
        }
      },
      {
        ""@type"": ""type.googleapis.com/google.rpc.Help"",
        ""links"": [
          {
            ""description"": ""Request a higher quota limit."",
            ""url"": ""https://cloud.google.com/doc",False
7de8f2d0-cea7-417d-8616-bf91e2ed6c2b,Kafa Biosphere Reserve (Wild Primates & Forest Birds),error,,,,,,,,,,"HTTP 429: {
  ""error"": {
    ""code"": 429,
    ""message"": ""Quota exceeded for quota metric 'SearchTextRequest' and limit 'SearchTextRequest per day' of service 'places.googleapis.com' for consumer 'project_number:37282676545'."",
    ""status"": ""RESOURCE_EXHAUSTED"",
    ""details"": [
      {
        ""@type"": ""type.googleapis.com/google.rpc.ErrorInfo"",
        ""reason"": ""RATE_LIMIT_EXCEEDED"",
        ""domain"": ""googleapis.com"",
        ""metadata"": {
          ""consumer"": ""projects/37282676545"",
          ""quota_metric"": ""places.googleapis.com/SearchTextRequest"",
          ""quota_limit"": ""SearchTextRequestPerDayPerProject"",
          ""quota_location"": ""global"",
          ""service"": ""places.googleapis.com"",
          ""quota_limit_value"": ""100"",
          ""quota_unit"": ""1/d/{project}""
        }
      },
      {
        ""@type"": ""type.googleapis.com/google.rpc.Help"",
        ""links"": [
          {
            ""description"": ""Request a higher quota limit."",
            ""url"": ""https://cloud.google.com/doc",False
808ac17a-9ec9-46a4-b8bf-91d7a9709b08,Dati Wolel National Park (Waterfowl & Primates),error,,,,,,,,,,"HTTP 429: {
  ""error"": {
    ""code"": 429,
    ""message"": ""Quota exceeded for quota metric 'SearchTextRequest' and limit 'SearchTextRequest per day' of service 'places.googleapis.com' for consumer 'project_number:37282676545'."",
    ""status"": ""RESOURCE_EXHAUSTED"",
    ""details"": [
      {
        ""@type"": ""type.googleapis.com/google.rpc.ErrorInfo"",
        ""reason"": ""RATE_LIMIT_EXCEEDED"",
        ""domain"": ""googleapis.com"",
        ""metadata"": {
          ""quota_location"": ""global"",
          ""consumer"": ""projects/37282676545"",
          ""quota_limit_value"": ""100"",
          ""service"": ""places.googleapis.com"",
          ""quota_unit"": ""1/d/{project}"",
          ""quota_metric"": ""places.googleapis.com/SearchTextRequest"",
          ""quota_limit"": ""SearchTextRequestPerDayPerProject""
        }
      },
      {
        ""@type"": ""type.googleapis.com/google.rpc.Help"",
        ""links"": [
          {
            ""description"": ""Request a higher quota limit."",
            ""url"": ""https://cloud.google.com/doc",False
80f516ce-6570-467e-b52d-b250909d14d8,Mekelle Martyrs Memorial Monument & Museum,error,,,,,,,,,,"HTTP 429: {
  ""error"": {
    ""code"": 429,
    ""message"": ""Quota exceeded for quota metric 'SearchTextRequest' and limit 'SearchTextRequest per day' of service 'places.googleapis.com' for consumer 'project_number:37282676545'."",
    ""status"": ""RESOURCE_EXHAUSTED"",
    ""details"": [
      {
        ""@type"": ""type.googleapis.com/google.rpc.ErrorInfo"",
        ""reason"": ""RATE_LIMIT_EXCEEDED"",
        ""domain"": ""googleapis.com"",
        ""metadata"": {
          ""quota_metric"": ""places.googleapis.com/SearchTextRequest"",
          ""service"": ""places.googleapis.com"",
          ""quota_unit"": ""1/d/{project}"",
          ""consumer"": ""projects/37282676545"",
          ""quota_limit"": ""SearchTextRequestPerDayPerProject"",
          ""quota_location"": ""global"",
          ""quota_limit_value"": ""100""
        }
      },
      {
        ""@type"": ""type.googleapis.com/google.rpc.Help"",
        ""links"": [
          {
            ""description"": ""Request a higher quota limit."",
            ""url"": ""https://cloud.google.com/doc",False
810c6f17-ed36-4bc7-bef4-9af0082f5de2,Bete Maryam & Imperial Compound,error,,,,,,,,,,"HTTP 429: {
  ""error"": {
    ""code"": 429,
    ""message"": ""Quota exceeded for quota metric 'SearchTextRequest' and limit 'SearchTextRequest per day' of service 'places.googleapis.com' for consumer 'project_number:37282676545'."",
    ""status"": ""RESOURCE_EXHAUSTED"",
    ""details"": [
      {
        ""@type"": ""type.googleapis.com/google.rpc.ErrorInfo"",
        ""reason"": ""RATE_LIMIT_EXCEEDED"",
        ""domain"": ""googleapis.com"",
        ""metadata"": {
          ""quota_location"": ""global"",
          ""quota_limit_value"": ""100"",
          ""quota_unit"": ""1/d/{project}"",
          ""consumer"": ""projects/37282676545"",
          ""quota_metric"": ""places.googleapis.com/SearchTextRequest"",
          ""quota_limit"": ""SearchTextRequestPerDayPerProject"",
          ""service"": ""places.googleapis.com""
        }
      },
      {
        ""@type"": ""type.googleapis.com/google.rpc.Help"",
        ""links"": [
          {
            ""description"": ""Request a higher quota limit."",
            ""url"": ""https://cloud.google.com/doc",False
812db92e-8bc5-4ba1-aa6c-1f5a50495e53,Adwa Victory Memorial & Battlefields Museum,error,,,,,,,,,,"HTTP 429: {
  ""error"": {
    ""code"": 429,
    ""message"": ""Quota exceeded for quota metric 'SearchTextRequest' and limit 'SearchTextRequest per day' of service 'places.googleapis.com' for consumer 'project_number:37282676545'."",
    ""status"": ""RESOURCE_EXHAUSTED"",
    ""details"": [
      {
        ""@type"": ""type.googleapis.com/google.rpc.ErrorInfo"",
        ""reason"": ""RATE_LIMIT_EXCEEDED"",
        ""domain"": ""googleapis.com"",
        ""metadata"": {
          ""quota_limit_value"": ""100"",
          ""service"": ""places.googleapis.com"",
          ""quota_limit"": ""SearchTextRequestPerDayPerProject"",
          ""quota_unit"": ""1/d/{project}"",
          ""consumer"": ""projects/37282676545"",
          ""quota_metric"": ""places.googleapis.com/SearchTextRequest"",
          ""quota_location"": ""global""
        }
      },
      {
        ""@type"": ""type.googleapis.com/google.rpc.Help"",
        ""links"": [
          {
            ""description"": ""Request a higher quota limit."",
            ""url"": ""https://cloud.google.com/doc",False
828adfee-2dac-4c07-bd30-e0f392ea439c,Aira Rainforest Sanctuary,error,,,,,,,,,,"HTTP 429: {
  ""error"": {
    ""code"": 429,
    ""message"": ""Quota exceeded for quota metric 'SearchTextRequest' and limit 'SearchTextRequest per day' of service 'places.googleapis.com' for consumer 'project_number:37282676545'."",
    ""status"": ""RESOURCE_EXHAUSTED"",
    ""details"": [
      {
        ""@type"": ""type.googleapis.com/google.rpc.ErrorInfo"",
        ""reason"": ""RATE_LIMIT_EXCEEDED"",
        ""domain"": ""googleapis.com"",
        ""metadata"": {
          ""quota_metric"": ""places.googleapis.com/SearchTextRequest"",
          ""quota_limit_value"": ""100"",
          ""quota_limit"": ""SearchTextRequestPerDayPerProject"",
          ""quota_unit"": ""1/d/{project}"",
          ""service"": ""places.googleapis.com"",
          ""consumer"": ""projects/37282676545"",
          ""quota_location"": ""global""
        }
      },
      {
        ""@type"": ""type.googleapis.com/google.rpc.Help"",
        ""links"": [
          {
            ""description"": ""Request a higher quota limit."",
            ""url"": ""https://cloud.google.com/doc",False
83381113-88e0-4b99-a696-5429844cbeca,Addis Ababa Railway Station Square (Lagahar),error,,,,,,,,,,"HTTP 429: {
  ""error"": {
    ""code"": 429,
    ""message"": ""Quota exceeded for quota metric 'SearchTextRequest' and limit 'SearchTextRequest per day' of service 'places.googleapis.com' for consumer 'project_number:37282676545'."",
    ""status"": ""RESOURCE_EXHAUSTED"",
    ""details"": [
      {
        ""@type"": ""type.googleapis.com/google.rpc.ErrorInfo"",
        ""reason"": ""RATE_LIMIT_EXCEEDED"",
        ""domain"": ""googleapis.com"",
        ""metadata"": {
          ""quota_location"": ""global"",
          ""service"": ""places.googleapis.com"",
          ""quota_unit"": ""1/d/{project}"",
          ""consumer"": ""projects/37282676545"",
          ""quota_limit_value"": ""100"",
          ""quota_metric"": ""places.googleapis.com/SearchTextRequest"",
          ""quota_limit"": ""SearchTextRequestPerDayPerProject""
        }
      },
      {
        ""@type"": ""type.googleapis.com/google.rpc.Help"",
        ""links"": [
          {
            ""description"": ""Request a higher quota limit."",
            ""url"": ""https://cloud.google.com/doc",False
84cfd8ed-473b-42b3-9f1a-f106be9b0b5b,Lower Omo Valley Hamer Cultural Villages,error,,,,,,,,,,"HTTP 429: {
  ""error"": {
    ""code"": 429,
    ""message"": ""Quota exceeded for quota metric 'SearchTextRequest' and limit 'SearchTextRequest per day' of service 'places.googleapis.com' for consumer 'project_number:37282676545'."",
    ""status"": ""RESOURCE_EXHAUSTED"",
    ""details"": [
      {
        ""@type"": ""type.googleapis.com/google.rpc.ErrorInfo"",
        ""reason"": ""RATE_LIMIT_EXCEEDED"",
        ""domain"": ""googleapis.com"",
        ""metadata"": {
          ""service"": ""places.googleapis.com"",
          ""consumer"": ""projects/37282676545"",
          ""quota_metric"": ""places.googleapis.com/SearchTextRequest"",
          ""quota_unit"": ""1/d/{project}"",
          ""quota_location"": ""global"",
          ""quota_limit_value"": ""100"",
          ""quota_limit"": ""SearchTextRequestPerDayPerProject""
        }
      },
      {
        ""@type"": ""type.googleapis.com/google.rpc.Help"",
        ""links"": [
          {
            ""description"": ""Request a higher quota limit."",
            ""url"": ""https://cloud.google.com/doc",False
86bfa076-8fe0-4906-9393-c7b532ed92bb,Adama Science & Technology University Labs,error,,,,,,,,,,"HTTP 429: {
  ""error"": {
    ""code"": 429,
    ""message"": ""Quota exceeded for quota metric 'SearchTextRequest' and limit 'SearchTextRequest per day' of service 'places.googleapis.com' for consumer 'project_number:37282676545'."",
    ""status"": ""RESOURCE_EXHAUSTED"",
    ""details"": [
      {
        ""@type"": ""type.googleapis.com/google.rpc.ErrorInfo"",
        ""reason"": ""RATE_LIMIT_EXCEEDED"",
        ""domain"": ""googleapis.com"",
        ""metadata"": {
          ""service"": ""places.googleapis.com"",
          ""consumer"": ""projects/37282676545"",
          ""quota_metric"": ""places.googleapis.com/SearchTextRequest"",
          ""quota_unit"": ""1/d/{project}"",
          ""quota_location"": ""global"",
          ""quota_limit_value"": ""100"",
          ""quota_limit"": ""SearchTextRequestPerDayPerProject""
        }
      },
      {
        ""@type"": ""type.googleapis.com/google.rpc.Help"",
        ""links"": [
          {
            ""description"": ""Request a higher quota limit."",
            ""url"": ""https://cloud.google.com/doc",False
870dbcdd-f0e1-4ca5-b549-02e9b9430349,Entoto Kuriftu Resort & Spa Chalets,error,,,,,,,,,,"HTTP 429: {
  ""error"": {
    ""code"": 429,
    ""message"": ""Quota exceeded for quota metric 'SearchTextRequest' and limit 'SearchTextRequest per day' of service 'places.googleapis.com' for consumer 'project_number:37282676545'."",
    ""status"": ""RESOURCE_EXHAUSTED"",
    ""details"": [
      {
        ""@type"": ""type.googleapis.com/google.rpc.ErrorInfo"",
        ""reason"": ""RATE_LIMIT_EXCEEDED"",
        ""domain"": ""googleapis.com"",
        ""metadata"": {
          ""quota_location"": ""global"",
          ""quota_limit_value"": ""100"",
          ""quota_unit"": ""1/d/{project}"",
          ""consumer"": ""projects/37282676545"",
          ""quota_metric"": ""places.googleapis.com/SearchTextRequest"",
          ""quota_limit"": ""SearchTextRequestPerDayPerProject"",
          ""service"": ""places.googleapis.com""
        }
      },
      {
        ""@type"": ""type.googleapis.com/google.rpc.Help"",
        ""links"": [
          {
            ""description"": ""Request a higher quota limit."",
            ""url"": ""https://cloud.google.com/doc",False
8717e5d4-d053-438e-ab34-4f076e27b61f,Gidabo Reservoir Boating Pier,error,,,,,,,,,,"HTTP 429: {
  ""error"": {
    ""code"": 429,
    ""message"": ""Quota exceeded for quota metric 'SearchTextRequest' and limit 'SearchTextRequest per day' of service 'places.googleapis.com' for consumer 'project_number:37282676545'."",
    ""status"": ""RESOURCE_EXHAUSTED"",
    ""details"": [
      {
        ""@type"": ""type.googleapis.com/google.rpc.ErrorInfo"",
        ""reason"": ""RATE_LIMIT_EXCEEDED"",
        ""domain"": ""googleapis.com"",
        ""metadata"": {
          ""quota_location"": ""global"",
          ""consumer"": ""projects/37282676545"",
          ""quota_metric"": ""places.googleapis.com/SearchTextRequest"",
          ""service"": ""places.googleapis.com"",
          ""quota_limit"": ""SearchTextRequestPerDayPerProject"",
          ""quota_unit"": ""1/d/{project}"",
          ""quota_limit_value"": ""100""
        }
      },
      {
        ""@type"": ""type.googleapis.com/google.rpc.Help"",
        ""links"": [
          {
            ""description"": ""Request a higher quota limit."",
            ""url"": ""https://cloud.google.com/doc",False
8809f9f2-116f-4013-86a8-2c5a18175bda,Surma/Suri Cattle Encampments,error,,,,,,,,,,"HTTP 429: {
  ""error"": {
    ""code"": 429,
    ""message"": ""Quota exceeded for quota metric 'SearchTextRequest' and limit 'SearchTextRequest per day' of service 'places.googleapis.com' for consumer 'project_number:37282676545'."",
    ""status"": ""RESOURCE_EXHAUSTED"",
    ""details"": [
      {
        ""@type"": ""type.googleapis.com/google.rpc.ErrorInfo"",
        ""reason"": ""RATE_LIMIT_EXCEEDED"",
        ""domain"": ""googleapis.com"",
        ""metadata"": {
          ""quota_metric"": ""places.googleapis.com/SearchTextRequest"",
          ""quota_limit_value"": ""100"",
          ""quota_limit"": ""SearchTextRequestPerDayPerProject"",
          ""quota_unit"": ""1/d/{project}"",
          ""service"": ""places.googleapis.com"",
          ""consumer"": ""projects/37282676545"",
          ""quota_location"": ""global""
        }
      },
      {
        ""@type"": ""type.googleapis.com/google.rpc.Help"",
        ""links"": [
          {
            ""description"": ""Request a higher quota limit."",
            ""url"": ""https://cloud.google.com/doc",False
8852aefd-6716-4705-ade6-d70e40db9973,African Union Conference Center Concourse,error,,,,,,,,,,"HTTP 429: {
  ""error"": {
    ""code"": 429,
    ""message"": ""Quota exceeded for quota metric 'SearchTextRequest' and limit 'SearchTextRequest per day' of service 'places.googleapis.com' for consumer 'project_number:37282676545'."",
    ""status"": ""RESOURCE_EXHAUSTED"",
    ""details"": [
      {
        ""@type"": ""type.googleapis.com/google.rpc.ErrorInfo"",
        ""reason"": ""RATE_LIMIT_EXCEEDED"",
        ""domain"": ""googleapis.com"",
        ""metadata"": {
          ""quota_limit"": ""SearchTextRequestPerDayPerProject"",
          ""quota_location"": ""global"",
          ""service"": ""places.googleapis.com"",
          ""quota_limit_value"": ""100"",
          ""consumer"": ""projects/37282676545"",
          ""quota_metric"": ""places.googleapis.com/SearchTextRequest"",
          ""quota_unit"": ""1/d/{project}""
        }
      },
      {
        ""@type"": ""type.googleapis.com/google.rpc.Help"",
        ""links"": [
          {
            ""description"": ""Request a higher quota limit."",
            ""url"": ""https://cloud.google.com/doc",False
885649e0-596c-4fc0-b81d-778d432372f5,Kiyaro Yoga & Forest Retreat,error,,,,,,,,,,"HTTP 429: {
  ""error"": {
    ""code"": 429,
    ""message"": ""Quota exceeded for quota metric 'SearchTextRequest' and limit 'SearchTextRequest per day' of service 'places.googleapis.com' for consumer 'project_number:37282676545'."",
    ""status"": ""RESOURCE_EXHAUSTED"",
    ""details"": [
      {
        ""@type"": ""type.googleapis.com/google.rpc.ErrorInfo"",
        ""reason"": ""RATE_LIMIT_EXCEEDED"",
        ""domain"": ""googleapis.com"",
        ""metadata"": {
          ""quota_limit"": ""SearchTextRequestPerDayPerProject"",
          ""quota_location"": ""global"",
          ""service"": ""places.googleapis.com"",
          ""quota_limit_value"": ""100"",
          ""consumer"": ""projects/37282676545"",
          ""quota_metric"": ""places.googleapis.com/SearchTextRequest"",
          ""quota_unit"": ""1/d/{project}""
        }
      },
      {
        ""@type"": ""type.googleapis.com/google.rpc.Help"",
        ""links"": [
          {
            ""description"": ""Request a higher quota limit."",
            ""url"": ""https://cloud.google.com/doc",False
8875723d-4573-45bf-9874-0ae1210d22f1,Lake Ziway Resort Wellness Grounds,error,,,,,,,,,,"HTTP 429: {
  ""error"": {
    ""code"": 429,
    ""message"": ""Quota exceeded for quota metric 'SearchTextRequest' and limit 'SearchTextRequest per day' of service 'places.googleapis.com' for consumer 'project_number:37282676545'."",
    ""status"": ""RESOURCE_EXHAUSTED"",
    ""details"": [
      {
        ""@type"": ""type.googleapis.com/google.rpc.ErrorInfo"",
        ""reason"": ""RATE_LIMIT_EXCEEDED"",
        ""domain"": ""googleapis.com"",
        ""metadata"": {
          ""quota_location"": ""global"",
          ""quota_unit"": ""1/d/{project}"",
          ""quota_limit"": ""SearchTextRequestPerDayPerProject"",
          ""quota_limit_value"": ""100"",
          ""consumer"": ""projects/37282676545"",
          ""quota_metric"": ""places.googleapis.com/SearchTextRequest"",
          ""service"": ""places.googleapis.com""
        }
      },
      {
        ""@type"": ""type.googleapis.com/google.rpc.Help"",
        ""links"": [
          {
            ""description"": ""Request a higher quota limit."",
            ""url"": ""https://cloud.google.com/doc",False
892cbc79-6390-42d1-bd71-2ed79b378d1a,Woldiya Central Market,error,,,,,,,,,,"HTTP 429: {
  ""error"": {
    ""code"": 429,
    ""message"": ""Quota exceeded for quota metric 'SearchTextRequest' and limit 'SearchTextRequest per day' of service 'places.googleapis.com' for consumer 'project_number:37282676545'."",
    ""status"": ""RESOURCE_EXHAUSTED"",
    ""details"": [
      {
        ""@type"": ""type.googleapis.com/google.rpc.ErrorInfo"",
        ""reason"": ""RATE_LIMIT_EXCEEDED"",
        ""domain"": ""googleapis.com"",
        ""metadata"": {
          ""service"": ""places.googleapis.com"",
          ""quota_metric"": ""places.googleapis.com/SearchTextRequest"",
          ""consumer"": ""projects/37282676545"",
          ""quota_limit"": ""SearchTextRequestPerDayPerProject"",
          ""quota_location"": ""global"",
          ""quota_limit_value"": ""100"",
          ""quota_unit"": ""1/d/{project}""
        }
      },
      {
        ""@type"": ""type.googleapis.com/google.rpc.Help"",
        ""links"": [
          {
            ""description"": ""Request a higher quota limit."",
            ""url"": ""https://cloud.google.com/doc",False
8956ca30-716e-4923-b7aa-61fd70fa671d,Dallol Hydrothermal Sulfur Fields,error,,,,,,,,,,"HTTP 429: {
  ""error"": {
    ""code"": 429,
    ""message"": ""Quota exceeded for quota metric 'SearchTextRequest' and limit 'SearchTextRequest per day' of service 'places.googleapis.com' for consumer 'project_number:37282676545'."",
    ""status"": ""RESOURCE_EXHAUSTED"",
    ""details"": [
      {
        ""@type"": ""type.googleapis.com/google.rpc.ErrorInfo"",
        ""reason"": ""RATE_LIMIT_EXCEEDED"",
        ""domain"": ""googleapis.com"",
        ""metadata"": {
          ""service"": ""places.googleapis.com"",
          ""quota_metric"": ""places.googleapis.com/SearchTextRequest"",
          ""consumer"": ""projects/37282676545"",
          ""quota_limit"": ""SearchTextRequestPerDayPerProject"",
          ""quota_location"": ""global"",
          ""quota_limit_value"": ""100"",
          ""quota_unit"": ""1/d/{project}""
        }
      },
      {
        ""@type"": ""type.googleapis.com/google.rpc.Help"",
        ""links"": [
          {
            ""description"": ""Request a higher quota limit."",
            ""url"": ""https://cloud.google.com/doc",False
89ab6e9f-04fe-477b-95d7-c7c1c0e41884,Upper Awash Agro-Industry Citrus Orchards,error,,,,,,,,,,"HTTP 429: {
  ""error"": {
    ""code"": 429,
    ""message"": ""Quota exceeded for quota metric 'SearchTextRequest' and limit 'SearchTextRequest per day' of service 'places.googleapis.com' for consumer 'project_number:37282676545'."",
    ""status"": ""RESOURCE_EXHAUSTED"",
    ""details"": [
      {
        ""@type"": ""type.googleapis.com/google.rpc.ErrorInfo"",
        ""reason"": ""RATE_LIMIT_EXCEEDED"",
        ""domain"": ""googleapis.com"",
        ""metadata"": {
          ""service"": ""places.googleapis.com"",
          ""quota_metric"": ""places.googleapis.com/SearchTextRequest"",
          ""consumer"": ""projects/37282676545"",
          ""quota_limit"": ""SearchTextRequestPerDayPerProject"",
          ""quota_location"": ""global"",
          ""quota_limit_value"": ""100"",
          ""quota_unit"": ""1/d/{project}""
        }
      },
      {
        ""@type"": ""type.googleapis.com/google.rpc.Help"",
        ""links"": [
          {
            ""description"": ""Request a higher quota limit."",
            ""url"": ""https://cloud.google.com/doc",False
89b0fb74-c0f0-4cbc-8eab-43ca95b5268c,Hossaena City Hub,error,,,,,,,,,,"HTTP 429: {
  ""error"": {
    ""code"": 429,
    ""message"": ""Quota exceeded for quota metric 'SearchTextRequest' and limit 'SearchTextRequest per day' of service 'places.googleapis.com' for consumer 'project_number:37282676545'."",
    ""status"": ""RESOURCE_EXHAUSTED"",
    ""details"": [
      {
        ""@type"": ""type.googleapis.com/google.rpc.ErrorInfo"",
        ""reason"": ""RATE_LIMIT_EXCEEDED"",
        ""domain"": ""googleapis.com"",
        ""metadata"": {
          ""quota_location"": ""global"",
          ""quota_limit"": ""SearchTextRequestPerDayPerProject"",
          ""service"": ""places.googleapis.com"",
          ""quota_unit"": ""1/d/{project}"",
          ""quota_limit_value"": ""100"",
          ""quota_metric"": ""places.googleapis.com/SearchTextRequest"",
          ""consumer"": ""projects/37282676545""
        }
      },
      {
        ""@type"": ""type.googleapis.com/google.rpc.Help"",
        ""links"": [
          {
            ""description"": ""Request a higher quota limit."",
            ""url"": ""https://cloud.google.com/doc",False
8ab6c3ad-4cc0-46b9-8163-aca350724db1,Lewi Resort Lake Promenade,error,,,,,,,,,,"HTTP 429: {
  ""error"": {
    ""code"": 429,
    ""message"": ""Quota exceeded for quota metric 'SearchTextRequest' and limit 'SearchTextRequest per day' of service 'places.googleapis.com' for consumer 'project_number:37282676545'."",
    ""status"": ""RESOURCE_EXHAUSTED"",
    ""details"": [
      {
        ""@type"": ""type.googleapis.com/google.rpc.ErrorInfo"",
        ""reason"": ""RATE_LIMIT_EXCEEDED"",
        ""domain"": ""googleapis.com"",
        ""metadata"": {
          ""quota_metric"": ""places.googleapis.com/SearchTextRequest"",
          ""consumer"": ""projects/37282676545"",
          ""quota_limit"": ""SearchTextRequestPerDayPerProject"",
          ""quota_location"": ""global"",
          ""quota_unit"": ""1/d/{project}"",
          ""quota_limit_value"": ""100"",
          ""service"": ""places.googleapis.com""
        }
      },
      {
        ""@type"": ""type.googleapis.com/google.rpc.Help"",
        ""links"": [
          {
            ""description"": ""Request a higher quota limit."",
            ""url"": ""https://cloud.google.com/doc",False
8cd7d29e-ca5c-4c5d-9547-58b4d24745ff,Harenna Forest Canopy (Bale Monkeys & Black-and-White Colobus),error,,,,,,,,,,"HTTP 429: {
  ""error"": {
    ""code"": 429,
    ""message"": ""Quota exceeded for quota metric 'SearchTextRequest' and limit 'SearchTextRequest per day' of service 'places.googleapis.com' for consumer 'project_number:37282676545'."",
    ""status"": ""RESOURCE_EXHAUSTED"",
    ""details"": [
      {
        ""@type"": ""type.googleapis.com/google.rpc.ErrorInfo"",
        ""reason"": ""RATE_LIMIT_EXCEEDED"",
        ""domain"": ""googleapis.com"",
        ""metadata"": {
          ""quota_location"": ""global"",
          ""consumer"": ""projects/37282676545"",
          ""quota_metric"": ""places.googleapis.com/SearchTextRequest"",
          ""service"": ""places.googleapis.com"",
          ""quota_limit"": ""SearchTextRequestPerDayPerProject"",
          ""quota_unit"": ""1/d/{project}"",
          ""quota_limit_value"": ""100""
        }
      },
      {
        ""@type"": ""type.googleapis.com/google.rpc.Help"",
        ""links"": [
          {
            ""description"": ""Request a higher quota limit."",
            ""url"": ""https://cloud.google.com/doc",False
8dcb4a89-1e11-477e-adfc-cba608eccc66,Lake Ziway Island Public Dock,error,,,,,,,,,,"HTTP 429: {
  ""error"": {
    ""code"": 429,
    ""message"": ""Quota exceeded for quota metric 'SearchTextRequest' and limit 'SearchTextRequest per day' of service 'places.googleapis.com' for consumer 'project_number:37282676545'."",
    ""status"": ""RESOURCE_EXHAUSTED"",
    ""details"": [
      {
        ""@type"": ""type.googleapis.com/google.rpc.ErrorInfo"",
        ""reason"": ""RATE_LIMIT_EXCEEDED"",
        ""domain"": ""googleapis.com"",
        ""metadata"": {
          ""quota_metric"": ""places.googleapis.com/SearchTextRequest"",
          ""consumer"": ""projects/37282676545"",
          ""quota_limit"": ""SearchTextRequestPerDayPerProject"",
          ""quota_location"": ""global"",
          ""quota_unit"": ""1/d/{project}"",
          ""quota_limit_value"": ""100"",
          ""service"": ""places.googleapis.com""
        }
      },
      {
        ""@type"": ""type.googleapis.com/google.rpc.Help"",
        ""links"": [
          {
            ""description"": ""Request a higher quota limit."",
            ""url"": ""https://cloud.google.com/doc",False
8e2d27ee-d1df-42eb-85d6-fd8b214bd966,Kafa Coffee Forests,error,,,,,,,,,,"HTTP 429: {
  ""error"": {
    ""code"": 429,
    ""message"": ""Quota exceeded for quota metric 'SearchTextRequest' and limit 'SearchTextRequest per day' of service 'places.googleapis.com' for consumer 'project_number:37282676545'."",
    ""status"": ""RESOURCE_EXHAUSTED"",
    ""details"": [
      {
        ""@type"": ""type.googleapis.com/google.rpc.ErrorInfo"",
        ""reason"": ""RATE_LIMIT_EXCEEDED"",
        ""domain"": ""googleapis.com"",
        ""metadata"": {
          ""quota_metric"": ""places.googleapis.com/SearchTextRequest"",
          ""consumer"": ""projects/37282676545"",
          ""quota_limit"": ""SearchTextRequestPerDayPerProject"",
          ""quota_location"": ""global"",
          ""quota_unit"": ""1/d/{project}"",
          ""quota_limit_value"": ""100"",
          ""service"": ""places.googleapis.com""
        }
      },
      {
        ""@type"": ""type.googleapis.com/google.rpc.Help"",
        ""links"": [
          {
            ""description"": ""Request a higher quota limit."",
            ""url"": ""https://cloud.google.com/doc",False
8e43f02f-24a3-47a8-ae88-2cae06889f34,Babile Elephant Sanctuary (Somali Elephants),error,,,,,,,,,,"HTTP 429: {
  ""error"": {
    ""code"": 429,
    ""message"": ""Quota exceeded for quota metric 'SearchTextRequest' and limit 'SearchTextRequest per day' of service 'places.googleapis.com' for consumer 'project_number:37282676545'."",
    ""status"": ""RESOURCE_EXHAUSTED"",
    ""details"": [
      {
        ""@type"": ""type.googleapis.com/google.rpc.ErrorInfo"",
        ""reason"": ""RATE_LIMIT_EXCEEDED"",
        ""domain"": ""googleapis.com"",
        ""metadata"": {
          ""quota_metric"": ""places.googleapis.com/SearchTextRequest"",
          ""consumer"": ""projects/37282676545"",
          ""quota_limit"": ""SearchTextRequestPerDayPerProject"",
          ""quota_location"": ""global"",
          ""quota_unit"": ""1/d/{project}"",
          ""quota_limit_value"": ""100"",
          ""service"": ""places.googleapis.com""
        }
      },
      {
        ""@type"": ""type.googleapis.com/google.rpc.Help"",
        ""links"": [
          {
            ""description"": ""Request a higher quota limit."",
            ""url"": ""https://cloud.google.com/doc",False
8e909beb-aa25-4342-881d-1faf0cd3cb30,Halala Kella Lodge Executive Retreat Center,error,,,,,,,,,,"HTTP 429: {
  ""error"": {
    ""code"": 429,
    ""message"": ""Quota exceeded for quota metric 'SearchTextRequest' and limit 'SearchTextRequest per day' of service 'places.googleapis.com' for consumer 'project_number:37282676545'."",
    ""status"": ""RESOURCE_EXHAUSTED"",
    ""details"": [
      {
        ""@type"": ""type.googleapis.com/google.rpc.ErrorInfo"",
        ""reason"": ""RATE_LIMIT_EXCEEDED"",
        ""domain"": ""googleapis.com"",
        ""metadata"": {
          ""quota_metric"": ""places.googleapis.com/SearchTextRequest"",
          ""consumer"": ""projects/37282676545"",
          ""quota_limit"": ""SearchTextRequestPerDayPerProject"",
          ""quota_location"": ""global"",
          ""quota_unit"": ""1/d/{project}"",
          ""quota_limit_value"": ""100"",
          ""service"": ""places.googleapis.com""
        }
      },
      {
        ""@type"": ""type.googleapis.com/google.rpc.Help"",
        ""links"": [
          {
            ""description"": ""Request a higher quota limit."",
            ""url"": ""https://cloud.google.com/doc",False
8f0ed152-8290-4805-98e9-e7cded62f931,Haile Resort Spa & Lakefront Retreat,error,,,,,,,,,,"HTTP 429: {
  ""error"": {
    ""code"": 429,
    ""message"": ""Quota exceeded for quota metric 'SearchTextRequest' and limit 'SearchTextRequest per day' of service 'places.googleapis.com' for consumer 'project_number:37282676545'."",
    ""status"": ""RESOURCE_EXHAUSTED"",
    ""details"": [
      {
        ""@type"": ""type.googleapis.com/google.rpc.ErrorInfo"",
        ""reason"": ""RATE_LIMIT_EXCEEDED"",
        ""domain"": ""googleapis.com"",
        ""metadata"": {
          ""consumer"": ""projects/37282676545"",
          ""service"": ""places.googleapis.com"",
          ""quota_unit"": ""1/d/{project}"",
          ""quota_location"": ""global"",
          ""quota_metric"": ""places.googleapis.com/SearchTextRequest"",
          ""quota_limit"": ""SearchTextRequestPerDayPerProject"",
          ""quota_limit_value"": ""100""
        }
      },
      {
        ""@type"": ""type.googleapis.com/google.rpc.Help"",
        ""links"": [
          {
            ""description"": ""Request a higher quota limit."",
            ""url"": ""https://cloud.google.com/doc",False
8f8c7971-f9fa-4e30-bd73-2cfdde6d4cd6,Alem Bekagn Historical Prison Compound,error,,,,,,,,,,"HTTP 429: {
  ""error"": {
    ""code"": 429,
    ""message"": ""Quota exceeded for quota metric 'SearchTextRequest' and limit 'SearchTextRequest per day' of service 'places.googleapis.com' for consumer 'project_number:37282676545'."",
    ""status"": ""RESOURCE_EXHAUSTED"",
    ""details"": [
      {
        ""@type"": ""type.googleapis.com/google.rpc.ErrorInfo"",
        ""reason"": ""RATE_LIMIT_EXCEEDED"",
        ""domain"": ""googleapis.com"",
        ""metadata"": {
          ""quota_limit_value"": ""100"",
          ""service"": ""places.googleapis.com"",
          ""quota_metric"": ""places.googleapis.com/SearchTextRequest"",
          ""quota_location"": ""global"",
          ""quota_unit"": ""1/d/{project}"",
          ""consumer"": ""projects/37282676545"",
          ""quota_limit"": ""SearchTextRequestPerDayPerProject""
        }
      },
      {
        ""@type"": ""type.googleapis.com/google.rpc.Help"",
        ""links"": [
          {
            ""description"": ""Request a higher quota limit."",
            ""url"": ""https://cloud.google.com/doc",False
91b4d2c6-1baf-43f4-b20f-236de77fb168,Entoto Forest Reforestation Outposts,error,,,,,,,,,,"HTTP 429: {
  ""error"": {
    ""code"": 429,
    ""message"": ""Quota exceeded for quota metric 'SearchTextRequest' and limit 'SearchTextRequest per day' of service 'places.googleapis.com' for consumer 'project_number:37282676545'."",
    ""status"": ""RESOURCE_EXHAUSTED"",
    ""details"": [
      {
        ""@type"": ""type.googleapis.com/google.rpc.ErrorInfo"",
        ""reason"": ""RATE_LIMIT_EXCEEDED"",
        ""domain"": ""googleapis.com"",
        ""metadata"": {
          ""quota_limit_value"": ""100"",
          ""service"": ""places.googleapis.com"",
          ""quota_metric"": ""places.googleapis.com/SearchTextRequest"",
          ""quota_location"": ""global"",
          ""quota_unit"": ""1/d/{project}"",
          ""consumer"": ""projects/37282676545"",
          ""quota_limit"": ""SearchTextRequestPerDayPerProject""
        }
      },
      {
        ""@type"": ""type.googleapis.com/google.rpc.Help"",
        ""links"": [
          {
            ""description"": ""Request a higher quota limit."",
            ""url"": ""https://cloud.google.com/doc",False
91f5ec03-87e1-493a-adc9-d5432193b182,Mount Kundudo Plateau,error,,,,,,,,,,"HTTP 429: {
  ""error"": {
    ""code"": 429,
    ""message"": ""Quota exceeded for quota metric 'SearchTextRequest' and limit 'SearchTextRequest per day' of service 'places.googleapis.com' for consumer 'project_number:37282676545'."",
    ""status"": ""RESOURCE_EXHAUSTED"",
    ""details"": [
      {
        ""@type"": ""type.googleapis.com/google.rpc.ErrorInfo"",
        ""reason"": ""RATE_LIMIT_EXCEEDED"",
        ""domain"": ""googleapis.com"",
        ""metadata"": {
          ""consumer"": ""projects/37282676545"",
          ""service"": ""places.googleapis.com"",
          ""quota_unit"": ""1/d/{project}"",
          ""quota_location"": ""global"",
          ""quota_metric"": ""places.googleapis.com/SearchTextRequest"",
          ""quota_limit"": ""SearchTextRequestPerDayPerProject"",
          ""quota_limit_value"": ""100""
        }
      },
      {
        ""@type"": ""type.googleapis.com/google.rpc.Help"",
        ""links"": [
          {
            ""description"": ""Request a higher quota limit."",
            ""url"": ""https://cloud.google.com/doc",False
93d40feb-ce2a-42b8-a1fa-176bd74f9488,Silte Agricultural Communities,error,,,,,,,,,,"HTTP 429: {
  ""error"": {
    ""code"": 429,
    ""message"": ""Quota exceeded for quota metric 'SearchTextRequest' and limit 'SearchTextRequest per day' of service 'places.googleapis.com' for consumer 'project_number:37282676545'."",
    ""status"": ""RESOURCE_EXHAUSTED"",
    ""details"": [
      {
        ""@type"": ""type.googleapis.com/google.rpc.ErrorInfo"",
        ""reason"": ""RATE_LIMIT_EXCEEDED"",
        ""domain"": ""googleapis.com"",
        ""metadata"": {
          ""quota_location"": ""global"",
          ""quota_unit"": ""1/d/{project}"",
          ""consumer"": ""projects/37282676545"",
          ""quota_metric"": ""places.googleapis.com/SearchTextRequest"",
          ""quota_limit"": ""SearchTextRequestPerDayPerProject"",
          ""service"": ""places.googleapis.com"",
          ""quota_limit_value"": ""100""
        }
      },
      {
        ""@type"": ""type.googleapis.com/google.rpc.Help"",
        ""links"": [
          {
            ""description"": ""Request a higher quota limit."",
            ""url"": ""https://cloud.google.com/doc",False
9476315f-86bd-4c97-aaf7-def273a2daaa,Entoto Park Complex,error,,,,,,,,,,"HTTP 429: {
  ""error"": {
    ""code"": 429,
    ""message"": ""Quota exceeded for quota metric 'SearchTextRequest' and limit 'SearchTextRequest per day' of service 'places.googleapis.com' for consumer 'project_number:37282676545'."",
    ""status"": ""RESOURCE_EXHAUSTED"",
    ""details"": [
      {
        ""@type"": ""type.googleapis.com/google.rpc.ErrorInfo"",
        ""reason"": ""RATE_LIMIT_EXCEEDED"",
        ""domain"": ""googleapis.com"",
        ""metadata"": {
          ""service"": ""places.googleapis.com"",
          ""quota_metric"": ""places.googleapis.com/SearchTextRequest"",
          ""consumer"": ""projects/37282676545"",
          ""quota_limit"": ""SearchTextRequestPerDayPerProject"",
          ""quota_location"": ""global"",
          ""quota_limit_value"": ""100"",
          ""quota_unit"": ""1/d/{project}""
        }
      },
      {
        ""@type"": ""type.googleapis.com/google.rpc.Help"",
        ""links"": [
          {
            ""description"": ""Request a higher quota limit."",
            ""url"": ""https://cloud.google.com/doc",False
94812cd7-959b-4b3b-8045-77417362aa2b,Yeka Mikael Historic Unfinished Complex,error,,,,,,,,,,"HTTP 429: {
  ""error"": {
    ""code"": 429,
    ""message"": ""Quota exceeded for quota metric 'SearchTextRequest' and limit 'SearchTextRequest per day' of service 'places.googleapis.com' for consumer 'project_number:37282676545'."",
    ""status"": ""RESOURCE_EXHAUSTED"",
    ""details"": [
      {
        ""@type"": ""type.googleapis.com/google.rpc.ErrorInfo"",
        ""reason"": ""RATE_LIMIT_EXCEEDED"",
        ""domain"": ""googleapis.com"",
        ""metadata"": {
          ""quota_limit"": ""SearchTextRequestPerDayPerProject"",
          ""service"": ""places.googleapis.com"",
          ""quota_location"": ""global"",
          ""quota_unit"": ""1/d/{project}"",
          ""consumer"": ""projects/37282676545"",
          ""quota_metric"": ""places.googleapis.com/SearchTextRequest"",
          ""quota_limit_value"": ""100""
        }
      },
      {
        ""@type"": ""type.googleapis.com/google.rpc.Help"",
        ""links"": [
          {
            ""description"": ""Request a higher quota limit."",
            ""url"": ""https://cloud.google.com/doc",False
94869432-e851-4cea-b7db-939fa7be65b6,Kulubi Gabriel Church,error,,,,,,,,,,"HTTP 429: {
  ""error"": {
    ""code"": 429,
    ""message"": ""Quota exceeded for quota metric 'SearchTextRequest' and limit 'SearchTextRequest per day' of service 'places.googleapis.com' for consumer 'project_number:37282676545'."",
    ""status"": ""RESOURCE_EXHAUSTED"",
    ""details"": [
      {
        ""@type"": ""type.googleapis.com/google.rpc.ErrorInfo"",
        ""reason"": ""RATE_LIMIT_EXCEEDED"",
        ""domain"": ""googleapis.com"",
        ""metadata"": {
          ""quota_location"": ""global"",
          ""quota_unit"": ""1/d/{project}"",
          ""service"": ""places.googleapis.com"",
          ""quota_limit"": ""SearchTextRequestPerDayPerProject"",
          ""quota_limit_value"": ""100"",
          ""consumer"": ""projects/37282676545"",
          ""quota_metric"": ""places.googleapis.com/SearchTextRequest""
        }
      },
      {
        ""@type"": ""type.googleapis.com/google.rpc.Help"",
        ""links"": [
          {
            ""description"": ""Request a higher quota limit."",
            ""url"": ""https://cloud.google.com/doc",False
94d5c37d-fa37-40a2-ab31-54ebcb67a3c5,Tut Fela Megalithic Site,error,,,,,,,,,,"HTTP 429: {
  ""error"": {
    ""code"": 429,
    ""message"": ""Quota exceeded for quota metric 'SearchTextRequest' and limit 'SearchTextRequest per day' of service 'places.googleapis.com' for consumer 'project_number:37282676545'."",
    ""status"": ""RESOURCE_EXHAUSTED"",
    ""details"": [
      {
        ""@type"": ""type.googleapis.com/google.rpc.ErrorInfo"",
        ""reason"": ""RATE_LIMIT_EXCEEDED"",
        ""domain"": ""googleapis.com"",
        ""metadata"": {
          ""quota_limit_value"": ""100"",
          ""service"": ""places.googleapis.com"",
          ""quota_metric"": ""places.googleapis.com/SearchTextRequest"",
          ""quota_location"": ""global"",
          ""quota_unit"": ""1/d/{project}"",
          ""consumer"": ""projects/37282676545"",
          ""quota_limit"": ""SearchTextRequestPerDayPerProject""
        }
      },
      {
        ""@type"": ""type.googleapis.com/google.rpc.Help"",
        ""links"": [
          {
            ""description"": ""Request a higher quota limit."",
            ""url"": ""https://cloud.google.com/doc",False
94f57ddf-1897-4e4e-8c52-8b3a9c13bccf,Hadiya Traditional Homesteads,error,,,,,,,,,,"HTTP 429: {
  ""error"": {
    ""code"": 429,
    ""message"": ""Quota exceeded for quota metric 'SearchTextRequest' and limit 'SearchTextRequest per day' of service 'places.googleapis.com' for consumer 'project_number:37282676545'."",
    ""status"": ""RESOURCE_EXHAUSTED"",
    ""details"": [
      {
        ""@type"": ""type.googleapis.com/google.rpc.ErrorInfo"",
        ""reason"": ""RATE_LIMIT_EXCEEDED"",
        ""domain"": ""googleapis.com"",
        ""metadata"": {
          ""quota_limit_value"": ""100"",
          ""quota_limit"": ""SearchTextRequestPerDayPerProject"",
          ""consumer"": ""projects/37282676545"",
          ""service"": ""places.googleapis.com"",
          ""quota_metric"": ""places.googleapis.com/SearchTextRequest"",
          ""quota_location"": ""global"",
          ""quota_unit"": ""1/d/{project}""
        }
      },
      {
        ""@type"": ""type.googleapis.com/google.rpc.Help"",
        ""links"": [
          {
            ""description"": ""Request a higher quota limit."",
            ""url"": ""https://cloud.google.com/doc",False
95fec16c-2089-4eb1-bb40-3d7910f36919,Lake Abaya Red Lake Boat Excursions,error,,,,,,,,,,"HTTP 429: {
  ""error"": {
    ""code"": 429,
    ""message"": ""Quota exceeded for quota metric 'SearchTextRequest' and limit 'SearchTextRequest per day' of service 'places.googleapis.com' for consumer 'project_number:37282676545'."",
    ""status"": ""RESOURCE_EXHAUSTED"",
    ""details"": [
      {
        ""@type"": ""type.googleapis.com/google.rpc.ErrorInfo"",
        ""reason"": ""RATE_LIMIT_EXCEEDED"",
        ""domain"": ""googleapis.com"",
        ""metadata"": {
          ""service"": ""places.googleapis.com"",
          ""quota_limit_value"": ""100"",
          ""quota_metric"": ""places.googleapis.com/SearchTextRequest"",
          ""quota_limit"": ""SearchTextRequestPerDayPerProject"",
          ""quota_unit"": ""1/d/{project}"",
          ""consumer"": ""projects/37282676545"",
          ""quota_location"": ""global""
        }
      },
      {
        ""@type"": ""type.googleapis.com/google.rpc.Help"",
        ""links"": [
          {
            ""description"": ""Request a higher quota limit."",
            ""url"": ""https://cloud.google.com/doc",False
96c55b56-44f3-4324-b389-ea53f6b35bc8,Gojjam Traditional Agrarian Homesteads,error,,,,,,,,,,"HTTP 429: {
  ""error"": {
    ""code"": 429,
    ""message"": ""Quota exceeded for quota metric 'SearchTextRequest' and limit 'SearchTextRequest per day' of service 'places.googleapis.com' for consumer 'project_number:37282676545'."",
    ""status"": ""RESOURCE_EXHAUSTED"",
    ""details"": [
      {
        ""@type"": ""type.googleapis.com/google.rpc.ErrorInfo"",
        ""reason"": ""RATE_LIMIT_EXCEEDED"",
        ""domain"": ""googleapis.com"",
        ""metadata"": {
          ""service"": ""places.googleapis.com"",
          ""quota_limit_value"": ""100"",
          ""quota_metric"": ""places.googleapis.com/SearchTextRequest"",
          ""quota_limit"": ""SearchTextRequestPerDayPerProject"",
          ""quota_unit"": ""1/d/{project}"",
          ""consumer"": ""projects/37282676545"",
          ""quota_location"": ""global""
        }
      },
      {
        ""@type"": ""type.googleapis.com/google.rpc.Help"",
        ""links"": [
          {
            ""description"": ""Request a higher quota limit."",
            ""url"": ""https://cloud.google.com/doc",False
979a23fe-2a2d-47a7-abae-dc2b33f33350,Yem Special Woreda Cultural Villages,error,,,,,,,,,,"HTTP 429: {
  ""error"": {
    ""code"": 429,
    ""message"": ""Quota exceeded for quota metric 'SearchTextRequest' and limit 'SearchTextRequest per day' of service 'places.googleapis.com' for consumer 'project_number:37282676545'."",
    ""status"": ""RESOURCE_EXHAUSTED"",
    ""details"": [
      {
        ""@type"": ""type.googleapis.com/google.rpc.ErrorInfo"",
        ""reason"": ""RATE_LIMIT_EXCEEDED"",
        ""domain"": ""googleapis.com"",
        ""metadata"": {
          ""service"": ""places.googleapis.com"",
          ""quota_limit_value"": ""100"",
          ""quota_metric"": ""places.googleapis.com/SearchTextRequest"",
          ""quota_limit"": ""SearchTextRequestPerDayPerProject"",
          ""quota_unit"": ""1/d/{project}"",
          ""consumer"": ""projects/37282676545"",
          ""quota_location"": ""global""
        }
      },
      {
        ""@type"": ""type.googleapis.com/google.rpc.Help"",
        ""links"": [
          {
            ""description"": ""Request a higher quota limit."",
            ""url"": ""https://cloud.google.com/doc",False
98488f14-3547-441e-89f0-77b416fdad3d,Kwegu Indigenous Fishing Villages,error,,,,,,,,,,"HTTP 429: {
  ""error"": {
    ""code"": 429,
    ""message"": ""Quota exceeded for quota metric 'SearchTextRequest' and limit 'SearchTextRequest per day' of service 'places.googleapis.com' for consumer 'project_number:37282676545'."",
    ""status"": ""RESOURCE_EXHAUSTED"",
    ""details"": [
      {
        ""@type"": ""type.googleapis.com/google.rpc.ErrorInfo"",
        ""reason"": ""RATE_LIMIT_EXCEEDED"",
        ""domain"": ""googleapis.com"",
        ""metadata"": {
          ""quota_unit"": ""1/d/{project}"",
          ""quota_location"": ""global"",
          ""consumer"": ""projects/37282676545"",
          ""quota_limit"": ""SearchTextRequestPerDayPerProject"",
          ""service"": ""places.googleapis.com"",
          ""quota_limit_value"": ""100"",
          ""quota_metric"": ""places.googleapis.com/SearchTextRequest""
        }
      },
      {
        ""@type"": ""type.googleapis.com/google.rpc.Help"",
        ""links"": [
          {
            ""description"": ""Request a higher quota limit."",
            ""url"": ""https://cloud.google.com/doc",False
985d43dc-05d4-43c9-9394-f0cb0a06c034,Gheralta Massif Free Solo/Climbing Routes,error,,,,,,,,,,"HTTP 429: {
  ""error"": {
    ""code"": 429,
    ""message"": ""Quota exceeded for quota metric 'SearchTextRequest' and limit 'SearchTextRequest per day' of service 'places.googleapis.com' for consumer 'project_number:37282676545'."",
    ""status"": ""RESOURCE_EXHAUSTED"",
    ""details"": [
      {
        ""@type"": ""type.googleapis.com/google.rpc.ErrorInfo"",
        ""reason"": ""RATE_LIMIT_EXCEEDED"",
        ""domain"": ""googleapis.com"",
        ""metadata"": {
          ""quota_limit"": ""SearchTextRequestPerDayPerProject"",
          ""service"": ""places.googleapis.com"",
          ""quota_location"": ""global"",
          ""quota_unit"": ""1/d/{project}"",
          ""consumer"": ""projects/37282676545"",
          ""quota_metric"": ""places.googleapis.com/SearchTextRequest"",
          ""quota_limit_value"": ""100""
        }
      },
      {
        ""@type"": ""type.googleapis.com/google.rpc.Help"",
        ""links"": [
          {
            ""description"": ""Request a higher quota limit."",
            ""url"": ""https://cloud.google.com/doc",False
98c1ea10-4a2e-43bb-b9e2-013369decee7,Lake Besaka Quad Biking,error,,,,,,,,,,"HTTP 429: {
  ""error"": {
    ""code"": 429,
    ""message"": ""Quota exceeded for quota metric 'SearchTextRequest' and limit 'SearchTextRequest per day' of service 'places.googleapis.com' for consumer 'project_number:37282676545'."",
    ""status"": ""RESOURCE_EXHAUSTED"",
    ""details"": [
      {
        ""@type"": ""type.googleapis.com/google.rpc.ErrorInfo"",
        ""reason"": ""RATE_LIMIT_EXCEEDED"",
        ""domain"": ""googleapis.com"",
        ""metadata"": {
          ""service"": ""places.googleapis.com"",
          ""quota_limit_value"": ""100"",
          ""quota_metric"": ""places.googleapis.com/SearchTextRequest"",
          ""quota_limit"": ""SearchTextRequestPerDayPerProject"",
          ""quota_unit"": ""1/d/{project}"",
          ""consumer"": ""projects/37282676545"",
          ""quota_location"": ""global""
        }
      },
      {
        ""@type"": ""type.googleapis.com/google.rpc.Help"",
        ""links"": [
          {
            ""description"": ""Request a higher quota limit."",
            ""url"": ""https://cloud.google.com/doc",False
991aae19-c03d-463e-8972-7315ecc8ff17,Senkele Sanctuary (Swaynes Hartebeest),error,,,,,,,,,,"HTTP 429: {
  ""error"": {
    ""code"": 429,
    ""message"": ""Quota exceeded for quota metric 'SearchTextRequest' and limit 'SearchTextRequest per day' of service 'places.googleapis.com' for consumer 'project_number:37282676545'."",
    ""status"": ""RESOURCE_EXHAUSTED"",
    ""details"": [
      {
        ""@type"": ""type.googleapis.com/google.rpc.ErrorInfo"",
        ""reason"": ""RATE_LIMIT_EXCEEDED"",
        ""domain"": ""googleapis.com"",
        ""metadata"": {
          ""quota_unit"": ""1/d/{project}"",
          ""quota_location"": ""global"",
          ""consumer"": ""projects/37282676545"",
          ""quota_limit"": ""SearchTextRequestPerDayPerProject"",
          ""service"": ""places.googleapis.com"",
          ""quota_limit_value"": ""100"",
          ""quota_metric"": ""places.googleapis.com/SearchTextRequest""
        }
      },
      {
        ""@type"": ""type.googleapis.com/google.rpc.Help"",
        ""links"": [
          {
            ""description"": ""Request a higher quota limit."",
            ""url"": ""https://cloud.google.com/doc",False
994caadf-34b4-425e-a463-f421f7789912,Sheka Rainforest Community Conservation Outposts,error,,,,,,,,,,"HTTP 429: {
  ""error"": {
    ""code"": 429,
    ""message"": ""Quota exceeded for quota metric 'SearchTextRequest' and limit 'SearchTextRequest per day' of service 'places.googleapis.com' for consumer 'project_number:37282676545'."",
    ""status"": ""RESOURCE_EXHAUSTED"",
    ""details"": [
      {
        ""@type"": ""type.googleapis.com/google.rpc.ErrorInfo"",
        ""reason"": ""RATE_LIMIT_EXCEEDED"",
        ""domain"": ""googleapis.com"",
        ""metadata"": {
          ""quota_location"": ""global"",
          ""quota_unit"": ""1/d/{project}"",
          ""service"": ""places.googleapis.com"",
          ""quota_limit"": ""SearchTextRequestPerDayPerProject"",
          ""quota_limit_value"": ""100"",
          ""consumer"": ""projects/37282676545"",
          ""quota_metric"": ""places.googleapis.com/SearchTextRequest""
        }
      },
      {
        ""@type"": ""type.googleapis.com/google.rpc.Help"",
        ""links"": [
          {
            ""description"": ""Request a higher quota limit."",
            ""url"": ""https://cloud.google.com/doc",False
9965e3e8-94cd-47f5-a2cb-1f9b54a77425,Sof Omar Underground Cave Geomorphology Site,error,,,,,,,,,,"HTTP 429: {
  ""error"": {
    ""code"": 429,
    ""message"": ""Quota exceeded for quota metric 'SearchTextRequest' and limit 'SearchTextRequest per day' of service 'places.googleapis.com' for consumer 'project_number:37282676545'."",
    ""status"": ""RESOURCE_EXHAUSTED"",
    ""details"": [
      {
        ""@type"": ""type.googleapis.com/google.rpc.ErrorInfo"",
        ""reason"": ""RATE_LIMIT_EXCEEDED"",
        ""domain"": ""googleapis.com"",
        ""metadata"": {
          ""consumer"": ""projects/37282676545"",
          ""quota_location"": ""global"",
          ""quota_unit"": ""1/d/{project}"",
          ""service"": ""places.googleapis.com"",
          ""quota_metric"": ""places.googleapis.com/SearchTextRequest"",
          ""quota_limit"": ""SearchTextRequestPerDayPerProject"",
          ""quota_limit_value"": ""100""
        }
      },
      {
        ""@type"": ""type.googleapis.com/google.rpc.Help"",
        ""links"": [
          {
            ""description"": ""Request a higher quota limit."",
            ""url"": ""https://cloud.google.com/doc",False
9ae04c21-11f2-497e-ab55-0d70ea594866,Bora Crater Lake Expedition,error,,,,,,,,,,"HTTP 429: {
  ""error"": {
    ""code"": 429,
    ""message"": ""Quota exceeded for quota metric 'SearchTextRequest' and limit 'SearchTextRequest per day' of service 'places.googleapis.com' for consumer 'project_number:37282676545'."",
    ""status"": ""RESOURCE_EXHAUSTED"",
    ""details"": [
      {
        ""@type"": ""type.googleapis.com/google.rpc.ErrorInfo"",
        ""reason"": ""RATE_LIMIT_EXCEEDED"",
        ""domain"": ""googleapis.com"",
        ""metadata"": {
          ""service"": ""places.googleapis.com"",
          ""quota_limit"": ""SearchTextRequestPerDayPerProject"",
          ""quota_unit"": ""1/d/{project}"",
          ""quota_limit_value"": ""100"",
          ""quota_location"": ""global"",
          ""quota_metric"": ""places.googleapis.com/SearchTextRequest"",
          ""consumer"": ""projects/37282676545""
        }
      },
      {
        ""@type"": ""type.googleapis.com/google.rpc.Help"",
        ""links"": [
          {
            ""description"": ""Request a higher quota limit."",
            ""url"": ""https://cloud.google.com/doc",False
9af706fa-5816-450d-8b1d-0c0054c5703d,Winifred Thermal Retreat,error,,,,,,,,,,"HTTP 429: {
  ""error"": {
    ""code"": 429,
    ""message"": ""Quota exceeded for quota metric 'SearchTextRequest' and limit 'SearchTextRequest per day' of service 'places.googleapis.com' for consumer 'project_number:37282676545'."",
    ""status"": ""RESOURCE_EXHAUSTED"",
    ""details"": [
      {
        ""@type"": ""type.googleapis.com/google.rpc.ErrorInfo"",
        ""reason"": ""RATE_LIMIT_EXCEEDED"",
        ""domain"": ""googleapis.com"",
        ""metadata"": {
          ""quota_unit"": ""1/d/{project}"",
          ""quota_limit_value"": ""100"",
          ""consumer"": ""projects/37282676545"",
          ""quota_location"": ""global"",
          ""service"": ""places.googleapis.com"",
          ""quota_metric"": ""places.googleapis.com/SearchTextRequest"",
          ""quota_limit"": ""SearchTextRequestPerDayPerProject""
        }
      },
      {
        ""@type"": ""type.googleapis.com/google.rpc.Help"",
        ""links"": [
          {
            ""description"": ""Request a higher quota limit."",
            ""url"": ""https://cloud.google.com/doc",False
9b41010d-256d-49e3-a5d8-3274cbafac53,Ambo Mineral Stone Crafts Stalls,error,,,,,,,,,,"HTTP 429: {
  ""error"": {
    ""code"": 429,
    ""message"": ""Quota exceeded for quota metric 'SearchTextRequest' and limit 'SearchTextRequest per day' of service 'places.googleapis.com' for consumer 'project_number:37282676545'."",
    ""status"": ""RESOURCE_EXHAUSTED"",
    ""details"": [
      {
        ""@type"": ""type.googleapis.com/google.rpc.ErrorInfo"",
        ""reason"": ""RATE_LIMIT_EXCEEDED"",
        ""domain"": ""googleapis.com"",
        ""metadata"": {
          ""consumer"": ""projects/37282676545"",
          ""quota_location"": ""global"",
          ""quota_unit"": ""1/d/{project}"",
          ""service"": ""places.googleapis.com"",
          ""quota_metric"": ""places.googleapis.com/SearchTextRequest"",
          ""quota_limit"": ""SearchTextRequestPerDayPerProject"",
          ""quota_limit_value"": ""100""
        }
      },
      {
        ""@type"": ""type.googleapis.com/google.rpc.Help"",
        ""links"": [
          {
            ""description"": ""Request a higher quota limit."",
            ""url"": ""https://cloud.google.com/doc",False
9cf8629a-5d09-4add-9bee-8d89ce0f44cc,Asheten Maryam Monastery,error,,,,,,,,,,"HTTP 429: {
  ""error"": {
    ""code"": 429,
    ""message"": ""Quota exceeded for quota metric 'SearchTextRequest' and limit 'SearchTextRequest per day' of service 'places.googleapis.com' for consumer 'project_number:37282676545'."",
    ""status"": ""RESOURCE_EXHAUSTED"",
    ""details"": [
      {
        ""@type"": ""type.googleapis.com/google.rpc.ErrorInfo"",
        ""reason"": ""RATE_LIMIT_EXCEEDED"",
        ""domain"": ""googleapis.com"",
        ""metadata"": {
          ""consumer"": ""projects/37282676545"",
          ""quota_location"": ""global"",
          ""quota_unit"": ""1/d/{project}"",
          ""service"": ""places.googleapis.com"",
          ""quota_metric"": ""places.googleapis.com/SearchTextRequest"",
          ""quota_limit"": ""SearchTextRequestPerDayPerProject"",
          ""quota_limit_value"": ""100""
        }
      },
      {
        ""@type"": ""type.googleapis.com/google.rpc.Help"",
        ""links"": [
          {
            ""description"": ""Request a higher quota limit."",
            ""url"": ""https://cloud.google.com/doc",False
9d5f8831-95c6-4402-bb6d-e5d2d51a4fbd,Fejej Paleontological Site,error,,,,,,,,,,"HTTP 429: {
  ""error"": {
    ""code"": 429,
    ""message"": ""Quota exceeded for quota metric 'SearchTextRequest' and limit 'SearchTextRequest per day' of service 'places.googleapis.com' for consumer 'project_number:37282676545'."",
    ""status"": ""RESOURCE_EXHAUSTED"",
    ""details"": [
      {
        ""@type"": ""type.googleapis.com/google.rpc.ErrorInfo"",
        ""reason"": ""RATE_LIMIT_EXCEEDED"",
        ""domain"": ""googleapis.com"",
        ""metadata"": {
          ""consumer"": ""projects/37282676545"",
          ""quota_location"": ""global"",
          ""quota_unit"": ""1/d/{project}"",
          ""service"": ""places.googleapis.com"",
          ""quota_metric"": ""places.googleapis.com/SearchTextRequest"",
          ""quota_limit"": ""SearchTextRequestPerDayPerProject"",
          ""quota_limit_value"": ""100""
        }
      },
      {
        ""@type"": ""type.googleapis.com/google.rpc.Help"",
        ""links"": [
          {
            ""description"": ""Request a higher quota limit."",
            ""url"": ""https://cloud.google.com/doc",False
9db1e1d4-5ba2-4000-93ac-a0a0d2a5c195,Church of Our Lady Mary of Zion (Arc of the Covenant),error,,,,,,,,,,"HTTP 429: {
  ""error"": {
    ""code"": 429,
    ""message"": ""Quota exceeded for quota metric 'SearchTextRequest' and limit 'SearchTextRequest per day' of service 'places.googleapis.com' for consumer 'project_number:37282676545'."",
    ""status"": ""RESOURCE_EXHAUSTED"",
    ""details"": [
      {
        ""@type"": ""type.googleapis.com/google.rpc.ErrorInfo"",
        ""reason"": ""RATE_LIMIT_EXCEEDED"",
        ""domain"": ""googleapis.com"",
        ""metadata"": {
          ""consumer"": ""projects/37282676545"",
          ""quota_location"": ""global"",
          ""quota_unit"": ""1/d/{project}"",
          ""service"": ""places.googleapis.com"",
          ""quota_metric"": ""places.googleapis.com/SearchTextRequest"",
          ""quota_limit"": ""SearchTextRequestPerDayPerProject"",
          ""quota_limit_value"": ""100""
        }
      },
      {
        ""@type"": ""type.googleapis.com/google.rpc.Help"",
        ""links"": [
          {
            ""description"": ""Request a higher quota limit."",
            ""url"": ""https://cloud.google.com/doc",False
9f077fc3-adef-4f23-aa41-eec7ed8b126a,Ankober Escarpment (Ankober Serin Spotting),error,,,,,,,,,,"HTTP 429: {
  ""error"": {
    ""code"": 429,
    ""message"": ""Quota exceeded for quota metric 'SearchTextRequest' and limit 'SearchTextRequest per day' of service 'places.googleapis.com' for consumer 'project_number:37282676545'."",
    ""status"": ""RESOURCE_EXHAUSTED"",
    ""details"": [
      {
        ""@type"": ""type.googleapis.com/google.rpc.ErrorInfo"",
        ""reason"": ""RATE_LIMIT_EXCEEDED"",
        ""domain"": ""googleapis.com"",
        ""metadata"": {
          ""quota_limit"": ""SearchTextRequestPerDayPerProject"",
          ""quota_location"": ""global"",
          ""quota_limit_value"": ""100"",
          ""quota_unit"": ""1/d/{project}"",
          ""service"": ""places.googleapis.com"",
          ""consumer"": ""projects/37282676545"",
          ""quota_metric"": ""places.googleapis.com/SearchTextRequest""
        }
      },
      {
        ""@type"": ""type.googleapis.com/google.rpc.Help"",
        ""links"": [
          {
            ""description"": ""Request a higher quota limit."",
            ""url"": ""https://cloud.google.com/doc",False
9fc01cc9-3dc5-4a9e-9dbf-02200bcee829,Sheka Forest Biodiversity Research Center,error,,,,,,,,,,"HTTP 429: {
  ""error"": {
    ""code"": 429,
    ""message"": ""Quota exceeded for quota metric 'SearchTextRequest' and limit 'SearchTextRequest per day' of service 'places.googleapis.com' for consumer 'project_number:37282676545'."",
    ""status"": ""RESOURCE_EXHAUSTED"",
    ""details"": [
      {
        ""@type"": ""type.googleapis.com/google.rpc.ErrorInfo"",
        ""reason"": ""RATE_LIMIT_EXCEEDED"",
        ""domain"": ""googleapis.com"",
        ""metadata"": {
          ""quota_location"": ""global"",
          ""quota_limit_value"": ""100"",
          ""quota_limit"": ""SearchTextRequestPerDayPerProject"",
          ""quota_unit"": ""1/d/{project}"",
          ""consumer"": ""projects/37282676545"",
          ""quota_metric"": ""places.googleapis.com/SearchTextRequest"",
          ""service"": ""places.googleapis.com""
        }
      },
      {
        ""@type"": ""type.googleapis.com/google.rpc.Help"",
        ""links"": [
          {
            ""description"": ""Request a higher quota limit."",
            ""url"": ""https://cloud.google.com/doc",False
9fd98183-74ba-4250-b0fc-7c931db0acd7,Grand Resort & Spa Flat Gardens,error,,,,,,,,,,"HTTP 429: {
  ""error"": {
    ""code"": 429,
    ""message"": ""Quota exceeded for quota metric 'SearchTextRequest' and limit 'SearchTextRequest per day' of service 'places.googleapis.com' for consumer 'project_number:37282676545'."",
    ""status"": ""RESOURCE_EXHAUSTED"",
    ""details"": [
      {
        ""@type"": ""type.googleapis.com/google.rpc.ErrorInfo"",
        ""reason"": ""RATE_LIMIT_EXCEEDED"",
        ""domain"": ""googleapis.com"",
        ""metadata"": {
          ""service"": ""places.googleapis.com"",
          ""quota_limit"": ""SearchTextRequestPerDayPerProject"",
          ""quota_unit"": ""1/d/{project}"",
          ""quota_limit_value"": ""100"",
          ""quota_location"": ""global"",
          ""quota_metric"": ""places.googleapis.com/SearchTextRequest"",
          ""consumer"": ""projects/37282676545""
        }
      },
      {
        ""@type"": ""type.googleapis.com/google.rpc.Help"",
        ""links"": [
          {
            ""description"": ""Request a higher quota limit."",
            ""url"": ""https://cloud.google.com/doc",False
a1ef5df7-cce4-45d0-ba46-7f308e494537,Lake Boyo Wetlands (Cranes & Waterfowl),error,,,,,,,,,,"HTTP 429: {
  ""error"": {
    ""code"": 429,
    ""message"": ""Quota exceeded for quota metric 'SearchTextRequest' and limit 'SearchTextRequest per day' of service 'places.googleapis.com' for consumer 'project_number:37282676545'."",
    ""status"": ""RESOURCE_EXHAUSTED"",
    ""details"": [
      {
        ""@type"": ""type.googleapis.com/google.rpc.ErrorInfo"",
        ""reason"": ""RATE_LIMIT_EXCEEDED"",
        ""domain"": ""googleapis.com"",
        ""metadata"": {
          ""quota_unit"": ""1/d/{project}"",
          ""quota_limit_value"": ""100"",
          ""consumer"": ""projects/37282676545"",
          ""quota_location"": ""global"",
          ""service"": ""places.googleapis.com"",
          ""quota_metric"": ""places.googleapis.com/SearchTextRequest"",
          ""quota_limit"": ""SearchTextRequestPerDayPerProject""
        }
      },
      {
        ""@type"": ""type.googleapis.com/google.rpc.Help"",
        ""links"": [
          {
            ""description"": ""Request a higher quota limit."",
            ""url"": ""https://cloud.google.com/doc",False
a36e1261-f724-4624-a1c2-3052f5045f9b,Dorze Bamboo Elephant Houses & Weaving Village,error,,,,,,,,,,"HTTP 429: {
  ""error"": {
    ""code"": 429,
    ""message"": ""Quota exceeded for quota metric 'SearchTextRequest' and limit 'SearchTextRequest per day' of service 'places.googleapis.com' for consumer 'project_number:37282676545'."",
    ""status"": ""RESOURCE_EXHAUSTED"",
    ""details"": [
      {
        ""@type"": ""type.googleapis.com/google.rpc.ErrorInfo"",
        ""reason"": ""RATE_LIMIT_EXCEEDED"",
        ""domain"": ""googleapis.com"",
        ""metadata"": {
          ""quota_location"": ""global"",
          ""quota_limit_value"": ""100"",
          ""quota_limit"": ""SearchTextRequestPerDayPerProject"",
          ""quota_unit"": ""1/d/{project}"",
          ""consumer"": ""projects/37282676545"",
          ""quota_metric"": ""places.googleapis.com/SearchTextRequest"",
          ""service"": ""places.googleapis.com""
        }
      },
      {
        ""@type"": ""type.googleapis.com/google.rpc.Help"",
        ""links"": [
          {
            ""description"": ""Request a higher quota limit."",
            ""url"": ""https://cloud.google.com/doc",False
a4590c74-818e-4c5d-b77a-f0d086057790,Golden Tulip Hotel Meeting Halls,error,,,,,,,,,,"HTTP 429: {
  ""error"": {
    ""code"": 429,
    ""message"": ""Quota exceeded for quota metric 'SearchTextRequest' and limit 'SearchTextRequest per day' of service 'places.googleapis.com' for consumer 'project_number:37282676545'."",
    ""status"": ""RESOURCE_EXHAUSTED"",
    ""details"": [
      {
        ""@type"": ""type.googleapis.com/google.rpc.ErrorInfo"",
        ""reason"": ""RATE_LIMIT_EXCEEDED"",
        ""domain"": ""googleapis.com"",
        ""metadata"": {
          ""quota_metric"": ""places.googleapis.com/SearchTextRequest"",
          ""quota_unit"": ""1/d/{project}"",
          ""quota_limit_value"": ""100"",
          ""quota_limit"": ""SearchTextRequestPerDayPerProject"",
          ""quota_location"": ""global"",
          ""service"": ""places.googleapis.com"",
          ""consumer"": ""projects/37282676545""
        }
      },
      {
        ""@type"": ""type.googleapis.com/google.rpc.Help"",
        ""links"": [
          {
            ""description"": ""Request a higher quota limit."",
            ""url"": ""https://cloud.google.com/doc",False
a584404f-6bdc-4509-b15b-f3849b06d125,Planet Hotel Wellness Center,error,,,,,,,,,,"HTTP 429: {
  ""error"": {
    ""code"": 429,
    ""message"": ""Quota exceeded for quota metric 'SearchTextRequest' and limit 'SearchTextRequest per day' of service 'places.googleapis.com' for consumer 'project_number:37282676545'."",
    ""status"": ""RESOURCE_EXHAUSTED"",
    ""details"": [
      {
        ""@type"": ""type.googleapis.com/google.rpc.ErrorInfo"",
        ""reason"": ""RATE_LIMIT_EXCEEDED"",
        ""domain"": ""googleapis.com"",
        ""metadata"": {
          ""quota_location"": ""global"",
          ""quota_limit_value"": ""100"",
          ""quota_limit"": ""SearchTextRequestPerDayPerProject"",
          ""quota_unit"": ""1/d/{project}"",
          ""consumer"": ""projects/37282676545"",
          ""quota_metric"": ""places.googleapis.com/SearchTextRequest"",
          ""service"": ""places.googleapis.com""
        }
      },
      {
        ""@type"": ""type.googleapis.com/google.rpc.Help"",
        ""links"": [
          {
            ""description"": ""Request a higher quota limit."",
            ""url"": ""https://cloud.google.com/doc",False
a5df60e9-c2d9-4a85-bf82-f339274cab73,Omo River Delta Boat Safaris,error,,,,,,,,,,"HTTP 429: {
  ""error"": {
    ""code"": 429,
    ""message"": ""Quota exceeded for quota metric 'SearchTextRequest' and limit 'SearchTextRequest per day' of service 'places.googleapis.com' for consumer 'project_number:37282676545'."",
    ""status"": ""RESOURCE_EXHAUSTED"",
    ""details"": [
      {
        ""@type"": ""type.googleapis.com/google.rpc.ErrorInfo"",
        ""reason"": ""RATE_LIMIT_EXCEEDED"",
        ""domain"": ""googleapis.com"",
        ""metadata"": {
          ""consumer"": ""projects/37282676545"",
          ""quota_location"": ""global"",
          ""quota_unit"": ""1/d/{project}"",
          ""service"": ""places.googleapis.com"",
          ""quota_metric"": ""places.googleapis.com/SearchTextRequest"",
          ""quota_limit"": ""SearchTextRequestPerDayPerProject"",
          ""quota_limit_value"": ""100""
        }
      },
      {
        ""@type"": ""type.googleapis.com/google.rpc.Help"",
        ""links"": [
          {
            ""description"": ""Request a higher quota limit."",
            ""url"": ""https://cloud.google.com/doc",False
a64316d3-1e4b-4c96-b429-3998b8e8d0d9,Liben Plains (Endemic Sidamo Lark Spotting),error,,,,,,,,,,"HTTP 429: {
  ""error"": {
    ""code"": 429,
    ""message"": ""Quota exceeded for quota metric 'SearchTextRequest' and limit 'SearchTextRequest per day' of service 'places.googleapis.com' for consumer 'project_number:37282676545'."",
    ""status"": ""RESOURCE_EXHAUSTED"",
    ""details"": [
      {
        ""@type"": ""type.googleapis.com/google.rpc.ErrorInfo"",
        ""reason"": ""RATE_LIMIT_EXCEEDED"",
        ""domain"": ""googleapis.com"",
        ""metadata"": {
          ""quota_location"": ""global"",
          ""quota_limit_value"": ""100"",
          ""quota_unit"": ""1/d/{project}"",
          ""consumer"": ""projects/37282676545"",
          ""quota_limit"": ""SearchTextRequestPerDayPerProject"",
          ""service"": ""places.googleapis.com"",
          ""quota_metric"": ""places.googleapis.com/SearchTextRequest""
        }
      },
      {
        ""@type"": ""type.googleapis.com/google.rpc.Help"",
        ""links"": [
          {
            ""description"": ""Request a higher quota limit."",
            ""url"": ""https://cloud.google.com/doc",False
a739aaa5-5c63-489e-b0de-d4432dc62de7,Nyangatom Community Villages,error,,,,,,,,,,"HTTP 429: {
  ""error"": {
    ""code"": 429,
    ""message"": ""Quota exceeded for quota metric 'SearchTextRequest' and limit 'SearchTextRequest per day' of service 'places.googleapis.com' for consumer 'project_number:37282676545'."",
    ""status"": ""RESOURCE_EXHAUSTED"",
    ""details"": [
      {
        ""@type"": ""type.googleapis.com/google.rpc.ErrorInfo"",
        ""reason"": ""RATE_LIMIT_EXCEEDED"",
        ""domain"": ""googleapis.com"",
        ""metadata"": {
          ""quota_metric"": ""places.googleapis.com/SearchTextRequest"",
          ""quota_unit"": ""1/d/{project}"",
          ""quota_limit_value"": ""100"",
          ""quota_limit"": ""SearchTextRequestPerDayPerProject"",
          ""quota_location"": ""global"",
          ""service"": ""places.googleapis.com"",
          ""consumer"": ""projects/37282676545""
        }
      },
      {
        ""@type"": ""type.googleapis.com/google.rpc.Help"",
        ""links"": [
          {
            ""description"": ""Request a higher quota limit."",
            ""url"": ""https://cloud.google.com/doc",False
a8f499a1-073c-4219-92ae-7e4a4ebdea65,Gedeo Sacred Cultural Landscape,error,,,,,,,,,,"HTTP 429: {
  ""error"": {
    ""code"": 429,
    ""message"": ""Quota exceeded for quota metric 'SearchTextRequest' and limit 'SearchTextRequest per day' of service 'places.googleapis.com' for consumer 'project_number:37282676545'."",
    ""status"": ""RESOURCE_EXHAUSTED"",
    ""details"": [
      {
        ""@type"": ""type.googleapis.com/google.rpc.ErrorInfo"",
        ""reason"": ""RATE_LIMIT_EXCEEDED"",
        ""domain"": ""googleapis.com"",
        ""metadata"": {
          ""quota_location"": ""global"",
          ""quota_limit_value"": ""100"",
          ""quota_unit"": ""1/d/{project}"",
          ""consumer"": ""projects/37282676545"",
          ""quota_limit"": ""SearchTextRequestPerDayPerProject"",
          ""service"": ""places.googleapis.com"",
          ""quota_metric"": ""places.googleapis.com/SearchTextRequest""
        }
      },
      {
        ""@type"": ""type.googleapis.com/google.rpc.Help"",
        ""links"": [
          {
            ""description"": ""Request a higher quota limit."",
            ""url"": ""https://cloud.google.com/doc",False
a9dffab7-8c8d-417c-8a30-4e5dbdc067ce,Harar Jugol Walled City,error,,,,,,,,,,"HTTP 429: {
  ""error"": {
    ""code"": 429,
    ""message"": ""Quota exceeded for quota metric 'SearchTextRequest' and limit 'SearchTextRequest per day' of service 'places.googleapis.com' for consumer 'project_number:37282676545'."",
    ""status"": ""RESOURCE_EXHAUSTED"",
    ""details"": [
      {
        ""@type"": ""type.googleapis.com/google.rpc.ErrorInfo"",
        ""reason"": ""RATE_LIMIT_EXCEEDED"",
        ""domain"": ""googleapis.com"",
        ""metadata"": {
          ""quota_limit_value"": ""100"",
          ""consumer"": ""projects/37282676545"",
          ""quota_limit"": ""SearchTextRequestPerDayPerProject"",
          ""service"": ""places.googleapis.com"",
          ""quota_location"": ""global"",
          ""quota_metric"": ""places.googleapis.com/SearchTextRequest"",
          ""quota_unit"": ""1/d/{project}""
        }
      },
      {
        ""@type"": ""type.googleapis.com/google.rpc.Help"",
        ""links"": [
          {
            ""description"": ""Request a higher quota limit."",
            ""url"": ""https://cloud.google.com/doc",False
aa6c0945-3928-4d30-afd3-651362c8152d,Bole Ambassader Public Promenade,error,,,,,,,,,,"HTTP 429: {
  ""error"": {
    ""code"": 429,
    ""message"": ""Quota exceeded for quota metric 'SearchTextRequest' and limit 'SearchTextRequest per day' of service 'places.googleapis.com' for consumer 'project_number:37282676545'."",
    ""status"": ""RESOURCE_EXHAUSTED"",
    ""details"": [
      {
        ""@type"": ""type.googleapis.com/google.rpc.ErrorInfo"",
        ""reason"": ""RATE_LIMIT_EXCEEDED"",
        ""domain"": ""googleapis.com"",
        ""metadata"": {
          ""quota_unit"": ""1/d/{project}"",
          ""quota_limit"": ""SearchTextRequestPerDayPerProject"",
          ""quota_limit_value"": ""100"",
          ""quota_location"": ""global"",
          ""quota_metric"": ""places.googleapis.com/SearchTextRequest"",
          ""service"": ""places.googleapis.com"",
          ""consumer"": ""projects/37282676545""
        }
      },
      {
        ""@type"": ""type.googleapis.com/google.rpc.Help"",
        ""links"": [
          {
            ""description"": ""Request a higher quota limit."",
            ""url"": ""https://cloud.google.com/doc",False
abce70c4-d1f2-4ed5-bfd9-b63ffcc199e0,Gurage Cultural Enset (False Banana) Homesteads,error,,,,,,,,,,"HTTP 429: {
  ""error"": {
    ""code"": 429,
    ""message"": ""Quota exceeded for quota metric 'SearchTextRequest' and limit 'SearchTextRequest per day' of service 'places.googleapis.com' for consumer 'project_number:37282676545'."",
    ""status"": ""RESOURCE_EXHAUSTED"",
    ""details"": [
      {
        ""@type"": ""type.googleapis.com/google.rpc.ErrorInfo"",
        ""reason"": ""RATE_LIMIT_EXCEEDED"",
        ""domain"": ""googleapis.com"",
        ""metadata"": {
          ""quota_unit"": ""1/d/{project}"",
          ""quota_limit"": ""SearchTextRequestPerDayPerProject"",
          ""quota_limit_value"": ""100"",
          ""quota_location"": ""global"",
          ""quota_metric"": ""places.googleapis.com/SearchTextRequest"",
          ""service"": ""places.googleapis.com"",
          ""consumer"": ""projects/37282676545""
        }
      },
      {
        ""@type"": ""type.googleapis.com/google.rpc.Help"",
        ""links"": [
          {
            ""description"": ""Request a higher quota limit."",
            ""url"": ""https://cloud.google.com/doc",False
aca6e86c-fb19-4fe4-b441-3791249ebde2,Entoto Maryam Church,error,,,,,,,,,,"HTTP 429: {
  ""error"": {
    ""code"": 429,
    ""message"": ""Quota exceeded for quota metric 'SearchTextRequest' and limit 'SearchTextRequest per day' of service 'places.googleapis.com' for consumer 'project_number:37282676545'."",
    ""status"": ""RESOURCE_EXHAUSTED"",
    ""details"": [
      {
        ""@type"": ""type.googleapis.com/google.rpc.ErrorInfo"",
        ""reason"": ""RATE_LIMIT_EXCEEDED"",
        ""domain"": ""googleapis.com"",
        ""metadata"": {
          ""quota_unit"": ""1/d/{project}"",
          ""quota_limit_value"": ""100"",
          ""service"": ""places.googleapis.com"",
          ""quota_location"": ""global"",
          ""quota_limit"": ""SearchTextRequestPerDayPerProject"",
          ""consumer"": ""projects/37282676545"",
          ""quota_metric"": ""places.googleapis.com/SearchTextRequest""
        }
      },
      {
        ""@type"": ""type.googleapis.com/google.rpc.Help"",
        ""links"": [
          {
            ""description"": ""Request a higher quota limit."",
            ""url"": ""https://cloud.google.com/doc",False
acf09791-c56d-4e12-b883-14bbcf964393,Karamara War Memorial Park,error,,,,,,,,,,"HTTP 429: {
  ""error"": {
    ""code"": 429,
    ""message"": ""Quota exceeded for quota metric 'SearchTextRequest' and limit 'SearchTextRequest per day' of service 'places.googleapis.com' for consumer 'project_number:37282676545'."",
    ""status"": ""RESOURCE_EXHAUSTED"",
    ""details"": [
      {
        ""@type"": ""type.googleapis.com/google.rpc.ErrorInfo"",
        ""reason"": ""RATE_LIMIT_EXCEEDED"",
        ""domain"": ""googleapis.com"",
        ""metadata"": {
          ""quota_unit"": ""1/d/{project}"",
          ""quota_limit"": ""SearchTextRequestPerDayPerProject"",
          ""quota_limit_value"": ""100"",
          ""quota_location"": ""global"",
          ""quota_metric"": ""places.googleapis.com/SearchTextRequest"",
          ""service"": ""places.googleapis.com"",
          ""consumer"": ""projects/37282676545""
        }
      },
      {
        ""@type"": ""type.googleapis.com/google.rpc.Help"",
        ""links"": [
          {
            ""description"": ""Request a higher quota limit."",
            ""url"": ""https://cloud.google.com/doc",False
ad3b739a-efe0-428e-abbc-fd39480657dc,Awash National Park (Beisa Oryx & Anubis Baboons),error,,,,,,,,,,"HTTP 429: {
  ""error"": {
    ""code"": 429,
    ""message"": ""Quota exceeded for quota metric 'SearchTextRequest' and limit 'SearchTextRequest per day' of service 'places.googleapis.com' for consumer 'project_number:37282676545'."",
    ""status"": ""RESOURCE_EXHAUSTED"",
    ""details"": [
      {
        ""@type"": ""type.googleapis.com/google.rpc.ErrorInfo"",
        ""reason"": ""RATE_LIMIT_EXCEEDED"",
        ""domain"": ""googleapis.com"",
        ""metadata"": {
          ""quota_unit"": ""1/d/{project}"",
          ""quota_metric"": ""places.googleapis.com/SearchTextRequest"",
          ""consumer"": ""projects/37282676545"",
          ""quota_limit"": ""SearchTextRequestPerDayPerProject"",
          ""quota_location"": ""global"",
          ""quota_limit_value"": ""100"",
          ""service"": ""places.googleapis.com""
        }
      },
      {
        ""@type"": ""type.googleapis.com/google.rpc.Help"",
        ""links"": [
          {
            ""description"": ""Request a higher quota limit."",
            ""url"": ""https://cloud.google.com/doc",False
ad62ee0f-0424-4851-a1d7-5c32903add84,Mekelle Planet Resort Sports Facilities,error,,,,,,,,,,"HTTP 429: {
  ""error"": {
    ""code"": 429,
    ""message"": ""Quota exceeded for quota metric 'SearchTextRequest' and limit 'SearchTextRequest per day' of service 'places.googleapis.com' for consumer 'project_number:37282676545'."",
    ""status"": ""RESOURCE_EXHAUSTED"",
    ""details"": [
      {
        ""@type"": ""type.googleapis.com/google.rpc.ErrorInfo"",
        ""reason"": ""RATE_LIMIT_EXCEEDED"",
        ""domain"": ""googleapis.com"",
        ""metadata"": {
          ""quota_location"": ""global"",
          ""quota_limit_value"": ""100"",
          ""quota_unit"": ""1/d/{project}"",
          ""consumer"": ""projects/37282676545"",
          ""quota_limit"": ""SearchTextRequestPerDayPerProject"",
          ""service"": ""places.googleapis.com"",
          ""quota_metric"": ""places.googleapis.com/SearchTextRequest""
        }
      },
      {
        ""@type"": ""type.googleapis.com/google.rpc.Help"",
        ""links"": [
          {
            ""description"": ""Request a higher quota limit."",
            ""url"": ""https://cloud.google.com/doc",False
aed683d3-0307-4abb-98f3-a8e25645aa21,Lake Koka Dam Boating Launch,error,,,,,,,,,,"HTTP 429: {
  ""error"": {
    ""code"": 429,
    ""message"": ""Quota exceeded for quota metric 'SearchTextRequest' and limit 'SearchTextRequest per day' of service 'places.googleapis.com' for consumer 'project_number:37282676545'."",
    ""status"": ""RESOURCE_EXHAUSTED"",
    ""details"": [
      {
        ""@type"": ""type.googleapis.com/google.rpc.ErrorInfo"",
        ""reason"": ""RATE_LIMIT_EXCEEDED"",
        ""domain"": ""googleapis.com"",
        ""metadata"": {
          ""quota_unit"": ""1/d/{project}"",
          ""quota_limit_value"": ""100"",
          ""service"": ""places.googleapis.com"",
          ""quota_location"": ""global"",
          ""quota_limit"": ""SearchTextRequestPerDayPerProject"",
          ""consumer"": ""projects/37282676545"",
          ""quota_metric"": ""places.googleapis.com/SearchTextRequest""
        }
      },
      {
        ""@type"": ""type.googleapis.com/google.rpc.Help"",
        ""links"": [
          {
            ""description"": ""Request a higher quota limit."",
            ""url"": ""https://cloud.google.com/doc",False
af7bb4ed-fff5-4e06-b5da-fc329d82d1fe,Wonchi Crater Lake Wellness Lodge,error,,,,,,,,,,"HTTP 429: {
  ""error"": {
    ""code"": 429,
    ""message"": ""Quota exceeded for quota metric 'SearchTextRequest' and limit 'SearchTextRequest per day' of service 'places.googleapis.com' for consumer 'project_number:37282676545'."",
    ""status"": ""RESOURCE_EXHAUSTED"",
    ""details"": [
      {
        ""@type"": ""type.googleapis.com/google.rpc.ErrorInfo"",
        ""reason"": ""RATE_LIMIT_EXCEEDED"",
        ""domain"": ""googleapis.com"",
        ""metadata"": {
          ""quota_metric"": ""places.googleapis.com/SearchTextRequest"",
          ""quota_unit"": ""1/d/{project}"",
          ""service"": ""places.googleapis.com"",
          ""consumer"": ""projects/37282676545"",
          ""quota_limit_value"": ""100"",
          ""quota_limit"": ""SearchTextRequestPerDayPerProject"",
          ""quota_location"": ""global""
        }
      },
      {
        ""@type"": ""type.googleapis.com/google.rpc.Help"",
        ""links"": [
          {
            ""description"": ""Request a higher quota limit."",
            ""url"": ""https://cloud.google.com/doc",False
afca8363-2f78-4c8e-91cf-afe3abfab5bb,Haile Grand Addis Ababa Luxury Suites,error,,,,,,,,,,"HTTP 429: {
  ""error"": {
    ""code"": 429,
    ""message"": ""Quota exceeded for quota metric 'SearchTextRequest' and limit 'SearchTextRequest per day' of service 'places.googleapis.com' for consumer 'project_number:37282676545'."",
    ""status"": ""RESOURCE_EXHAUSTED"",
    ""details"": [
      {
        ""@type"": ""type.googleapis.com/google.rpc.ErrorInfo"",
        ""reason"": ""RATE_LIMIT_EXCEEDED"",
        ""domain"": ""googleapis.com"",
        ""metadata"": {
          ""quota_location"": ""global"",
          ""service"": ""places.googleapis.com"",
          ""quota_limit_value"": ""100"",
          ""quota_unit"": ""1/d/{project}"",
          ""quota_metric"": ""places.googleapis.com/SearchTextRequest"",
          ""quota_limit"": ""SearchTextRequestPerDayPerProject"",
          ""consumer"": ""projects/37282676545""
        }
      },
      {
        ""@type"": ""type.googleapis.com/google.rpc.Help"",
        ""links"": [
          {
            ""description"": ""Request a higher quota limit."",
            ""url"": ""https://cloud.google.com/doc",False
affd4889-de6c-4dd1-aa73-05087cb2537f,Ethio-American Doctors Hospital Complex,error,,,,,,,,,,"HTTP 429: {
  ""error"": {
    ""code"": 429,
    ""message"": ""Quota exceeded for quota metric 'SearchTextRequest' and limit 'SearchTextRequest per day' of service 'places.googleapis.com' for consumer 'project_number:37282676545'."",
    ""status"": ""RESOURCE_EXHAUSTED"",
    ""details"": [
      {
        ""@type"": ""type.googleapis.com/google.rpc.ErrorInfo"",
        ""reason"": ""RATE_LIMIT_EXCEEDED"",
        ""domain"": ""googleapis.com"",
        ""metadata"": {
          ""quota_limit_value"": ""100"",
          ""quota_limit"": ""SearchTextRequestPerDayPerProject"",
          ""consumer"": ""projects/37282676545"",
          ""quota_unit"": ""1/d/{project}"",
          ""service"": ""places.googleapis.com"",
          ""quota_location"": ""global"",
          ""quota_metric"": ""places.googleapis.com/SearchTextRequest""
        }
      },
      {
        ""@type"": ""type.googleapis.com/google.rpc.Help"",
        ""links"": [
          {
            ""description"": ""Request a higher quota limit."",
            ""url"": ""https://cloud.google.com/doc",False
b03d1698-6c76-41fa-a74d-29805896d22f,Wolisso Hot Springs Waterfall Streams,error,,,,,,,,,,"HTTP 429: {
  ""error"": {
    ""code"": 429,
    ""message"": ""Quota exceeded for quota metric 'SearchTextRequest' and limit 'SearchTextRequest per day' of service 'places.googleapis.com' for consumer 'project_number:37282676545'."",
    ""status"": ""RESOURCE_EXHAUSTED"",
    ""details"": [
      {
        ""@type"": ""type.googleapis.com/google.rpc.ErrorInfo"",
        ""reason"": ""RATE_LIMIT_EXCEEDED"",
        ""domain"": ""googleapis.com"",
        ""metadata"": {
          ""quota_limit_value"": ""100"",
          ""quota_limit"": ""SearchTextRequestPerDayPerProject"",
          ""consumer"": ""projects/37282676545"",
          ""quota_unit"": ""1/d/{project}"",
          ""service"": ""places.googleapis.com"",
          ""quota_location"": ""global"",
          ""quota_metric"": ""places.googleapis.com/SearchTextRequest""
        }
      },
      {
        ""@type"": ""type.googleapis.com/google.rpc.Help"",
        ""links"": [
          {
            ""description"": ""Request a higher quota limit."",
            ""url"": ""https://cloud.google.com/doc",False
b044136b-5159-4c41-8d0f-f205bafc2af9,Bole Fawkner / City Tennis & Sports Clubs,error,,,,,,,,,,"HTTP 429: {
  ""error"": {
    ""code"": 429,
    ""message"": ""Quota exceeded for quota metric 'SearchTextRequest' and limit 'SearchTextRequest per day' of service 'places.googleapis.com' for consumer 'project_number:37282676545'."",
    ""status"": ""RESOURCE_EXHAUSTED"",
    ""details"": [
      {
        ""@type"": ""type.googleapis.com/google.rpc.ErrorInfo"",
        ""reason"": ""RATE_LIMIT_EXCEEDED"",
        ""domain"": ""googleapis.com"",
        ""metadata"": {
          ""quota_location"": ""global"",
          ""service"": ""places.googleapis.com"",
          ""quota_limit_value"": ""100"",
          ""quota_unit"": ""1/d/{project}"",
          ""quota_metric"": ""places.googleapis.com/SearchTextRequest"",
          ""quota_limit"": ""SearchTextRequestPerDayPerProject"",
          ""consumer"": ""projects/37282676545""
        }
      },
      {
        ""@type"": ""type.googleapis.com/google.rpc.Help"",
        ""links"": [
          {
            ""description"": ""Request a higher quota limit."",
            ""url"": ""https://cloud.google.com/doc",False
b0593f5d-c975-467a-8583-b01faf1afd22,Marriott Executive Apartments Business Hub,error,,,,,,,,,,"HTTP 429: {
  ""error"": {
    ""code"": 429,
    ""message"": ""Quota exceeded for quota metric 'SearchTextRequest' and limit 'SearchTextRequest per day' of service 'places.googleapis.com' for consumer 'project_number:37282676545'."",
    ""status"": ""RESOURCE_EXHAUSTED"",
    ""details"": [
      {
        ""@type"": ""type.googleapis.com/google.rpc.ErrorInfo"",
        ""reason"": ""RATE_LIMIT_EXCEEDED"",
        ""domain"": ""googleapis.com"",
        ""metadata"": {
          ""quota_unit"": ""1/d/{project}"",
          ""quota_location"": ""global"",
          ""quota_limit_value"": ""100"",
          ""consumer"": ""projects/37282676545"",
          ""quota_metric"": ""places.googleapis.com/SearchTextRequest"",
          ""quota_limit"": ""SearchTextRequestPerDayPerProject"",
          ""service"": ""places.googleapis.com""
        }
      },
      {
        ""@type"": ""type.googleapis.com/google.rpc.Help"",
        ""links"": [
          {
            ""description"": ""Request a higher quota limit."",
            ""url"": ""https://cloud.google.com/doc",False
b14ecf8a-6df7-4193-85e5-28ced46f78aa,Raya Azebo Commercial Agro-Farms,error,,,,,,,,,,"HTTP 429: {
  ""error"": {
    ""code"": 429,
    ""message"": ""Quota exceeded for quota metric 'SearchTextRequest' and limit 'SearchTextRequest per day' of service 'places.googleapis.com' for consumer 'project_number:37282676545'."",
    ""status"": ""RESOURCE_EXHAUSTED"",
    ""details"": [
      {
        ""@type"": ""type.googleapis.com/google.rpc.ErrorInfo"",
        ""reason"": ""RATE_LIMIT_EXCEEDED"",
        ""domain"": ""googleapis.com"",
        ""metadata"": {
          ""quota_unit"": ""1/d/{project}"",
          ""consumer"": ""projects/37282676545"",
          ""quota_location"": ""global"",
          ""quota_limit_value"": ""100"",
          ""quota_metric"": ""places.googleapis.com/SearchTextRequest"",
          ""service"": ""places.googleapis.com"",
          ""quota_limit"": ""SearchTextRequestPerDayPerProject""
        }
      },
      {
        ""@type"": ""type.googleapis.com/google.rpc.Help"",
        ""links"": [
          {
            ""description"": ""Request a higher quota limit."",
            ""url"": ""https://cloud.google.com/doc",False
b1693eaa-a9a5-4e24-8d9b-f6cbf55415ad,Kera Leather Market Zone,error,,,,,,,,,,"HTTP 429: {
  ""error"": {
    ""code"": 429,
    ""message"": ""Quota exceeded for quota metric 'SearchTextRequest' and limit 'SearchTextRequest per day' of service 'places.googleapis.com' for consumer 'project_number:37282676545'."",
    ""status"": ""RESOURCE_EXHAUSTED"",
    ""details"": [
      {
        ""@type"": ""type.googleapis.com/google.rpc.ErrorInfo"",
        ""reason"": ""RATE_LIMIT_EXCEEDED"",
        ""domain"": ""googleapis.com"",
        ""metadata"": {
          ""quota_limit_value"": ""100"",
          ""quota_limit"": ""SearchTextRequestPerDayPerProject"",
          ""consumer"": ""projects/37282676545"",
          ""quota_unit"": ""1/d/{project}"",
          ""service"": ""places.googleapis.com"",
          ""quota_location"": ""global"",
          ""quota_metric"": ""places.googleapis.com/SearchTextRequest""
        }
      },
      {
        ""@type"": ""type.googleapis.com/google.rpc.Help"",
        ""links"": [
          {
            ""description"": ""Request a higher quota limit."",
            ""url"": ""https://cloud.google.com/doc",False
b1a65bc3-e022-4324-aca5-cb2fd04db0c9,Sidama Yirgalem Coffee Estates & Tasting Circuit,error,,,,,,,,,,"HTTP 429: {
  ""error"": {
    ""code"": 429,
    ""message"": ""Quota exceeded for quota metric 'SearchTextRequest' and limit 'SearchTextRequest per day' of service 'places.googleapis.com' for consumer 'project_number:37282676545'."",
    ""status"": ""RESOURCE_EXHAUSTED"",
    ""details"": [
      {
        ""@type"": ""type.googleapis.com/google.rpc.ErrorInfo"",
        ""reason"": ""RATE_LIMIT_EXCEEDED"",
        ""domain"": ""googleapis.com"",
        ""metadata"": {
          ""quota_unit"": ""1/d/{project}"",
          ""service"": ""places.googleapis.com"",
          ""consumer"": ""projects/37282676545"",
          ""quota_metric"": ""places.googleapis.com/SearchTextRequest"",
          ""quota_limit_value"": ""100"",
          ""quota_location"": ""global"",
          ""quota_limit"": ""SearchTextRequestPerDayPerProject""
        }
      },
      {
        ""@type"": ""type.googleapis.com/google.rpc.Help"",
        ""links"": [
          {
            ""description"": ""Request a higher quota limit."",
            ""url"": ""https://cloud.google.com/doc",False
b23868c7-7502-47f0-b40e-465c1581a15d,Wondo Genet Natural Thermal Spa,error,,,,,,,,,,"HTTP 429: {
  ""error"": {
    ""code"": 429,
    ""message"": ""Quota exceeded for quota metric 'SearchTextRequest' and limit 'SearchTextRequest per day' of service 'places.googleapis.com' for consumer 'project_number:37282676545'."",
    ""status"": ""RESOURCE_EXHAUSTED"",
    ""details"": [
      {
        ""@type"": ""type.googleapis.com/google.rpc.ErrorInfo"",
        ""reason"": ""RATE_LIMIT_EXCEEDED"",
        ""domain"": ""googleapis.com"",
        ""metadata"": {
          ""quota_limit_value"": ""100"",
          ""quota_unit"": ""1/d/{project}"",
          ""quota_location"": ""global"",
          ""service"": ""places.googleapis.com"",
          ""quota_limit"": ""SearchTextRequestPerDayPerProject"",
          ""consumer"": ""projects/37282676545"",
          ""quota_metric"": ""places.googleapis.com/SearchTextRequest""
        }
      },
      {
        ""@type"": ""type.googleapis.com/google.rpc.Help"",
        ""links"": [
          {
            ""description"": ""Request a higher quota limit."",
            ""url"": ""https://cloud.google.com/doc",False
b2389ebb-016a-4235-9ea5-93a8fee8b962,United Nations Conference Centre (UNCC-ECA),error,,,,,,,,,,"HTTP 429: {
  ""error"": {
    ""code"": 429,
    ""message"": ""Quota exceeded for quota metric 'SearchTextRequest' and limit 'SearchTextRequest per day' of service 'places.googleapis.com' for consumer 'project_number:37282676545'."",
    ""status"": ""RESOURCE_EXHAUSTED"",
    ""details"": [
      {
        ""@type"": ""type.googleapis.com/google.rpc.ErrorInfo"",
        ""reason"": ""RATE_LIMIT_EXCEEDED"",
        ""domain"": ""googleapis.com"",
        ""metadata"": {
          ""quota_unit"": ""1/d/{project}"",
          ""quota_limit"": ""SearchTextRequestPerDayPerProject"",
          ""service"": ""places.googleapis.com"",
          ""consumer"": ""projects/37282676545"",
          ""quota_metric"": ""places.googleapis.com/SearchTextRequest"",
          ""quota_location"": ""global"",
          ""quota_limit_value"": ""100""
        }
      },
      {
        ""@type"": ""type.googleapis.com/google.rpc.Help"",
        ""links"": [
          {
            ""description"": ""Request a higher quota limit."",
            ""url"": ""https://cloud.google.com/doc",False
b23d5681-12bb-488c-b0ba-9dc07402bb6f,Intercontinental Addis Business Center,error,,,,,,,,,,"HTTP 429: {
  ""error"": {
    ""code"": 429,
    ""message"": ""Quota exceeded for quota metric 'SearchTextRequest' and limit 'SearchTextRequest per day' of service 'places.googleapis.com' for consumer 'project_number:37282676545'."",
    ""status"": ""RESOURCE_EXHAUSTED"",
    ""details"": [
      {
        ""@type"": ""type.googleapis.com/google.rpc.ErrorInfo"",
        ""reason"": ""RATE_LIMIT_EXCEEDED"",
        ""domain"": ""googleapis.com"",
        ""metadata"": {
          ""quota_metric"": ""places.googleapis.com/SearchTextRequest"",
          ""quota_limit"": ""SearchTextRequestPerDayPerProject"",
          ""quota_limit_value"": ""100"",
          ""quota_unit"": ""1/d/{project}"",
          ""service"": ""places.googleapis.com"",
          ""quota_location"": ""global"",
          ""consumer"": ""projects/37282676545""
        }
      },
      {
        ""@type"": ""type.googleapis.com/google.rpc.Help"",
        ""links"": [
          {
            ""description"": ""Request a higher quota limit."",
            ""url"": ""https://cloud.google.com/doc",False
b2719832-bb7c-4ad6-924d-2fd7cd4783aa,Mount Menagesha Peak Hike,error,,,,,,,,,,"HTTP 429: {
  ""error"": {
    ""code"": 429,
    ""message"": ""Quota exceeded for quota metric 'SearchTextRequest' and limit 'SearchTextRequest per day' of service 'places.googleapis.com' for consumer 'project_number:37282676545'."",
    ""status"": ""RESOURCE_EXHAUSTED"",
    ""details"": [
      {
        ""@type"": ""type.googleapis.com/google.rpc.ErrorInfo"",
        ""reason"": ""RATE_LIMIT_EXCEEDED"",
        ""domain"": ""googleapis.com"",
        ""metadata"": {
          ""service"": ""places.googleapis.com"",
          ""quota_location"": ""global"",
          ""quota_limit_value"": ""100"",
          ""quota_metric"": ""places.googleapis.com/SearchTextRequest"",
          ""quota_unit"": ""1/d/{project}"",
          ""quota_limit"": ""SearchTextRequestPerDayPerProject"",
          ""consumer"": ""projects/37282676545""
        }
      },
      {
        ""@type"": ""type.googleapis.com/google.rpc.Help"",
        ""links"": [
          {
            ""description"": ""Request a higher quota limit."",
            ""url"": ""https://cloud.google.com/doc",False
b2cc4241-dbb0-4484-a7f0-0081725bec7b,Wolayta Cultural Village Centers,error,,,,,,,,,,"HTTP 429: {
  ""error"": {
    ""code"": 429,
    ""message"": ""Quota exceeded for quota metric 'SearchTextRequest' and limit 'SearchTextRequest per day' of service 'places.googleapis.com' for consumer 'project_number:37282676545'."",
    ""status"": ""RESOURCE_EXHAUSTED"",
    ""details"": [
      {
        ""@type"": ""type.googleapis.com/google.rpc.ErrorInfo"",
        ""reason"": ""RATE_LIMIT_EXCEEDED"",
        ""domain"": ""googleapis.com"",
        ""metadata"": {
          ""quota_metric"": ""places.googleapis.com/SearchTextRequest"",
          ""quota_limit"": ""SearchTextRequestPerDayPerProject"",
          ""quota_limit_value"": ""100"",
          ""quota_unit"": ""1/d/{project}"",
          ""service"": ""places.googleapis.com"",
          ""quota_location"": ""global"",
          ""consumer"": ""projects/37282676545""
        }
      },
      {
        ""@type"": ""type.googleapis.com/google.rpc.Help"",
        ""links"": [
          {
            ""description"": ""Request a higher quota limit."",
            ""url"": ""https://cloud.google.com/doc",False
b474cb05-04e1-4512-bd7b-3383bafff91d,Mount Karayu Lava Tube Caving,error,,,,,,,,,,"HTTP 429: {
  ""error"": {
    ""code"": 429,
    ""message"": ""Quota exceeded for quota metric 'SearchTextRequest' and limit 'SearchTextRequest per day' of service 'places.googleapis.com' for consumer 'project_number:37282676545'."",
    ""status"": ""RESOURCE_EXHAUSTED"",
    ""details"": [
      {
        ""@type"": ""type.googleapis.com/google.rpc.ErrorInfo"",
        ""reason"": ""RATE_LIMIT_EXCEEDED"",
        ""domain"": ""googleapis.com"",
        ""metadata"": {
          ""service"": ""places.googleapis.com"",
          ""quota_limit"": ""SearchTextRequestPerDayPerProject"",
          ""quota_unit"": ""1/d/{project}"",
          ""consumer"": ""projects/37282676545"",
          ""quota_metric"": ""places.googleapis.com/SearchTextRequest"",
          ""quota_location"": ""global"",
          ""quota_limit_value"": ""100""
        }
      },
      {
        ""@type"": ""type.googleapis.com/google.rpc.Help"",
        ""links"": [
          {
            ""description"": ""Request a higher quota limit."",
            ""url"": ""https://cloud.google.com/doc",False
b4a07b20-3354-418a-a80b-17a2ac4d0189,Ethnological Museum at Addis Ababa University,error,,,,,,,,,,"HTTP 429: {
  ""error"": {
    ""code"": 429,
    ""message"": ""Quota exceeded for quota metric 'SearchTextRequest' and limit 'SearchTextRequest per day' of service 'places.googleapis.com' for consumer 'project_number:37282676545'."",
    ""status"": ""RESOURCE_EXHAUSTED"",
    ""details"": [
      {
        ""@type"": ""type.googleapis.com/google.rpc.ErrorInfo"",
        ""reason"": ""RATE_LIMIT_EXCEEDED"",
        ""domain"": ""googleapis.com"",
        ""metadata"": {
          ""quota_metric"": ""places.googleapis.com/SearchTextRequest"",
          ""quota_location"": ""global"",
          ""service"": ""places.googleapis.com"",
          ""consumer"": ""projects/37282676545"",
          ""quota_unit"": ""1/d/{project}"",
          ""quota_limit_value"": ""100"",
          ""quota_limit"": ""SearchTextRequestPerDayPerProject""
        }
      },
      {
        ""@type"": ""type.googleapis.com/google.rpc.Help"",
        ""links"": [
          {
            ""description"": ""Request a higher quota limit."",
            ""url"": ""https://cloud.google.com/doc",False
b587b09e-5cf7-46bb-ab15-2883d5dbb624,Assosa Urban Center,error,,,,,,,,,,"HTTP 429: {
  ""error"": {
    ""code"": 429,
    ""message"": ""Quota exceeded for quota metric 'SearchTextRequest' and limit 'SearchTextRequest per day' of service 'places.googleapis.com' for consumer 'project_number:37282676545'."",
    ""status"": ""RESOURCE_EXHAUSTED"",
    ""details"": [
      {
        ""@type"": ""type.googleapis.com/google.rpc.ErrorInfo"",
        ""reason"": ""RATE_LIMIT_EXCEEDED"",
        ""domain"": ""googleapis.com"",
        ""metadata"": {
          ""service"": ""places.googleapis.com"",
          ""quota_limit"": ""SearchTextRequestPerDayPerProject"",
          ""quota_unit"": ""1/d/{project}"",
          ""consumer"": ""projects/37282676545"",
          ""quota_metric"": ""places.googleapis.com/SearchTextRequest"",
          ""quota_location"": ""global"",
          ""quota_limit_value"": ""100""
        }
      },
      {
        ""@type"": ""type.googleapis.com/google.rpc.Help"",
        ""links"": [
          {
            ""description"": ""Request a higher quota limit."",
            ""url"": ""https://cloud.google.com/doc",False
b591f80f-e757-4848-b688-e50b97007931,Sheraton Addis Resort Grounds & Boardwalks,error,,,,,,,,,,"HTTP 429: {
  ""error"": {
    ""code"": 429,
    ""message"": ""Quota exceeded for quota metric 'SearchTextRequest' and limit 'SearchTextRequest per day' of service 'places.googleapis.com' for consumer 'project_number:37282676545'."",
    ""status"": ""RESOURCE_EXHAUSTED"",
    ""details"": [
      {
        ""@type"": ""type.googleapis.com/google.rpc.ErrorInfo"",
        ""reason"": ""RATE_LIMIT_EXCEEDED"",
        ""domain"": ""googleapis.com"",
        ""metadata"": {
          ""quota_location"": ""global"",
          ""quota_limit_value"": ""100"",
          ""service"": ""places.googleapis.com"",
          ""quota_metric"": ""places.googleapis.com/SearchTextRequest"",
          ""consumer"": ""projects/37282676545"",
          ""quota_limit"": ""SearchTextRequestPerDayPerProject"",
          ""quota_unit"": ""1/d/{project}""
        }
      },
      {
        ""@type"": ""type.googleapis.com/google.rpc.Help"",
        ""links"": [
          {
            ""description"": ""Request a higher quota limit."",
            ""url"": ""https://cloud.google.com/doc",False
b59727e4-d721-47d4-b534-ffdc553357e5,Debre Zeit Agricultural Research Center,error,,,,,,,,,,"HTTP 429: {
  ""error"": {
    ""code"": 429,
    ""message"": ""Quota exceeded for quota metric 'SearchTextRequest' and limit 'SearchTextRequest per day' of service 'places.googleapis.com' for consumer 'project_number:37282676545'."",
    ""status"": ""RESOURCE_EXHAUSTED"",
    ""details"": [
      {
        ""@type"": ""type.googleapis.com/google.rpc.ErrorInfo"",
        ""reason"": ""RATE_LIMIT_EXCEEDED"",
        ""domain"": ""googleapis.com"",
        ""metadata"": {
          ""quota_location"": ""global"",
          ""quota_limit_value"": ""100"",
          ""service"": ""places.googleapis.com"",
          ""quota_metric"": ""places.googleapis.com/SearchTextRequest"",
          ""consumer"": ""projects/37282676545"",
          ""quota_limit"": ""SearchTextRequestPerDayPerProject"",
          ""quota_unit"": ""1/d/{project}""
        }
      },
      {
        ""@type"": ""type.googleapis.com/google.rpc.Help"",
        ""links"": [
          {
            ""description"": ""Request a higher quota limit."",
            ""url"": ""https://cloud.google.com/doc",False
b6046336-8442-4977-850f-14dfd8c9d66f,Friendship Park Phase I & II,error,,,,,,,,,,"HTTP 429: {
  ""error"": {
    ""code"": 429,
    ""message"": ""Quota exceeded for quota metric 'SearchTextRequest' and limit 'SearchTextRequest per day' of service 'places.googleapis.com' for consumer 'project_number:37282676545'."",
    ""status"": ""RESOURCE_EXHAUSTED"",
    ""details"": [
      {
        ""@type"": ""type.googleapis.com/google.rpc.ErrorInfo"",
        ""reason"": ""RATE_LIMIT_EXCEEDED"",
        ""domain"": ""googleapis.com"",
        ""metadata"": {
          ""quota_limit_value"": ""100"",
          ""quota_unit"": ""1/d/{project}"",
          ""quota_location"": ""global"",
          ""service"": ""places.googleapis.com"",
          ""quota_limit"": ""SearchTextRequestPerDayPerProject"",
          ""consumer"": ""projects/37282676545"",
          ""quota_metric"": ""places.googleapis.com/SearchTextRequest""
        }
      },
      {
        ""@type"": ""type.googleapis.com/google.rpc.Help"",
        ""links"": [
          {
            ""description"": ""Request a higher quota limit."",
            ""url"": ""https://cloud.google.com/doc",False
b66b300d-f7f3-4aea-aece-a0c1a5518667,Kafa Coffee Biosphere Reserve Research Station,error,,,,,,,,,,"HTTP 429: {
  ""error"": {
    ""code"": 429,
    ""message"": ""Quota exceeded for quota metric 'SearchTextRequest' and limit 'SearchTextRequest per day' of service 'places.googleapis.com' for consumer 'project_number:37282676545'."",
    ""status"": ""RESOURCE_EXHAUSTED"",
    ""details"": [
      {
        ""@type"": ""type.googleapis.com/google.rpc.ErrorInfo"",
        ""reason"": ""RATE_LIMIT_EXCEEDED"",
        ""domain"": ""googleapis.com"",
        ""metadata"": {
          ""quota_location"": ""global"",
          ""quota_limit_value"": ""100"",
          ""service"": ""places.googleapis.com"",
          ""quota_metric"": ""places.googleapis.com/SearchTextRequest"",
          ""consumer"": ""projects/37282676545"",
          ""quota_limit"": ""SearchTextRequestPerDayPerProject"",
          ""quota_unit"": ""1/d/{project}""
        }
      },
      {
        ""@type"": ""type.googleapis.com/google.rpc.Help"",
        ""links"": [
          {
            ""description"": ""Request a higher quota limit."",
            ""url"": ""https://cloud.google.com/doc",False
b697b80e-b8f3-4880-92a9-8b2279b70a5a,Weyto Crafts & Reed Boat Community,error,,,,,,,,,,"HTTP 429: {
  ""error"": {
    ""code"": 429,
    ""message"": ""Quota exceeded for quota metric 'SearchTextRequest' and limit 'SearchTextRequest per day' of service 'places.googleapis.com' for consumer 'project_number:37282676545'."",
    ""status"": ""RESOURCE_EXHAUSTED"",
    ""details"": [
      {
        ""@type"": ""type.googleapis.com/google.rpc.ErrorInfo"",
        ""reason"": ""RATE_LIMIT_EXCEEDED"",
        ""domain"": ""googleapis.com"",
        ""metadata"": {
          ""quota_location"": ""global"",
          ""quota_limit_value"": ""100"",
          ""quota_unit"": ""1/d/{project}"",
          ""consumer"": ""projects/37282676545"",
          ""service"": ""places.googleapis.com"",
          ""quota_limit"": ""SearchTextRequestPerDayPerProject"",
          ""quota_metric"": ""places.googleapis.com/SearchTextRequest""
        }
      },
      {
        ""@type"": ""type.googleapis.com/google.rpc.Help"",
        ""links"": [
          {
            ""description"": ""Request a higher quota limit."",
            ""url"": ""https://cloud.google.com/doc",False
b6d0822a-e078-4fe7-a40f-d464fda30f7e,Gorgora Eco-Resort Villa Suites,error,,,,,,,,,,"HTTP 429: {
  ""error"": {
    ""code"": 429,
    ""message"": ""Quota exceeded for quota metric 'SearchTextRequest' and limit 'SearchTextRequest per day' of service 'places.googleapis.com' for consumer 'project_number:37282676545'."",
    ""status"": ""RESOURCE_EXHAUSTED"",
    ""details"": [
      {
        ""@type"": ""type.googleapis.com/google.rpc.ErrorInfo"",
        ""reason"": ""RATE_LIMIT_EXCEEDED"",
        ""domain"": ""googleapis.com"",
        ""metadata"": {
          ""quota_location"": ""global"",
          ""quota_limit_value"": ""100"",
          ""quota_unit"": ""1/d/{project}"",
          ""consumer"": ""projects/37282676545"",
          ""service"": ""places.googleapis.com"",
          ""quota_limit"": ""SearchTextRequestPerDayPerProject"",
          ""quota_metric"": ""places.googleapis.com/SearchTextRequest""
        }
      },
      {
        ""@type"": ""type.googleapis.com/google.rpc.Help"",
        ""links"": [
          {
            ""description"": ""Request a higher quota limit."",
            ""url"": ""https://cloud.google.com/doc",False
b6d115e1-9702-4726-a874-591db2868a7a,Tulu Moye Geothermal Thermal Wells,error,,,,,,,,,,"HTTP 429: {
  ""error"": {
    ""code"": 429,
    ""message"": ""Quota exceeded for quota metric 'SearchTextRequest' and limit 'SearchTextRequest per day' of service 'places.googleapis.com' for consumer 'project_number:37282676545'."",
    ""status"": ""RESOURCE_EXHAUSTED"",
    ""details"": [
      {
        ""@type"": ""type.googleapis.com/google.rpc.ErrorInfo"",
        ""reason"": ""RATE_LIMIT_EXCEEDED"",
        ""domain"": ""googleapis.com"",
        ""metadata"": {
          ""service"": ""places.googleapis.com"",
          ""quota_location"": ""global"",
          ""quota_limit_value"": ""100"",
          ""quota_metric"": ""places.googleapis.com/SearchTextRequest"",
          ""quota_unit"": ""1/d/{project}"",
          ""quota_limit"": ""SearchTextRequestPerDayPerProject"",
          ""consumer"": ""projects/37282676545""
        }
      },
      {
        ""@type"": ""type.googleapis.com/google.rpc.Help"",
        ""links"": [
          {
            ""description"": ""Request a higher quota limit."",
            ""url"": ""https://cloud.google.com/doc",False
b7859b5c-c334-446f-bb0c-32d5b320250c,Sheka Rainforest Honey Outlets,error,,,,,,,,,,"HTTP 429: {
  ""error"": {
    ""code"": 429,
    ""message"": ""Quota exceeded for quota metric 'SearchTextRequest' and limit 'SearchTextRequest per day' of service 'places.googleapis.com' for consumer 'project_number:37282676545'."",
    ""status"": ""RESOURCE_EXHAUSTED"",
    ""details"": [
      {
        ""@type"": ""type.googleapis.com/google.rpc.ErrorInfo"",
        ""reason"": ""RATE_LIMIT_EXCEEDED"",
        ""domain"": ""googleapis.com"",
        ""metadata"": {
          ""service"": ""places.googleapis.com"",
          ""quota_limit"": ""SearchTextRequestPerDayPerProject"",
          ""quota_unit"": ""1/d/{project}"",
          ""consumer"": ""projects/37282676545"",
          ""quota_metric"": ""places.googleapis.com/SearchTextRequest"",
          ""quota_location"": ""global"",
          ""quota_limit_value"": ""100""
        }
      },
      {
        ""@type"": ""type.googleapis.com/google.rpc.Help"",
        ""links"": [
          {
            ""description"": ""Request a higher quota limit."",
            ""url"": ""https://cloud.google.com/doc",False
b786899e-1235-4309-8773-302db27fe085,Paradise Lodge VIP Bungalows,error,,,,,,,,,,"HTTP 429: {
  ""error"": {
    ""code"": 429,
    ""message"": ""Quota exceeded for quota metric 'SearchTextRequest' and limit 'SearchTextRequest per day' of service 'places.googleapis.com' for consumer 'project_number:37282676545'."",
    ""status"": ""RESOURCE_EXHAUSTED"",
    ""details"": [
      {
        ""@type"": ""type.googleapis.com/google.rpc.ErrorInfo"",
        ""reason"": ""RATE_LIMIT_EXCEEDED"",
        ""domain"": ""googleapis.com"",
        ""metadata"": {
          ""quota_location"": ""global"",
          ""quota_limit_value"": ""100"",
          ""quota_unit"": ""1/d/{project}"",
          ""consumer"": ""projects/37282676545"",
          ""service"": ""places.googleapis.com"",
          ""quota_limit"": ""SearchTextRequestPerDayPerProject"",
          ""quota_metric"": ""places.googleapis.com/SearchTextRequest""
        }
      },
      {
        ""@type"": ""type.googleapis.com/google.rpc.Help"",
        ""links"": [
          {
            ""description"": ""Request a higher quota limit."",
            ""url"": ""https://cloud.google.com/doc",False
b79a32d5-6c63-4cc1-becb-c2f1eba832b7,Grand Resort and Spa MICE Facilities,error,,,,,,,,,,"HTTP 429: {
  ""error"": {
    ""code"": 429,
    ""message"": ""Quota exceeded for quota metric 'SearchTextRequest' and limit 'SearchTextRequest per day' of service 'places.googleapis.com' for consumer 'project_number:37282676545'."",
    ""status"": ""RESOURCE_EXHAUSTED"",
    ""details"": [
      {
        ""@type"": ""type.googleapis.com/google.rpc.ErrorInfo"",
        ""reason"": ""RATE_LIMIT_EXCEEDED"",
        ""domain"": ""googleapis.com"",
        ""metadata"": {
          ""quota_limit_value"": ""100"",
          ""service"": ""places.googleapis.com"",
          ""quota_metric"": ""places.googleapis.com/SearchTextRequest"",
          ""quota_location"": ""global"",
          ""quota_unit"": ""1/d/{project}"",
          ""consumer"": ""projects/37282676545"",
          ""quota_limit"": ""SearchTextRequestPerDayPerProject""
        }
      },
      {
        ""@type"": ""type.googleapis.com/google.rpc.Help"",
        ""links"": [
          {
            ""description"": ""Request a higher quota limit."",
            ""url"": ""https://cloud.google.com/doc",False
b7bfc38d-0f85-4a35-bebf-58be47ede083,Lake Tana Outlet to Blue Nile Falls Boat Route,error,,,,,,,,,,"HTTP 429: {
  ""error"": {
    ""code"": 429,
    ""message"": ""Quota exceeded for quota metric 'SearchTextRequest' and limit 'SearchTextRequest per day' of service 'places.googleapis.com' for consumer 'project_number:37282676545'."",
    ""status"": ""RESOURCE_EXHAUSTED"",
    ""details"": [
      {
        ""@type"": ""type.googleapis.com/google.rpc.ErrorInfo"",
        ""reason"": ""RATE_LIMIT_EXCEEDED"",
        ""domain"": ""googleapis.com"",
        ""metadata"": {
          ""service"": ""places.googleapis.com"",
          ""consumer"": ""projects/37282676545"",
          ""quota_location"": ""global"",
          ""quota_limit_value"": ""100"",
          ""quota_limit"": ""SearchTextRequestPerDayPerProject"",
          ""quota_unit"": ""1/d/{project}"",
          ""quota_metric"": ""places.googleapis.com/SearchTextRequest""
        }
      },
      {
        ""@type"": ""type.googleapis.com/google.rpc.Help"",
        ""links"": [
          {
            ""description"": ""Request a higher quota limit."",
            ""url"": ""https://cloud.google.com/doc",False
b7cda2f1-eaef-40d3-b85d-40f2ccd26f66,Yemrehanna Kristos Cave Church,error,,,,,,,,,,"HTTP 429: {
  ""error"": {
    ""code"": 429,
    ""message"": ""Quota exceeded for quota metric 'SearchTextRequest' and limit 'SearchTextRequest per day' of service 'places.googleapis.com' for consumer 'project_number:37282676545'."",
    ""status"": ""RESOURCE_EXHAUSTED"",
    ""details"": [
      {
        ""@type"": ""type.googleapis.com/google.rpc.ErrorInfo"",
        ""reason"": ""RATE_LIMIT_EXCEEDED"",
        ""domain"": ""googleapis.com"",
        ""metadata"": {
          ""service"": ""places.googleapis.com"",
          ""consumer"": ""projects/37282676545"",
          ""quota_location"": ""global"",
          ""quota_limit_value"": ""100"",
          ""quota_limit"": ""SearchTextRequestPerDayPerProject"",
          ""quota_unit"": ""1/d/{project}"",
          ""quota_metric"": ""places.googleapis.com/SearchTextRequest""
        }
      },
      {
        ""@type"": ""type.googleapis.com/google.rpc.Help"",
        ""links"": [
          {
            ""description"": ""Request a higher quota limit."",
            ""url"": ""https://cloud.google.com/doc",False
b81ee5f1-0025-46e8-892d-32113fa97521,Karrayyu Plain Overland Safari,error,,,,,,,,,,"HTTP 429: {
  ""error"": {
    ""code"": 429,
    ""message"": ""Quota exceeded for quota metric 'SearchTextRequest' and limit 'SearchTextRequest per day' of service 'places.googleapis.com' for consumer 'project_number:37282676545'."",
    ""status"": ""RESOURCE_EXHAUSTED"",
    ""details"": [
      {
        ""@type"": ""type.googleapis.com/google.rpc.ErrorInfo"",
        ""reason"": ""RATE_LIMIT_EXCEEDED"",
        ""domain"": ""googleapis.com"",
        ""metadata"": {
          ""quota_limit"": ""SearchTextRequestPerDayPerProject"",
          ""service"": ""places.googleapis.com"",
          ""quota_metric"": ""places.googleapis.com/SearchTextRequest"",
          ""quota_location"": ""global"",
          ""quota_limit_value"": ""100"",
          ""consumer"": ""projects/37282676545"",
          ""quota_unit"": ""1/d/{project}""
        }
      },
      {
        ""@type"": ""type.googleapis.com/google.rpc.Help"",
        ""links"": [
          {
            ""description"": ""Request a higher quota limit."",
            ""url"": ""https://cloud.google.com/doc",False
b8802b66-fe0e-4ee7-af1b-888ac78b6f90,Nigat Lake Resort VIP Cabins,error,,,,,,,,,,"HTTP 429: {
  ""error"": {
    ""code"": 429,
    ""message"": ""Quota exceeded for quota metric 'SearchTextRequest' and limit 'SearchTextRequest per day' of service 'places.googleapis.com' for consumer 'project_number:37282676545'."",
    ""status"": ""RESOURCE_EXHAUSTED"",
    ""details"": [
      {
        ""@type"": ""type.googleapis.com/google.rpc.ErrorInfo"",
        ""reason"": ""RATE_LIMIT_EXCEEDED"",
        ""domain"": ""googleapis.com"",
        ""metadata"": {
          ""quota_limit_value"": ""100"",
          ""quota_metric"": ""places.googleapis.com/SearchTextRequest"",
          ""quota_limit"": ""SearchTextRequestPerDayPerProject"",
          ""quota_unit"": ""1/d/{project}"",
          ""service"": ""places.googleapis.com"",
          ""quota_location"": ""global"",
          ""consumer"": ""projects/37282676545""
        }
      },
      {
        ""@type"": ""type.googleapis.com/google.rpc.Help"",
        ""links"": [
          {
            ""description"": ""Request a higher quota limit."",
            ""url"": ""https://cloud.google.com/doc",False
b90d1e5f-6af8-4c9b-992c-101e44d8ac58,Senkele Sanctuary Open Plain Night Sky,error,,,,,,,,,,"HTTP 429: {
  ""error"": {
    ""code"": 429,
    ""message"": ""Quota exceeded for quota metric 'SearchTextRequest' and limit 'SearchTextRequest per day' of service 'places.googleapis.com' for consumer 'project_number:37282676545'."",
    ""status"": ""RESOURCE_EXHAUSTED"",
    ""details"": [
      {
        ""@type"": ""type.googleapis.com/google.rpc.ErrorInfo"",
        ""reason"": ""RATE_LIMIT_EXCEEDED"",
        ""domain"": ""googleapis.com"",
        ""metadata"": {
          ""quota_location"": ""global"",
          ""service"": ""places.googleapis.com"",
          ""quota_limit_value"": ""100"",
          ""quota_unit"": ""1/d/{project}"",
          ""quota_metric"": ""places.googleapis.com/SearchTextRequest"",
          ""quota_limit"": ""SearchTextRequestPerDayPerProject"",
          ""consumer"": ""projects/37282676545""
        }
      },
      {
        ""@type"": ""type.googleapis.com/google.rpc.Help"",
        ""links"": [
          {
            ""description"": ""Request a higher quota limit."",
            ""url"": ""https://cloud.google.com/doc",False
b93352cd-2f5c-4b4f-a433-9380939782cd,Addis Ababa Science Museum Space & Aviation Wing,error,,,,,,,,,,"HTTP 429: {
  ""error"": {
    ""code"": 429,
    ""message"": ""Quota exceeded for quota metric 'SearchTextRequest' and limit 'SearchTextRequest per day' of service 'places.googleapis.com' for consumer 'project_number:37282676545'."",
    ""status"": ""RESOURCE_EXHAUSTED"",
    ""details"": [
      {
        ""@type"": ""type.googleapis.com/google.rpc.ErrorInfo"",
        ""reason"": ""RATE_LIMIT_EXCEEDED"",
        ""domain"": ""googleapis.com"",
        ""metadata"": {
          ""quota_limit"": ""SearchTextRequestPerDayPerProject"",
          ""service"": ""places.googleapis.com"",
          ""quota_metric"": ""places.googleapis.com/SearchTextRequest"",
          ""quota_location"": ""global"",
          ""quota_limit_value"": ""100"",
          ""consumer"": ""projects/37282676545"",
          ""quota_unit"": ""1/d/{project}""
        }
      },
      {
        ""@type"": ""type.googleapis.com/google.rpc.Help"",
        ""links"": [
          {
            ""description"": ""Request a higher quota limit."",
            ""url"": ""https://cloud.google.com/doc",False
b9519fdf-5fc5-41bb-acd1-23bddbbb0383,Lake Chamo Crocodile Market (Nile Crocodiles & Hippos),error,,,,,,,,,,"HTTP 429: {
  ""error"": {
    ""code"": 429,
    ""message"": ""Quota exceeded for quota metric 'SearchTextRequest' and limit 'SearchTextRequest per day' of service 'places.googleapis.com' for consumer 'project_number:37282676545'."",
    ""status"": ""RESOURCE_EXHAUSTED"",
    ""details"": [
      {
        ""@type"": ""type.googleapis.com/google.rpc.ErrorInfo"",
        ""reason"": ""RATE_LIMIT_EXCEEDED"",
        ""domain"": ""googleapis.com"",
        ""metadata"": {
          ""quota_unit"": ""1/d/{project}"",
          ""service"": ""places.googleapis.com"",
          ""quota_metric"": ""places.googleapis.com/SearchTextRequest"",
          ""quota_limit_value"": ""100"",
          ""consumer"": ""projects/37282676545"",
          ""quota_limit"": ""SearchTextRequestPerDayPerProject"",
          ""quota_location"": ""global""
        }
      },
      {
        ""@type"": ""type.googleapis.com/google.rpc.Help"",
        ""links"": [
          {
            ""description"": ""Request a higher quota limit."",
            ""url"": ""https://cloud.google.com/doc",False
b9a23bb4-1ffc-4535-b70e-56ed34bdde64,Borena Saynt National Park (Gelada Baboons),error,,,,,,,,,,"HTTP 429: {
  ""error"": {
    ""code"": 429,
    ""message"": ""Quota exceeded for quota metric 'SearchTextRequest' and limit 'SearchTextRequest per day' of service 'places.googleapis.com' for consumer 'project_number:37282676545'."",
    ""status"": ""RESOURCE_EXHAUSTED"",
    ""details"": [
      {
        ""@type"": ""type.googleapis.com/google.rpc.ErrorInfo"",
        ""reason"": ""RATE_LIMIT_EXCEEDED"",
        ""domain"": ""googleapis.com"",
        ""metadata"": {
          ""service"": ""places.googleapis.com"",
          ""consumer"": ""projects/37282676545"",
          ""quota_location"": ""global"",
          ""quota_limit_value"": ""100"",
          ""quota_limit"": ""SearchTextRequestPerDayPerProject"",
          ""quota_unit"": ""1/d/{project}"",
          ""quota_metric"": ""places.googleapis.com/SearchTextRequest""
        }
      },
      {
        ""@type"": ""type.googleapis.com/google.rpc.Help"",
        ""links"": [
          {
            ""description"": ""Request a higher quota limit."",
            ""url"": ""https://cloud.google.com/doc",False
ba001415-e817-4ba5-91ab-19576b02886c,Abijatta-Shalla Flamingos & Salt Crust Lakes,error,,,,,,,,,,"HTTP 429: {
  ""error"": {
    ""code"": 429,
    ""message"": ""Quota exceeded for quota metric 'SearchTextRequest' and limit 'SearchTextRequest per day' of service 'places.googleapis.com' for consumer 'project_number:37282676545'."",
    ""status"": ""RESOURCE_EXHAUSTED"",
    ""details"": [
      {
        ""@type"": ""type.googleapis.com/google.rpc.ErrorInfo"",
        ""reason"": ""RATE_LIMIT_EXCEEDED"",
        ""domain"": ""googleapis.com"",
        ""metadata"": {
          ""quota_location"": ""global"",
          ""quota_metric"": ""places.googleapis.com/SearchTextRequest"",
          ""quota_limit_value"": ""100"",
          ""consumer"": ""projects/37282676545"",
          ""quota_unit"": ""1/d/{project}"",
          ""service"": ""places.googleapis.com"",
          ""quota_limit"": ""SearchTextRequestPerDayPerProject""
        }
      },
      {
        ""@type"": ""type.googleapis.com/google.rpc.Help"",
        ""links"": [
          {
            ""description"": ""Request a higher quota limit."",
            ""url"": ""https://cloud.google.com/doc",False
ba333088-9c00-4ee7-b962-298e550aefba,Churchill Avenue Public Walkway,error,,,,,,,,,,"HTTP 429: {
  ""error"": {
    ""code"": 429,
    ""message"": ""Quota exceeded for quota metric 'SearchTextRequest' and limit 'SearchTextRequest per day' of service 'places.googleapis.com' for consumer 'project_number:37282676545'."",
    ""status"": ""RESOURCE_EXHAUSTED"",
    ""details"": [
      {
        ""@type"": ""type.googleapis.com/google.rpc.ErrorInfo"",
        ""reason"": ""RATE_LIMIT_EXCEEDED"",
        ""domain"": ""googleapis.com"",
        ""metadata"": {
          ""quota_limit_value"": ""100"",
          ""service"": ""places.googleapis.com"",
          ""quota_metric"": ""places.googleapis.com/SearchTextRequest"",
          ""consumer"": ""projects/37282676545"",
          ""quota_location"": ""global"",
          ""quota_limit"": ""SearchTextRequestPerDayPerProject"",
          ""quota_unit"": ""1/d/{project}""
        }
      },
      {
        ""@type"": ""type.googleapis.com/google.rpc.Help"",
        ""links"": [
          {
            ""description"": ""Request a higher quota limit."",
            ""url"": ""https://cloud.google.com/doc",False
ba380ed4-ea00-42e0-9a34-ae2427ca9117,Sof Omar Cave Pillars & Light Shafts,error,,,,,,,,,,"HTTP 429: {
  ""error"": {
    ""code"": 429,
    ""message"": ""Quota exceeded for quota metric 'SearchTextRequest' and limit 'SearchTextRequest per day' of service 'places.googleapis.com' for consumer 'project_number:37282676545'."",
    ""status"": ""RESOURCE_EXHAUSTED"",
    ""details"": [
      {
        ""@type"": ""type.googleapis.com/google.rpc.ErrorInfo"",
        ""reason"": ""RATE_LIMIT_EXCEEDED"",
        ""domain"": ""googleapis.com"",
        ""metadata"": {
          ""quota_location"": ""global"",
          ""service"": ""places.googleapis.com"",
          ""quota_limit_value"": ""100"",
          ""quota_unit"": ""1/d/{project}"",
          ""quota_metric"": ""places.googleapis.com/SearchTextRequest"",
          ""quota_limit"": ""SearchTextRequestPerDayPerProject"",
          ""consumer"": ""projects/37282676545""
        }
      },
      {
        ""@type"": ""type.googleapis.com/google.rpc.Help"",
        ""links"": [
          {
            ""description"": ""Request a higher quota limit."",
            ""url"": ""https://cloud.google.com/doc",False
ba5ee543-3d16-4d06-83b9-fc0de1b389c4,Bale Mountains National Park & Harenna Cloud Forest,error,,,,,,,,,,"HTTP 429: {
  ""error"": {
    ""code"": 429,
    ""message"": ""Quota exceeded for quota metric 'SearchTextRequest' and limit 'SearchTextRequest per day' of service 'places.googleapis.com' for consumer 'project_number:37282676545'."",
    ""status"": ""RESOURCE_EXHAUSTED"",
    ""details"": [
      {
        ""@type"": ""type.googleapis.com/google.rpc.ErrorInfo"",
        ""reason"": ""RATE_LIMIT_EXCEEDED"",
        ""domain"": ""googleapis.com"",
        ""metadata"": {
          ""quota_metric"": ""places.googleapis.com/SearchTextRequest"",
          ""consumer"": ""projects/37282676545"",
          ""quota_limit"": ""SearchTextRequestPerDayPerProject"",
          ""quota_location"": ""global"",
          ""quota_unit"": ""1/d/{project}"",
          ""quota_limit_value"": ""100"",
          ""service"": ""places.googleapis.com""
        }
      },
      {
        ""@type"": ""type.googleapis.com/google.rpc.Help"",
        ""links"": [
          {
            ""description"": ""Request a higher quota limit."",
            ""url"": ""https://cloud.google.com/doc",False
ba88e856-c9a7-46a7-81f5-41cb3cfe90ad,Kafa Biosphere Reserve,error,,,,,,,,,,"HTTP 429: {
  ""error"": {
    ""code"": 429,
    ""message"": ""Quota exceeded for quota metric 'SearchTextRequest' and limit 'SearchTextRequest per day' of service 'places.googleapis.com' for consumer 'project_number:37282676545'."",
    ""status"": ""RESOURCE_EXHAUSTED"",
    ""details"": [
      {
        ""@type"": ""type.googleapis.com/google.rpc.ErrorInfo"",
        ""reason"": ""RATE_LIMIT_EXCEEDED"",
        ""domain"": ""googleapis.com"",
        ""metadata"": {
          ""quota_unit"": ""1/d/{project}"",
          ""service"": ""places.googleapis.com"",
          ""quota_limit_value"": ""100"",
          ""quota_metric"": ""places.googleapis.com/SearchTextRequest"",
          ""quota_limit"": ""SearchTextRequestPerDayPerProject"",
          ""consumer"": ""projects/37282676545"",
          ""quota_location"": ""global""
        }
      },
      {
        ""@type"": ""type.googleapis.com/google.rpc.Help"",
        ""links"": [
          {
            ""description"": ""Request a higher quota limit."",
            ""url"": ""https://cloud.google.com/doc",False
ba97f6e3-ded6-4b0f-9b91-c34ce33838c4,Guji Coffee Farm Plantations,error,,,,,,,,,,"HTTP 429: {
  ""error"": {
    ""code"": 429,
    ""message"": ""Quota exceeded for quota metric 'SearchTextRequest' and limit 'SearchTextRequest per day' of service 'places.googleapis.com' for consumer 'project_number:37282676545'."",
    ""status"": ""RESOURCE_EXHAUSTED"",
    ""details"": [
      {
        ""@type"": ""type.googleapis.com/google.rpc.ErrorInfo"",
        ""reason"": ""RATE_LIMIT_EXCEEDED"",
        ""domain"": ""googleapis.com"",
        ""metadata"": {
          ""quota_unit"": ""1/d/{project}"",
          ""service"": ""places.googleapis.com"",
          ""quota_limit_value"": ""100"",
          ""quota_metric"": ""places.googleapis.com/SearchTextRequest"",
          ""quota_limit"": ""SearchTextRequestPerDayPerProject"",
          ""consumer"": ""projects/37282676545"",
          ""quota_location"": ""global""
        }
      },
      {
        ""@type"": ""type.googleapis.com/google.rpc.Help"",
        ""links"": [
          {
            ""description"": ""Request a higher quota limit."",
            ""url"": ""https://cloud.google.com/doc",False
bb297d28-8b26-43f4-87ad-45513e12cbbe,Senkele Hartebeest Sanctuary Conservation Center,error,,,,,,,,,,"HTTP 429: {
  ""error"": {
    ""code"": 429,
    ""message"": ""Quota exceeded for quota metric 'SearchTextRequest' and limit 'SearchTextRequest per day' of service 'places.googleapis.com' for consumer 'project_number:37282676545'."",
    ""status"": ""RESOURCE_EXHAUSTED"",
    ""details"": [
      {
        ""@type"": ""type.googleapis.com/google.rpc.ErrorInfo"",
        ""reason"": ""RATE_LIMIT_EXCEEDED"",
        ""domain"": ""googleapis.com"",
        ""metadata"": {
          ""quota_unit"": ""1/d/{project}"",
          ""service"": ""places.googleapis.com"",
          ""quota_limit_value"": ""100"",
          ""quota_metric"": ""places.googleapis.com/SearchTextRequest"",
          ""quota_limit"": ""SearchTextRequestPerDayPerProject"",
          ""consumer"": ""projects/37282676545"",
          ""quota_location"": ""global""
        }
      },
      {
        ""@type"": ""type.googleapis.com/google.rpc.Help"",
        ""links"": [
          {
            ""description"": ""Request a higher quota limit."",
            ""url"": ""https://cloud.google.com/doc",False
bb55b346-d2fa-403f-8891-d4d865bf798d,Ethiopian Institute of Agricultural Research (EIAR - Holeta),error,,,,,,,,,,"HTTP 429: {
  ""error"": {
    ""code"": 429,
    ""message"": ""Quota exceeded for quota metric 'SearchTextRequest' and limit 'SearchTextRequest per day' of service 'places.googleapis.com' for consumer 'project_number:37282676545'."",
    ""status"": ""RESOURCE_EXHAUSTED"",
    ""details"": [
      {
        ""@type"": ""type.googleapis.com/google.rpc.ErrorInfo"",
        ""reason"": ""RATE_LIMIT_EXCEEDED"",
        ""domain"": ""googleapis.com"",
        ""metadata"": {
          ""quota_unit"": ""1/d/{project}"",
          ""service"": ""places.googleapis.com"",
          ""quota_limit_value"": ""100"",
          ""quota_metric"": ""places.googleapis.com/SearchTextRequest"",
          ""quota_limit"": ""SearchTextRequestPerDayPerProject"",
          ""consumer"": ""projects/37282676545"",
          ""quota_location"": ""global""
        }
      },
      {
        ""@type"": ""type.googleapis.com/google.rpc.Help"",
        ""links"": [
          {
            ""description"": ""Request a higher quota limit."",
            ""url"": ""https://cloud.google.com/doc",False
bb7553ff-8dce-4d61-ac69-ce032ad551d9,Konso Sorghum Beer (Pardo) & Local Dish Centers,error,,,,,,,,,,"HTTP 429: {
  ""error"": {
    ""code"": 429,
    ""message"": ""Quota exceeded for quota metric 'SearchTextRequest' and limit 'SearchTextRequest per day' of service 'places.googleapis.com' for consumer 'project_number:37282676545'."",
    ""status"": ""RESOURCE_EXHAUSTED"",
    ""details"": [
      {
        ""@type"": ""type.googleapis.com/google.rpc.ErrorInfo"",
        ""reason"": ""RATE_LIMIT_EXCEEDED"",
        ""domain"": ""googleapis.com"",
        ""metadata"": {
          ""quota_unit"": ""1/d/{project}"",
          ""service"": ""places.googleapis.com"",
          ""quota_limit_value"": ""100"",
          ""quota_metric"": ""places.googleapis.com/SearchTextRequest"",
          ""quota_limit"": ""SearchTextRequestPerDayPerProject"",
          ""consumer"": ""projects/37282676545"",
          ""quota_location"": ""global""
        }
      },
      {
        ""@type"": ""type.googleapis.com/google.rpc.Help"",
        ""links"": [
          {
            ""description"": ""Request a higher quota limit."",
            ""url"": ""https://cloud.google.com/doc",False
bba05c41-e598-4829-b96a-281cd5bb56bc,Guge Mountain High-Altitude Alpine Ecosystem,error,,,,,,,,,,"HTTP 429: {
  ""error"": {
    ""code"": 429,
    ""message"": ""Quota exceeded for quota metric 'SearchTextRequest' and limit 'SearchTextRequest per day' of service 'places.googleapis.com' for consumer 'project_number:37282676545'."",
    ""status"": ""RESOURCE_EXHAUSTED"",
    ""details"": [
      {
        ""@type"": ""type.googleapis.com/google.rpc.ErrorInfo"",
        ""reason"": ""RATE_LIMIT_EXCEEDED"",
        ""domain"": ""googleapis.com"",
        ""metadata"": {
          ""quota_location"": ""global"",
          ""quota_metric"": ""places.googleapis.com/SearchTextRequest"",
          ""quota_limit_value"": ""100"",
          ""consumer"": ""projects/37282676545"",
          ""quota_unit"": ""1/d/{project}"",
          ""service"": ""places.googleapis.com"",
          ""quota_limit"": ""SearchTextRequestPerDayPerProject""
        }
      },
      {
        ""@type"": ""type.googleapis.com/google.rpc.Help"",
        ""links"": [
          {
            ""description"": ""Request a higher quota limit."",
            ""url"": ""https://cloud.google.com/doc",False
bbba8177-f6f8-4379-bb72-c74eddfef287,Asham Africa Executive Lake Suites,error,,,,,,,,,,"HTTP 429: {
  ""error"": {
    ""code"": 429,
    ""message"": ""Quota exceeded for quota metric 'SearchTextRequest' and limit 'SearchTextRequest per day' of service 'places.googleapis.com' for consumer 'project_number:37282676545'."",
    ""status"": ""RESOURCE_EXHAUSTED"",
    ""details"": [
      {
        ""@type"": ""type.googleapis.com/google.rpc.ErrorInfo"",
        ""reason"": ""RATE_LIMIT_EXCEEDED"",
        ""domain"": ""googleapis.com"",
        ""metadata"": {
          ""quota_location"": ""global"",
          ""quota_metric"": ""places.googleapis.com/SearchTextRequest"",
          ""service"": ""places.googleapis.com"",
          ""consumer"": ""projects/37282676545"",
          ""quota_unit"": ""1/d/{project}"",
          ""quota_limit_value"": ""100"",
          ""quota_limit"": ""SearchTextRequestPerDayPerProject""
        }
      },
      {
        ""@type"": ""type.googleapis.com/google.rpc.Help"",
        ""links"": [
          {
            ""description"": ""Request a higher quota limit."",
            ""url"": ""https://cloud.google.com/doc",False
bbbd1301-3228-4439-bb78-cc3abaa079a5,Getfam Hotel Presidential Suite,error,,,,,,,,,,"HTTP 429: {
  ""error"": {
    ""code"": 429,
    ""message"": ""Quota exceeded for quota metric 'SearchTextRequest' and limit 'SearchTextRequest per day' of service 'places.googleapis.com' for consumer 'project_number:37282676545'."",
    ""status"": ""RESOURCE_EXHAUSTED"",
    ""details"": [
      {
        ""@type"": ""type.googleapis.com/google.rpc.ErrorInfo"",
        ""reason"": ""RATE_LIMIT_EXCEEDED"",
        ""domain"": ""googleapis.com"",
        ""metadata"": {
          ""quota_limit_value"": ""100"",
          ""service"": ""places.googleapis.com"",
          ""quota_metric"": ""places.googleapis.com/SearchTextRequest"",
          ""consumer"": ""projects/37282676545"",
          ""quota_location"": ""global"",
          ""quota_limit"": ""SearchTextRequestPerDayPerProject"",
          ""quota_unit"": ""1/d/{project}""
        }
      },
      {
        ""@type"": ""type.googleapis.com/google.rpc.Help"",
        ""links"": [
          {
            ""description"": ""Request a higher quota limit."",
            ""url"": ""https://cloud.google.com/doc",False
bc5c38df-1497-4ecd-96d1-924bc1f164fe,Menz Guassa gelada baboon troops on cliff edges,error,,,,,,,,,,"HTTP 429: {
  ""error"": {
    ""code"": 429,
    ""message"": ""Quota exceeded for quota metric 'SearchTextRequest' and limit 'SearchTextRequest per day' of service 'places.googleapis.com' for consumer 'project_number:37282676545'."",
    ""status"": ""RESOURCE_EXHAUSTED"",
    ""details"": [
      {
        ""@type"": ""type.googleapis.com/google.rpc.ErrorInfo"",
        ""reason"": ""RATE_LIMIT_EXCEEDED"",
        ""domain"": ""googleapis.com"",
        ""metadata"": {
          ""quota_unit"": ""1/d/{project}"",
          ""quota_limit"": ""SearchTextRequestPerDayPerProject"",
          ""quota_location"": ""global"",
          ""service"": ""places.googleapis.com"",
          ""consumer"": ""projects/37282676545"",
          ""quota_metric"": ""places.googleapis.com/SearchTextRequest"",
          ""quota_limit_value"": ""100""
        }
      },
      {
        ""@type"": ""type.googleapis.com/google.rpc.Help"",
        ""links"": [
          {
            ""description"": ""Request a higher quota limit."",
            ""url"": ""https://cloud.google.com/doc",False
bcd68e30-4fab-43ff-b93d-67a768a35b86,Battlefield of Maichew,error,,,,,,,,,,"HTTP 429: {
  ""error"": {
    ""code"": 429,
    ""message"": ""Quota exceeded for quota metric 'SearchTextRequest' and limit 'SearchTextRequest per day' of service 'places.googleapis.com' for consumer 'project_number:37282676545'."",
    ""status"": ""RESOURCE_EXHAUSTED"",
    ""details"": [
      {
        ""@type"": ""type.googleapis.com/google.rpc.ErrorInfo"",
        ""reason"": ""RATE_LIMIT_EXCEEDED"",
        ""domain"": ""googleapis.com"",
        ""metadata"": {
          ""consumer"": ""projects/37282676545"",
          ""quota_limit"": ""SearchTextRequestPerDayPerProject"",
          ""quota_limit_value"": ""100"",
          ""quota_unit"": ""1/d/{project}"",
          ""quota_location"": ""global"",
          ""service"": ""places.googleapis.com"",
          ""quota_metric"": ""places.googleapis.com/SearchTextRequest""
        }
      },
      {
        ""@type"": ""type.googleapis.com/google.rpc.Help"",
        ""links"": [
          {
            ""description"": ""Request a higher quota limit."",
            ""url"": ""https://cloud.google.com/doc",False
bd1ca5ba-8165-4805-9eb5-c49d8b293553,Addis Ababa Leather Goods Boutique Outlets,error,,,,,,,,,,"HTTP 429: {
  ""error"": {
    ""code"": 429,
    ""message"": ""Quota exceeded for quota metric 'SearchTextRequest' and limit 'SearchTextRequest per day' of service 'places.googleapis.com' for consumer 'project_number:37282676545'."",
    ""status"": ""RESOURCE_EXHAUSTED"",
    ""details"": [
      {
        ""@type"": ""type.googleapis.com/google.rpc.ErrorInfo"",
        ""reason"": ""RATE_LIMIT_EXCEEDED"",
        ""domain"": ""googleapis.com"",
        ""metadata"": {
          ""quota_location"": ""global"",
          ""quota_metric"": ""places.googleapis.com/SearchTextRequest"",
          ""service"": ""places.googleapis.com"",
          ""consumer"": ""projects/37282676545"",
          ""quota_unit"": ""1/d/{project}"",
          ""quota_limit_value"": ""100"",
          ""quota_limit"": ""SearchTextRequestPerDayPerProject""
        }
      },
      {
        ""@type"": ""type.googleapis.com/google.rpc.Help"",
        ""links"": [
          {
            ""description"": ""Request a higher quota limit."",
            ""url"": ""https://cloud.google.com/doc",False
bd57c662-08da-46da-bffa-c648362a13bc,Nechisar Bridge of God Ridge,error,,,,,,,,,,"HTTP 429: {
  ""error"": {
    ""code"": 429,
    ""message"": ""Quota exceeded for quota metric 'SearchTextRequest' and limit 'SearchTextRequest per day' of service 'places.googleapis.com' for consumer 'project_number:37282676545'."",
    ""status"": ""RESOURCE_EXHAUSTED"",
    ""details"": [
      {
        ""@type"": ""type.googleapis.com/google.rpc.ErrorInfo"",
        ""reason"": ""RATE_LIMIT_EXCEEDED"",
        ""domain"": ""googleapis.com"",
        ""metadata"": {
          ""quota_unit"": ""1/d/{project}"",
          ""quota_limit"": ""SearchTextRequestPerDayPerProject"",
          ""quota_location"": ""global"",
          ""service"": ""places.googleapis.com"",
          ""consumer"": ""projects/37282676545"",
          ""quota_metric"": ""places.googleapis.com/SearchTextRequest"",
          ""quota_limit_value"": ""100""
        }
      },
      {
        ""@type"": ""type.googleapis.com/google.rpc.Help"",
        ""links"": [
          {
            ""description"": ""Request a higher quota limit."",
            ""url"": ""https://cloud.google.com/doc",False
bda1d2aa-2b5c-4c90-a201-bfc2793fa645,Arbore Cultural Settlement,error,,,,,,,,,,"HTTP 429: {
  ""error"": {
    ""code"": 429,
    ""message"": ""Quota exceeded for quota metric 'SearchTextRequest' and limit 'SearchTextRequest per day' of service 'places.googleapis.com' for consumer 'project_number:37282676545'."",
    ""status"": ""RESOURCE_EXHAUSTED"",
    ""details"": [
      {
        ""@type"": ""type.googleapis.com/google.rpc.ErrorInfo"",
        ""reason"": ""RATE_LIMIT_EXCEEDED"",
        ""domain"": ""googleapis.com"",
        ""metadata"": {
          ""consumer"": ""projects/37282676545"",
          ""quota_limit"": ""SearchTextRequestPerDayPerProject"",
          ""quota_limit_value"": ""100"",
          ""quota_unit"": ""1/d/{project}"",
          ""quota_location"": ""global"",
          ""service"": ""places.googleapis.com"",
          ""quota_metric"": ""places.googleapis.com/SearchTextRequest""
        }
      },
      {
        ""@type"": ""type.googleapis.com/google.rpc.Help"",
        ""links"": [
          {
            ""description"": ""Request a higher quota limit."",
            ""url"": ""https://cloud.google.com/doc",False
bdc914c6-b0cc-4302-ad5a-7496a8b5f740,Addis Ababa Shiro Meda Shiro Tasting Outlets,error,,,,,,,,,,"HTTP 429: {
  ""error"": {
    ""code"": 429,
    ""message"": ""Quota exceeded for quota metric 'SearchTextRequest' and limit 'SearchTextRequest per day' of service 'places.googleapis.com' for consumer 'project_number:37282676545'."",
    ""status"": ""RESOURCE_EXHAUSTED"",
    ""details"": [
      {
        ""@type"": ""type.googleapis.com/google.rpc.ErrorInfo"",
        ""reason"": ""RATE_LIMIT_EXCEEDED"",
        ""domain"": ""googleapis.com"",
        ""metadata"": {
          ""quota_limit"": ""SearchTextRequestPerDayPerProject"",
          ""consumer"": ""projects/37282676545"",
          ""quota_metric"": ""places.googleapis.com/SearchTextRequest"",
          ""service"": ""places.googleapis.com"",
          ""quota_unit"": ""1/d/{project}"",
          ""quota_location"": ""global"",
          ""quota_limit_value"": ""100""
        }
      },
      {
        ""@type"": ""type.googleapis.com/google.rpc.Help"",
        ""links"": [
          {
            ""description"": ""Request a higher quota limit."",
            ""url"": ""https://cloud.google.com/doc",False
bdd10ec0-fe1e-4536-b60a-400ed9c2804a,Haile Grand Hotel Promenade,error,,,,,,,,,,"HTTP 429: {
  ""error"": {
    ""code"": 429,
    ""message"": ""Quota exceeded for quota metric 'SearchTextRequest' and limit 'SearchTextRequest per day' of service 'places.googleapis.com' for consumer 'project_number:37282676545'."",
    ""status"": ""RESOURCE_EXHAUSTED"",
    ""details"": [
      {
        ""@type"": ""type.googleapis.com/google.rpc.ErrorInfo"",
        ""reason"": ""RATE_LIMIT_EXCEEDED"",
        ""domain"": ""googleapis.com"",
        ""metadata"": {
          ""consumer"": ""projects/37282676545"",
          ""service"": ""places.googleapis.com"",
          ""quota_limit"": ""SearchTextRequestPerDayPerProject"",
          ""quota_unit"": ""1/d/{project}"",
          ""quota_metric"": ""places.googleapis.com/SearchTextRequest"",
          ""quota_location"": ""global"",
          ""quota_limit_value"": ""100""
        }
      },
      {
        ""@type"": ""type.googleapis.com/google.rpc.Help"",
        ""links"": [
          {
            ""description"": ""Request a higher quota limit."",
            ""url"": ""https://cloud.google.com/doc",False
bdd6772f-6bfb-4879-bdb6-f65d3ce9c837,Gorgora Eco-Resort & Lake Tana Shore,error,,,,,,,,,,"HTTP 429: {
  ""error"": {
    ""code"": 429,
    ""message"": ""Quota exceeded for quota metric 'SearchTextRequest' and limit 'SearchTextRequest per day' of service 'places.googleapis.com' for consumer 'project_number:37282676545'."",
    ""status"": ""RESOURCE_EXHAUSTED"",
    ""details"": [
      {
        ""@type"": ""type.googleapis.com/google.rpc.ErrorInfo"",
        ""reason"": ""RATE_LIMIT_EXCEEDED"",
        ""domain"": ""googleapis.com"",
        ""metadata"": {
          ""quota_unit"": ""1/d/{project}"",
          ""quota_limit_value"": ""100"",
          ""quota_limit"": ""SearchTextRequestPerDayPerProject"",
          ""quota_location"": ""global"",
          ""consumer"": ""projects/37282676545"",
          ""quota_metric"": ""places.googleapis.com/SearchTextRequest"",
          ""service"": ""places.googleapis.com""
        }
      },
      {
        ""@type"": ""type.googleapis.com/google.rpc.Help"",
        ""links"": [
          {
            ""description"": ""Request a higher quota limit."",
            ""url"": ""https://cloud.google.com/doc",False
be0be554-18e3-4a59-b93e-6d77199792a3,Lower Awash Valley,error,,,,,,,,,,"HTTP 429: {
  ""error"": {
    ""code"": 429,
    ""message"": ""Quota exceeded for quota metric 'SearchTextRequest' and limit 'SearchTextRequest per day' of service 'places.googleapis.com' for consumer 'project_number:37282676545'."",
    ""status"": ""RESOURCE_EXHAUSTED"",
    ""details"": [
      {
        ""@type"": ""type.googleapis.com/google.rpc.ErrorInfo"",
        ""reason"": ""RATE_LIMIT_EXCEEDED"",
        ""domain"": ""googleapis.com"",
        ""metadata"": {
          ""quota_metric"": ""places.googleapis.com/SearchTextRequest"",
          ""consumer"": ""projects/37282676545"",
          ""quota_limit"": ""SearchTextRequestPerDayPerProject"",
          ""quota_location"": ""global"",
          ""quota_unit"": ""1/d/{project}"",
          ""quota_limit_value"": ""100"",
          ""service"": ""places.googleapis.com""
        }
      },
      {
        ""@type"": ""type.googleapis.com/google.rpc.Help"",
        ""links"": [
          {
            ""description"": ""Request a higher quota limit."",
            ""url"": ""https://cloud.google.com/doc",False
be24de44-9b7a-47c4-8687-51d5883c45e7,Dinsho Sanctuary & Forest Park,error,,,,,,,,,,"HTTP 429: {
  ""error"": {
    ""code"": 429,
    ""message"": ""Quota exceeded for quota metric 'SearchTextRequest' and limit 'SearchTextRequest per day' of service 'places.googleapis.com' for consumer 'project_number:37282676545'."",
    ""status"": ""RESOURCE_EXHAUSTED"",
    ""details"": [
      {
        ""@type"": ""type.googleapis.com/google.rpc.ErrorInfo"",
        ""reason"": ""RATE_LIMIT_EXCEEDED"",
        ""domain"": ""googleapis.com"",
        ""metadata"": {
          ""quota_limit_value"": ""100"",
          ""quota_metric"": ""places.googleapis.com/SearchTextRequest"",
          ""service"": ""places.googleapis.com"",
          ""quota_location"": ""global"",
          ""quota_limit"": ""SearchTextRequestPerDayPerProject"",
          ""consumer"": ""projects/37282676545"",
          ""quota_unit"": ""1/d/{project}""
        }
      },
      {
        ""@type"": ""type.googleapis.com/google.rpc.Help"",
        ""links"": [
          {
            ""description"": ""Request a higher quota limit."",
            ""url"": ""https://cloud.google.com/doc",False
be311a32-b448-41f8-8f63-647f6f77af15,Bale Mountains Reforestation & Conservation Outposts,error,,,,,,,,,,"HTTP 429: {
  ""error"": {
    ""code"": 429,
    ""message"": ""Quota exceeded for quota metric 'SearchTextRequest' and limit 'SearchTextRequest per day' of service 'places.googleapis.com' for consumer 'project_number:37282676545'."",
    ""status"": ""RESOURCE_EXHAUSTED"",
    ""details"": [
      {
        ""@type"": ""type.googleapis.com/google.rpc.ErrorInfo"",
        ""reason"": ""RATE_LIMIT_EXCEEDED"",
        ""domain"": ""googleapis.com"",
        ""metadata"": {
          ""consumer"": ""projects/37282676545"",
          ""service"": ""places.googleapis.com"",
          ""quota_limit"": ""SearchTextRequestPerDayPerProject"",
          ""quota_unit"": ""1/d/{project}"",
          ""quota_metric"": ""places.googleapis.com/SearchTextRequest"",
          ""quota_location"": ""global"",
          ""quota_limit_value"": ""100""
        }
      },
      {
        ""@type"": ""type.googleapis.com/google.rpc.Help"",
        ""links"": [
          {
            ""description"": ""Request a higher quota limit."",
            ""url"": ""https://cloud.google.com/doc",False
be475223-1ec6-4fca-abca-1460ed81b275,Axum King Bazens Tomb,error,,,,,,,,,,"HTTP 429: {
  ""error"": {
    ""code"": 429,
    ""message"": ""Quota exceeded for quota metric 'SearchTextRequest' and limit 'SearchTextRequest per day' of service 'places.googleapis.com' for consumer 'project_number:37282676545'."",
    ""status"": ""RESOURCE_EXHAUSTED"",
    ""details"": [
      {
        ""@type"": ""type.googleapis.com/google.rpc.ErrorInfo"",
        ""reason"": ""RATE_LIMIT_EXCEEDED"",
        ""domain"": ""googleapis.com"",
        ""metadata"": {
          ""quota_unit"": ""1/d/{project}"",
          ""quota_limit_value"": ""100"",
          ""quota_limit"": ""SearchTextRequestPerDayPerProject"",
          ""quota_location"": ""global"",
          ""consumer"": ""projects/37282676545"",
          ""quota_metric"": ""places.googleapis.com/SearchTextRequest"",
          ""service"": ""places.googleapis.com""
        }
      },
      {
        ""@type"": ""type.googleapis.com/google.rpc.Help"",
        ""links"": [
          {
            ""description"": ""Request a higher quota limit."",
            ""url"": ""https://cloud.google.com/doc",False
beab2afc-d527-4d16-966c-139621393de9,Ayder Comprehensive Specialized Hospital,error,,,,,,,,,,"HTTP 429: {
  ""error"": {
    ""code"": 429,
    ""message"": ""Quota exceeded for quota metric 'SearchTextRequest' and limit 'SearchTextRequest per day' of service 'places.googleapis.com' for consumer 'project_number:37282676545'."",
    ""status"": ""RESOURCE_EXHAUSTED"",
    ""details"": [
      {
        ""@type"": ""type.googleapis.com/google.rpc.ErrorInfo"",
        ""reason"": ""RATE_LIMIT_EXCEEDED"",
        ""domain"": ""googleapis.com"",
        ""metadata"": {
          ""quota_metric"": ""places.googleapis.com/SearchTextRequest"",
          ""quota_limit"": ""SearchTextRequestPerDayPerProject"",
          ""service"": ""places.googleapis.com"",
          ""consumer"": ""projects/37282676545"",
          ""quota_unit"": ""1/d/{project}"",
          ""quota_location"": ""global"",
          ""quota_limit_value"": ""100""
        }
      },
      {
        ""@type"": ""type.googleapis.com/google.rpc.Help"",
        ""links"": [
          {
            ""description"": ""Request a higher quota limit."",
            ""url"": ""https://cloud.google.com/doc",False
bf5bc580-1fa1-40cd-9318-e7976d9762cd,Yirgacheffe Coffee Bean Buying Cooperatives,error,,,,,,,,,,"HTTP 429: {
  ""error"": {
    ""code"": 429,
    ""message"": ""Quota exceeded for quota metric 'SearchTextRequest' and limit 'SearchTextRequest per day' of service 'places.googleapis.com' for consumer 'project_number:37282676545'."",
    ""status"": ""RESOURCE_EXHAUSTED"",
    ""details"": [
      {
        ""@type"": ""type.googleapis.com/google.rpc.ErrorInfo"",
        ""reason"": ""RATE_LIMIT_EXCEEDED"",
        ""domain"": ""googleapis.com"",
        ""metadata"": {
          ""quota_location"": ""global"",
          ""consumer"": ""projects/37282676545"",
          ""quota_metric"": ""places.googleapis.com/SearchTextRequest"",
          ""quota_limit"": ""SearchTextRequestPerDayPerProject"",
          ""quota_limit_value"": ""100"",
          ""service"": ""places.googleapis.com"",
          ""quota_unit"": ""1/d/{project}""
        }
      },
      {
        ""@type"": ""type.googleapis.com/google.rpc.Help"",
        ""links"": [
          {
            ""description"": ""Request a higher quota limit."",
            ""url"": ""https://cloud.google.com/doc",False
bf6a9db1-5f34-4588-831c-f56b6debc699,Ethiopian Skylight Hotel Premium Wing,error,,,,,,,,,,"HTTP 429: {
  ""error"": {
    ""code"": 429,
    ""message"": ""Quota exceeded for quota metric 'SearchTextRequest' and limit 'SearchTextRequest per day' of service 'places.googleapis.com' for consumer 'project_number:37282676545'."",
    ""status"": ""RESOURCE_EXHAUSTED"",
    ""details"": [
      {
        ""@type"": ""type.googleapis.com/google.rpc.ErrorInfo"",
        ""reason"": ""RATE_LIMIT_EXCEEDED"",
        ""domain"": ""googleapis.com"",
        ""metadata"": {
          ""quota_limit"": ""SearchTextRequestPerDayPerProject"",
          ""consumer"": ""projects/37282676545"",
          ""quota_metric"": ""places.googleapis.com/SearchTextRequest"",
          ""service"": ""places.googleapis.com"",
          ""quota_unit"": ""1/d/{project}"",
          ""quota_location"": ""global"",
          ""quota_limit_value"": ""100""
        }
      },
      {
        ""@type"": ""type.googleapis.com/google.rpc.Help"",
        ""links"": [
          {
            ""description"": ""Request a higher quota limit."",
            ""url"": ""https://cloud.google.com/doc",False
bf769125-da9b-49e1-bd60-ea7ecdb4c2b2,Bole Brass Bakery & Ethiopian Pastry Circuit,error,,,,,,,,,,"HTTP 429: {
  ""error"": {
    ""code"": 429,
    ""message"": ""Quota exceeded for quota metric 'SearchTextRequest' and limit 'SearchTextRequest per day' of service 'places.googleapis.com' for consumer 'project_number:37282676545'."",
    ""status"": ""RESOURCE_EXHAUSTED"",
    ""details"": [
      {
        ""@type"": ""type.googleapis.com/google.rpc.ErrorInfo"",
        ""reason"": ""RATE_LIMIT_EXCEEDED"",
        ""domain"": ""googleapis.com"",
        ""metadata"": {
          ""quota_metric"": ""places.googleapis.com/SearchTextRequest"",
          ""quota_limit"": ""SearchTextRequestPerDayPerProject"",
          ""service"": ""places.googleapis.com"",
          ""consumer"": ""projects/37282676545"",
          ""quota_unit"": ""1/d/{project}"",
          ""quota_location"": ""global"",
          ""quota_limit_value"": ""100""
        }
      },
      {
        ""@type"": ""type.googleapis.com/google.rpc.Help"",
        ""links"": [
          {
            ""description"": ""Request a higher quota limit."",
            ""url"": ""https://cloud.google.com/doc",False
bf9007da-9802-469e-8a39-7298e9991d49,Unity Park & Imperial Palace Compound,error,,,,,,,,,,"HTTP 429: {
  ""error"": {
    ""code"": 429,
    ""message"": ""Quota exceeded for quota metric 'SearchTextRequest' and limit 'SearchTextRequest per day' of service 'places.googleapis.com' for consumer 'project_number:37282676545'."",
    ""status"": ""RESOURCE_EXHAUSTED"",
    ""details"": [
      {
        ""@type"": ""type.googleapis.com/google.rpc.ErrorInfo"",
        ""reason"": ""RATE_LIMIT_EXCEEDED"",
        ""domain"": ""googleapis.com"",
        ""metadata"": {
          ""quota_limit_value"": ""100"",
          ""quota_metric"": ""places.googleapis.com/SearchTextRequest"",
          ""service"": ""places.googleapis.com"",
          ""quota_location"": ""global"",
          ""quota_limit"": ""SearchTextRequestPerDayPerProject"",
          ""consumer"": ""projects/37282676545"",
          ""quota_unit"": ""1/d/{project}""
        }
      },
      {
        ""@type"": ""type.googleapis.com/google.rpc.Help"",
        ""links"": [
          {
            ""description"": ""Request a higher quota limit."",
            ""url"": ""https://cloud.google.com/doc",False
c06dbff9-909d-4784-b3dd-a813bd5aad65,Specialized Kitfo Restaurants District,error,,,,,,,,,,"HTTP 429: {
  ""error"": {
    ""code"": 429,
    ""message"": ""Quota exceeded for quota metric 'SearchTextRequest' and limit 'SearchTextRequest per day' of service 'places.googleapis.com' for consumer 'project_number:37282676545'."",
    ""status"": ""RESOURCE_EXHAUSTED"",
    ""details"": [
      {
        ""@type"": ""type.googleapis.com/google.rpc.ErrorInfo"",
        ""reason"": ""RATE_LIMIT_EXCEEDED"",
        ""domain"": ""googleapis.com"",
        ""metadata"": {
          ""quota_metric"": ""places.googleapis.com/SearchTextRequest"",
          ""quota_limit"": ""SearchTextRequestPerDayPerProject"",
          ""service"": ""places.googleapis.com"",
          ""consumer"": ""projects/37282676545"",
          ""quota_unit"": ""1/d/{project}"",
          ""quota_location"": ""global"",
          ""quota_limit_value"": ""100""
        }
      },
      {
        ""@type"": ""type.googleapis.com/google.rpc.Help"",
        ""links"": [
          {
            ""description"": ""Request a higher quota limit."",
            ""url"": ""https://cloud.google.com/doc",False
c0790a25-dedf-41d2-9ed5-29c856eed804,Lake Boyo Boating Access,error,,,,,,,,,,"HTTP 429: {
  ""error"": {
    ""code"": 429,
    ""message"": ""Quota exceeded for quota metric 'SearchTextRequest' and limit 'SearchTextRequest per day' of service 'places.googleapis.com' for consumer 'project_number:37282676545'."",
    ""status"": ""RESOURCE_EXHAUSTED"",
    ""details"": [
      {
        ""@type"": ""type.googleapis.com/google.rpc.ErrorInfo"",
        ""reason"": ""RATE_LIMIT_EXCEEDED"",
        ""domain"": ""googleapis.com"",
        ""metadata"": {
          ""quota_location"": ""global"",
          ""consumer"": ""projects/37282676545"",
          ""quota_limit_value"": ""100"",
          ""service"": ""places.googleapis.com"",
          ""quota_unit"": ""1/d/{project}"",
          ""quota_metric"": ""places.googleapis.com/SearchTextRequest"",
          ""quota_limit"": ""SearchTextRequestPerDayPerProject""
        }
      },
      {
        ""@type"": ""type.googleapis.com/google.rpc.Help"",
        ""links"": [
          {
            ""description"": ""Request a higher quota limit."",
            ""url"": ""https://cloud.google.com/doc",False
c08bc924-0acd-43cb-9f12-bbc3ea1da327,Wonchi Crater Lake Wooden Boat Crossing Points,error,,,,,,,,,,"HTTP 429: {
  ""error"": {
    ""code"": 429,
    ""message"": ""Quota exceeded for quota metric 'SearchTextRequest' and limit 'SearchTextRequest per day' of service 'places.googleapis.com' for consumer 'project_number:37282676545'."",
    ""status"": ""RESOURCE_EXHAUSTED"",
    ""details"": [
      {
        ""@type"": ""type.googleapis.com/google.rpc.ErrorInfo"",
        ""reason"": ""RATE_LIMIT_EXCEEDED"",
        ""domain"": ""googleapis.com"",
        ""metadata"": {
          ""quota_location"": ""global"",
          ""consumer"": ""projects/37282676545"",
          ""quota_limit_value"": ""100"",
          ""service"": ""places.googleapis.com"",
          ""quota_unit"": ""1/d/{project}"",
          ""quota_metric"": ""places.googleapis.com/SearchTextRequest"",
          ""quota_limit"": ""SearchTextRequestPerDayPerProject""
        }
      },
      {
        ""@type"": ""type.googleapis.com/google.rpc.Help"",
        ""links"": [
          {
            ""description"": ""Request a higher quota limit."",
            ""url"": ""https://cloud.google.com/doc",False
c0b7dbc0-d2f1-4be1-84bf-e3299256a73b,Lake Langano Shorelines (Birdwatching Circuit),error,,,,,,,,,,"HTTP 429: {
  ""error"": {
    ""code"": 429,
    ""message"": ""Quota exceeded for quota metric 'SearchTextRequest' and limit 'SearchTextRequest per day' of service 'places.googleapis.com' for consumer 'project_number:37282676545'."",
    ""status"": ""RESOURCE_EXHAUSTED"",
    ""details"": [
      {
        ""@type"": ""type.googleapis.com/google.rpc.ErrorInfo"",
        ""reason"": ""RATE_LIMIT_EXCEEDED"",
        ""domain"": ""googleapis.com"",
        ""metadata"": {
          ""service"": ""places.googleapis.com"",
          ""quota_metric"": ""places.googleapis.com/SearchTextRequest"",
          ""consumer"": ""projects/37282676545"",
          ""quota_limit_value"": ""100"",
          ""quota_unit"": ""1/d/{project}"",
          ""quota_limit"": ""SearchTextRequestPerDayPerProject"",
          ""quota_location"": ""global""
        }
      },
      {
        ""@type"": ""type.googleapis.com/google.rpc.Help"",
        ""links"": [
          {
            ""description"": ""Request a higher quota limit."",
            ""url"": ""https://cloud.google.com/doc",False
c179481b-6c20-4865-b8f5-dbcb192b4f58,Battlefield of Gura Historic Zone,error,,,,,,,,,,"HTTP 429: {
  ""error"": {
    ""code"": 429,
    ""message"": ""Quota exceeded for quota metric 'SearchTextRequest' and limit 'SearchTextRequest per day' of service 'places.googleapis.com' for consumer 'project_number:37282676545'."",
    ""status"": ""RESOURCE_EXHAUSTED"",
    ""details"": [
      {
        ""@type"": ""type.googleapis.com/google.rpc.ErrorInfo"",
        ""reason"": ""RATE_LIMIT_EXCEEDED"",
        ""domain"": ""googleapis.com"",
        ""metadata"": {
          ""quota_location"": ""global"",
          ""consumer"": ""projects/37282676545"",
          ""quota_metric"": ""places.googleapis.com/SearchTextRequest"",
          ""quota_limit"": ""SearchTextRequestPerDayPerProject"",
          ""quota_limit_value"": ""100"",
          ""service"": ""places.googleapis.com"",
          ""quota_unit"": ""1/d/{project}""
        }
      },
      {
        ""@type"": ""type.googleapis.com/google.rpc.Help"",
        ""links"": [
          {
            ""description"": ""Request a higher quota limit."",
            ""url"": ""https://cloud.google.com/doc",False
c24b3f36-1bf5-4f43-84b4-4bbf702c8125,Menz Guassa Alpine Dark-Sky Conservation Reserve,error,,,,,,,,,,"HTTP 429: {
  ""error"": {
    ""code"": 429,
    ""message"": ""Quota exceeded for quota metric 'SearchTextRequest' and limit 'SearchTextRequest per day' of service 'places.googleapis.com' for consumer 'project_number:37282676545'."",
    ""status"": ""RESOURCE_EXHAUSTED"",
    ""details"": [
      {
        ""@type"": ""type.googleapis.com/google.rpc.ErrorInfo"",
        ""reason"": ""RATE_LIMIT_EXCEEDED"",
        ""domain"": ""googleapis.com"",
        ""metadata"": {
          ""quota_unit"": ""1/d/{project}"",
          ""consumer"": ""projects/37282676545"",
          ""service"": ""places.googleapis.com"",
          ""quota_limit"": ""SearchTextRequestPerDayPerProject"",
          ""quota_location"": ""global"",
          ""quota_limit_value"": ""100"",
          ""quota_metric"": ""places.googleapis.com/SearchTextRequest""
        }
      },
      {
        ""@type"": ""type.googleapis.com/google.rpc.Help"",
        ""links"": [
          {
            ""description"": ""Request a higher quota limit."",
            ""url"": ""https://cloud.google.com/doc",False
c2a5f29a-8add-47cb-b37b-afe5615dff82,Lewi Resort Lakefront Presidential Villas,error,,,,,,,,,,"HTTP 429: {
  ""error"": {
    ""code"": 429,
    ""message"": ""Quota exceeded for quota metric 'SearchTextRequest' and limit 'SearchTextRequest per day' of service 'places.googleapis.com' for consumer 'project_number:37282676545'."",
    ""status"": ""RESOURCE_EXHAUSTED"",
    ""details"": [
      {
        ""@type"": ""type.googleapis.com/google.rpc.ErrorInfo"",
        ""reason"": ""RATE_LIMIT_EXCEEDED"",
        ""domain"": ""googleapis.com"",
        ""metadata"": {
          ""quota_limit_value"": ""100"",
          ""service"": ""places.googleapis.com"",
          ""quota_unit"": ""1/d/{project}"",
          ""quota_location"": ""global"",
          ""consumer"": ""projects/37282676545"",
          ""quota_metric"": ""places.googleapis.com/SearchTextRequest"",
          ""quota_limit"": ""SearchTextRequestPerDayPerProject""
        }
      },
      {
        ""@type"": ""type.googleapis.com/google.rpc.Help"",
        ""links"": [
          {
            ""description"": ""Request a higher quota limit."",
            ""url"": ""https://cloud.google.com/doc",False
c2c2d6ce-e4ff-4cfa-8c01-919b7023a595,Project Ethiopia Community Projects,error,,,,,,,,,,"HTTP 429: {
  ""error"": {
    ""code"": 429,
    ""message"": ""Quota exceeded for quota metric 'SearchTextRequest' and limit 'SearchTextRequest per day' of service 'places.googleapis.com' for consumer 'project_number:37282676545'."",
    ""status"": ""RESOURCE_EXHAUSTED"",
    ""details"": [
      {
        ""@type"": ""type.googleapis.com/google.rpc.ErrorInfo"",
        ""reason"": ""RATE_LIMIT_EXCEEDED"",
        ""domain"": ""googleapis.com"",
        ""metadata"": {
          ""consumer"": ""projects/37282676545"",
          ""quota_limit_value"": ""100"",
          ""quota_unit"": ""1/d/{project}"",
          ""quota_location"": ""global"",
          ""quota_metric"": ""places.googleapis.com/SearchTextRequest"",
          ""quota_limit"": ""SearchTextRequestPerDayPerProject"",
          ""service"": ""places.googleapis.com""
        }
      },
      {
        ""@type"": ""type.googleapis.com/google.rpc.Help"",
        ""links"": [
          {
            ""description"": ""Request a higher quota limit."",
            ""url"": ""https://cloud.google.com/doc",False
c2c38c81-48d4-497e-87ff-d0758826c84c,Awash River Valley Birding Trail,error,,,,,,,,,,"HTTP 429: {
  ""error"": {
    ""code"": 429,
    ""message"": ""Quota exceeded for quota metric 'SearchTextRequest' and limit 'SearchTextRequest per day' of service 'places.googleapis.com' for consumer 'project_number:37282676545'."",
    ""status"": ""RESOURCE_EXHAUSTED"",
    ""details"": [
      {
        ""@type"": ""type.googleapis.com/google.rpc.ErrorInfo"",
        ""reason"": ""RATE_LIMIT_EXCEEDED"",
        ""domain"": ""googleapis.com"",
        ""metadata"": {
          ""quota_location"": ""global"",
          ""consumer"": ""projects/37282676545"",
          ""quota_limit_value"": ""100"",
          ""service"": ""places.googleapis.com"",
          ""quota_unit"": ""1/d/{project}"",
          ""quota_metric"": ""places.googleapis.com/SearchTextRequest"",
          ""quota_limit"": ""SearchTextRequestPerDayPerProject""
        }
      },
      {
        ""@type"": ""type.googleapis.com/google.rpc.Help"",
        ""links"": [
          {
            ""description"": ""Request a higher quota limit."",
            ""url"": ""https://cloud.google.com/doc",False
c308b7ca-980c-4258-ac88-d390865e20c2,Gorgora Lakefront Wellness Thermal Springs,error,,,,,,,,,,"HTTP 429: {
  ""error"": {
    ""code"": 429,
    ""message"": ""Quota exceeded for quota metric 'SearchTextRequest' and limit 'SearchTextRequest per day' of service 'places.googleapis.com' for consumer 'project_number:37282676545'."",
    ""status"": ""RESOURCE_EXHAUSTED"",
    ""details"": [
      {
        ""@type"": ""type.googleapis.com/google.rpc.ErrorInfo"",
        ""reason"": ""RATE_LIMIT_EXCEEDED"",
        ""domain"": ""googleapis.com"",
        ""metadata"": {
          ""quota_unit"": ""1/d/{project}"",
          ""quota_metric"": ""places.googleapis.com/SearchTextRequest"",
          ""quota_limit"": ""SearchTextRequestPerDayPerProject"",
          ""quota_location"": ""global"",
          ""quota_limit_value"": ""100"",
          ""service"": ""places.googleapis.com"",
          ""consumer"": ""projects/37282676545""
        }
      },
      {
        ""@type"": ""type.googleapis.com/google.rpc.Help"",
        ""links"": [
          {
            ""description"": ""Request a higher quota limit."",
            ""url"": ""https://cloud.google.com/doc",False
c3787e08-91b7-48a7-a6e5-cfa5aad25850,Dirre Sheikh Hussein Islamic Shrine,error,,,,,,,,,,"HTTP 429: {
  ""error"": {
    ""code"": 429,
    ""message"": ""Quota exceeded for quota metric 'SearchTextRequest' and limit 'SearchTextRequest per day' of service 'places.googleapis.com' for consumer 'project_number:37282676545'."",
    ""status"": ""RESOURCE_EXHAUSTED"",
    ""details"": [
      {
        ""@type"": ""type.googleapis.com/google.rpc.ErrorInfo"",
        ""reason"": ""RATE_LIMIT_EXCEEDED"",
        ""domain"": ""googleapis.com"",
        ""metadata"": {
          ""quota_unit"": ""1/d/{project}"",
          ""quota_metric"": ""places.googleapis.com/SearchTextRequest"",
          ""quota_limit"": ""SearchTextRequestPerDayPerProject"",
          ""quota_location"": ""global"",
          ""quota_limit_value"": ""100"",
          ""service"": ""places.googleapis.com"",
          ""consumer"": ""projects/37282676545""
        }
      },
      {
        ""@type"": ""type.googleapis.com/google.rpc.Help"",
        ""links"": [
          {
            ""description"": ""Request a higher quota limit."",
            ""url"": ""https://cloud.google.com/doc",False
c3857f50-9955-4876-b3e6-19e9ede617b0,Wolayta Enset & Root Crop Demonstration Farms,error,,,,,,,,,,"HTTP 429: {
  ""error"": {
    ""code"": 429,
    ""message"": ""Quota exceeded for quota metric 'SearchTextRequest' and limit 'SearchTextRequest per day' of service 'places.googleapis.com' for consumer 'project_number:37282676545'."",
    ""status"": ""RESOURCE_EXHAUSTED"",
    ""details"": [
      {
        ""@type"": ""type.googleapis.com/google.rpc.ErrorInfo"",
        ""reason"": ""RATE_LIMIT_EXCEEDED"",
        ""domain"": ""googleapis.com"",
        ""metadata"": {
          ""quota_limit_value"": ""100"",
          ""service"": ""places.googleapis.com"",
          ""quota_unit"": ""1/d/{project}"",
          ""quota_location"": ""global"",
          ""consumer"": ""projects/37282676545"",
          ""quota_metric"": ""places.googleapis.com/SearchTextRequest"",
          ""quota_limit"": ""SearchTextRequestPerDayPerProject""
        }
      },
      {
        ""@type"": ""type.googleapis.com/google.rpc.Help"",
        ""links"": [
          {
            ""description"": ""Request a higher quota limit."",
            ""url"": ""https://cloud.google.com/doc",False
c3c9d58f-18ce-48c3-94d5-140fc8406d02,Best Western Plus Pearl Luxury Wing,error,,,,,,,,,,"HTTP 429: {
  ""error"": {
    ""code"": 429,
    ""message"": ""Quota exceeded for quota metric 'SearchTextRequest' and limit 'SearchTextRequest per day' of service 'places.googleapis.com' for consumer 'project_number:37282676545'."",
    ""status"": ""RESOURCE_EXHAUSTED"",
    ""details"": [
      {
        ""@type"": ""type.googleapis.com/google.rpc.ErrorInfo"",
        ""reason"": ""RATE_LIMIT_EXCEEDED"",
        ""domain"": ""googleapis.com"",
        ""metadata"": {
          ""quota_location"": ""global"",
          ""quota_limit_value"": ""100"",
          ""consumer"": ""projects/37282676545"",
          ""quota_metric"": ""places.googleapis.com/SearchTextRequest"",
          ""quota_unit"": ""1/d/{project}"",
          ""service"": ""places.googleapis.com"",
          ""quota_limit"": ""SearchTextRequestPerDayPerProject""
        }
      },
      {
        ""@type"": ""type.googleapis.com/google.rpc.Help"",
        ""links"": [
          {
            ""description"": ""Request a higher quota limit."",
            ""url"": ""https://cloud.google.com/doc",False
c47e7771-4ec9-4e1c-87e6-4819fc1cf1a6,Paradise Lodge Spa & Nature Retreat,error,,,,,,,,,,"HTTP 429: {
  ""error"": {
    ""code"": 429,
    ""message"": ""Quota exceeded for quota metric 'SearchTextRequest' and limit 'SearchTextRequest per day' of service 'places.googleapis.com' for consumer 'project_number:37282676545'."",
    ""status"": ""RESOURCE_EXHAUSTED"",
    ""details"": [
      {
        ""@type"": ""type.googleapis.com/google.rpc.ErrorInfo"",
        ""reason"": ""RATE_LIMIT_EXCEEDED"",
        ""domain"": ""googleapis.com"",
        ""metadata"": {
          ""quota_unit"": ""1/d/{project}"",
          ""quota_metric"": ""places.googleapis.com/SearchTextRequest"",
          ""quota_limit"": ""SearchTextRequestPerDayPerProject"",
          ""quota_location"": ""global"",
          ""quota_limit_value"": ""100"",
          ""service"": ""places.googleapis.com"",
          ""consumer"": ""projects/37282676545""
        }
      },
      {
        ""@type"": ""type.googleapis.com/google.rpc.Help"",
        ""links"": [
          {
            ""description"": ""Request a higher quota limit."",
            ""url"": ""https://cloud.google.com/doc",False
c48cf56c-8d47-4e35-a941-7d14e0fe1db0,Bati Camel Market Massive Encampment,error,,,,,,,,,,"HTTP 429: {
  ""error"": {
    ""code"": 429,
    ""message"": ""Quota exceeded for quota metric 'SearchTextRequest' and limit 'SearchTextRequest per day' of service 'places.googleapis.com' for consumer 'project_number:37282676545'."",
    ""status"": ""RESOURCE_EXHAUSTED"",
    ""details"": [
      {
        ""@type"": ""type.googleapis.com/google.rpc.ErrorInfo"",
        ""reason"": ""RATE_LIMIT_EXCEEDED"",
        ""domain"": ""googleapis.com"",
        ""metadata"": {
          ""quota_unit"": ""1/d/{project}"",
          ""consumer"": ""projects/37282676545"",
          ""service"": ""places.googleapis.com"",
          ""quota_limit"": ""SearchTextRequestPerDayPerProject"",
          ""quota_location"": ""global"",
          ""quota_limit_value"": ""100"",
          ""quota_metric"": ""places.googleapis.com/SearchTextRequest""
        }
      },
      {
        ""@type"": ""type.googleapis.com/google.rpc.Help"",
        ""links"": [
          {
            ""description"": ""Request a higher quota limit."",
            ""url"": ""https://cloud.google.com/doc",False
c4ab2a3f-ee1f-4113-b6f1-70e95604faba,Gidole Historical Fortifications,error,,,,,,,,,,"HTTP 429: {
  ""error"": {
    ""code"": 429,
    ""message"": ""Quota exceeded for quota metric 'SearchTextRequest' and limit 'SearchTextRequest per day' of service 'places.googleapis.com' for consumer 'project_number:37282676545'."",
    ""status"": ""RESOURCE_EXHAUSTED"",
    ""details"": [
      {
        ""@type"": ""type.googleapis.com/google.rpc.ErrorInfo"",
        ""reason"": ""RATE_LIMIT_EXCEEDED"",
        ""domain"": ""googleapis.com"",
        ""metadata"": {
          ""quota_unit"": ""1/d/{project}"",
          ""quota_metric"": ""places.googleapis.com/SearchTextRequest"",
          ""quota_limit"": ""SearchTextRequestPerDayPerProject"",
          ""quota_location"": ""global"",
          ""quota_limit_value"": ""100"",
          ""service"": ""places.googleapis.com"",
          ""consumer"": ""projects/37282676545""
        }
      },
      {
        ""@type"": ""type.googleapis.com/google.rpc.Help"",
        ""links"": [
          {
            ""description"": ""Request a higher quota limit."",
            ""url"": ""https://cloud.google.com/doc",False
c63b0741-da33-4f2c-8a84-e52814f969cd,Halala Kella Luxury Presidential Lodge,error,,,,,,,,,,"HTTP 429: {
  ""error"": {
    ""code"": 429,
    ""message"": ""Quota exceeded for quota metric 'SearchTextRequest' and limit 'SearchTextRequest per day' of service 'places.googleapis.com' for consumer 'project_number:37282676545'."",
    ""status"": ""RESOURCE_EXHAUSTED"",
    ""details"": [
      {
        ""@type"": ""type.googleapis.com/google.rpc.ErrorInfo"",
        ""reason"": ""RATE_LIMIT_EXCEEDED"",
        ""domain"": ""googleapis.com"",
        ""metadata"": {
          ""quota_unit"": ""1/d/{project}"",
          ""quota_limit_value"": ""100"",
          ""quota_limit"": ""SearchTextRequestPerDayPerProject"",
          ""service"": ""places.googleapis.com"",
          ""consumer"": ""projects/37282676545"",
          ""quota_metric"": ""places.googleapis.com/SearchTextRequest"",
          ""quota_location"": ""global""
        }
      },
      {
        ""@type"": ""type.googleapis.com/google.rpc.Help"",
        ""links"": [
          {
            ""description"": ""Request a higher quota limit."",
            ""url"": ""https://cloud.google.com/doc",False
c644698a-faaa-474f-9a3c-913f713849f4,Gedeo Terraces Soil Conservation Projects,error,,,,,,,,,,"HTTP 429: {
  ""error"": {
    ""code"": 429,
    ""message"": ""Quota exceeded for quota metric 'SearchTextRequest' and limit 'SearchTextRequest per day' of service 'places.googleapis.com' for consumer 'project_number:37282676545'."",
    ""status"": ""RESOURCE_EXHAUSTED"",
    ""details"": [
      {
        ""@type"": ""type.googleapis.com/google.rpc.ErrorInfo"",
        ""reason"": ""RATE_LIMIT_EXCEEDED"",
        ""domain"": ""googleapis.com"",
        ""metadata"": {
          ""quota_unit"": ""1/d/{project}"",
          ""quota_limit_value"": ""100"",
          ""quota_limit"": ""SearchTextRequestPerDayPerProject"",
          ""service"": ""places.googleapis.com"",
          ""consumer"": ""projects/37282676545"",
          ""quota_metric"": ""places.googleapis.com/SearchTextRequest"",
          ""quota_location"": ""global""
        }
      },
      {
        ""@type"": ""type.googleapis.com/google.rpc.Help"",
        ""links"": [
          {
            ""description"": ""Request a higher quota limit."",
            ""url"": ""https://cloud.google.com/doc",False
c66c5518-fc5c-43e0-8db8-62928fff08e5,Shashemene Rastafarian Village Walk,error,,,,,,,,,,"HTTP 429: {
  ""error"": {
    ""code"": 429,
    ""message"": ""Quota exceeded for quota metric 'SearchTextRequest' and limit 'SearchTextRequest per day' of service 'places.googleapis.com' for consumer 'project_number:37282676545'."",
    ""status"": ""RESOURCE_EXHAUSTED"",
    ""details"": [
      {
        ""@type"": ""type.googleapis.com/google.rpc.ErrorInfo"",
        ""reason"": ""RATE_LIMIT_EXCEEDED"",
        ""domain"": ""googleapis.com"",
        ""metadata"": {
          ""quota_limit_value"": ""100"",
          ""service"": ""places.googleapis.com"",
          ""quota_unit"": ""1/d/{project}"",
          ""quota_location"": ""global"",
          ""quota_metric"": ""places.googleapis.com/SearchTextRequest"",
          ""quota_limit"": ""SearchTextRequestPerDayPerProject"",
          ""consumer"": ""projects/37282676545""
        }
      },
      {
        ""@type"": ""type.googleapis.com/google.rpc.Help"",
        ""links"": [
          {
            ""description"": ""Request a higher quota limit."",
            ""url"": ""https://cloud.google.com/doc",False
c7472836-4b47-4f35-b75c-3e6b91dc752d,Leku Sidama Basketry Outlets,error,,,,,,,,,,"HTTP 429: {
  ""error"": {
    ""code"": 429,
    ""message"": ""Quota exceeded for quota metric 'SearchTextRequest' and limit 'SearchTextRequest per day' of service 'places.googleapis.com' for consumer 'project_number:37282676545'."",
    ""status"": ""RESOURCE_EXHAUSTED"",
    ""details"": [
      {
        ""@type"": ""type.googleapis.com/google.rpc.ErrorInfo"",
        ""reason"": ""RATE_LIMIT_EXCEEDED"",
        ""domain"": ""googleapis.com"",
        ""metadata"": {
          ""service"": ""places.googleapis.com"",
          ""quota_unit"": ""1/d/{project}"",
          ""consumer"": ""projects/37282676545"",
          ""quota_limit"": ""SearchTextRequestPerDayPerProject"",
          ""quota_location"": ""global"",
          ""quota_limit_value"": ""100"",
          ""quota_metric"": ""places.googleapis.com/SearchTextRequest""
        }
      },
      {
        ""@type"": ""type.googleapis.com/google.rpc.Help"",
        ""links"": [
          {
            ""description"": ""Request a higher quota limit."",
            ""url"": ""https://cloud.google.com/doc",False
c74ec0f3-cc83-492e-83ef-e848a7f1c346,Wenchi Crater Rim Stargazing Grounds,error,,,,,,,,,,"HTTP 429: {
  ""error"": {
    ""code"": 429,
    ""message"": ""Quota exceeded for quota metric 'SearchTextRequest' and limit 'SearchTextRequest per day' of service 'places.googleapis.com' for consumer 'project_number:37282676545'."",
    ""status"": ""RESOURCE_EXHAUSTED"",
    ""details"": [
      {
        ""@type"": ""type.googleapis.com/google.rpc.ErrorInfo"",
        ""reason"": ""RATE_LIMIT_EXCEEDED"",
        ""domain"": ""googleapis.com"",
        ""metadata"": {
          ""quota_unit"": ""1/d/{project}"",
          ""quota_limit_value"": ""100"",
          ""quota_limit"": ""SearchTextRequestPerDayPerProject"",
          ""service"": ""places.googleapis.com"",
          ""consumer"": ""projects/37282676545"",
          ""quota_metric"": ""places.googleapis.com/SearchTextRequest"",
          ""quota_location"": ""global""
        }
      },
      {
        ""@type"": ""type.googleapis.com/google.rpc.Help"",
        ""links"": [
          {
            ""description"": ""Request a higher quota limit."",
            ""url"": ""https://cloud.google.com/doc",False
c758dc1d-f331-43f5-8391-6618dd72af28,Narga Selassie Island Monastery,error,,,,,,,,,,"HTTP 429: {
  ""error"": {
    ""code"": 429,
    ""message"": ""Quota exceeded for quota metric 'SearchTextRequest' and limit 'SearchTextRequest per day' of service 'places.googleapis.com' for consumer 'project_number:37282676545'."",
    ""status"": ""RESOURCE_EXHAUSTED"",
    ""details"": [
      {
        ""@type"": ""type.googleapis.com/google.rpc.ErrorInfo"",
        ""reason"": ""RATE_LIMIT_EXCEEDED"",
        ""domain"": ""googleapis.com"",
        ""metadata"": {
          ""consumer"": ""projects/37282676545"",
          ""quota_location"": ""global"",
          ""quota_limit"": ""SearchTextRequestPerDayPerProject"",
          ""quota_limit_value"": ""100"",
          ""service"": ""places.googleapis.com"",
          ""quota_unit"": ""1/d/{project}"",
          ""quota_metric"": ""places.googleapis.com/SearchTextRequest""
        }
      },
      {
        ""@type"": ""type.googleapis.com/google.rpc.Help"",
        ""links"": [
          {
            ""description"": ""Request a higher quota limit."",
            ""url"": ""https://cloud.google.com/doc",False
c793a71f-abbc-4db9-96ff-5c90e817e977,Unity Park Botanical & Cultural Educational Wing,error,,,,,,,,,,"HTTP 429: {
  ""error"": {
    ""code"": 429,
    ""message"": ""Quota exceeded for quota metric 'SearchTextRequest' and limit 'SearchTextRequest per day' of service 'places.googleapis.com' for consumer 'project_number:37282676545'."",
    ""status"": ""RESOURCE_EXHAUSTED"",
    ""details"": [
      {
        ""@type"": ""type.googleapis.com/google.rpc.ErrorInfo"",
        ""reason"": ""RATE_LIMIT_EXCEEDED"",
        ""domain"": ""googleapis.com"",
        ""metadata"": {
          ""quota_limit_value"": ""100"",
          ""consumer"": ""projects/37282676545"",
          ""quota_limit"": ""SearchTextRequestPerDayPerProject"",
          ""service"": ""places.googleapis.com"",
          ""quota_location"": ""global"",
          ""quota_metric"": ""places.googleapis.com/SearchTextRequest"",
          ""quota_unit"": ""1/d/{project}""
        }
      },
      {
        ""@type"": ""type.googleapis.com/google.rpc.Help"",
        ""links"": [
          {
            ""description"": ""Request a higher quota limit."",
            ""url"": ""https://cloud.google.com/doc",False
c7d9ce90-b7e9-4e67-89eb-d6097111ee39,Teferra specialized Cardiac Clinic,error,,,,,,,,,,"HTTP 429: {
  ""error"": {
    ""code"": 429,
    ""message"": ""Quota exceeded for quota metric 'SearchTextRequest' and limit 'SearchTextRequest per day' of service 'places.googleapis.com' for consumer 'project_number:37282676545'."",
    ""status"": ""RESOURCE_EXHAUSTED"",
    ""details"": [
      {
        ""@type"": ""type.googleapis.com/google.rpc.ErrorInfo"",
        ""reason"": ""RATE_LIMIT_EXCEEDED"",
        ""domain"": ""googleapis.com"",
        ""metadata"": {
          ""quota_limit_value"": ""100"",
          ""consumer"": ""projects/37282676545"",
          ""quota_limit"": ""SearchTextRequestPerDayPerProject"",
          ""service"": ""places.googleapis.com"",
          ""quota_location"": ""global"",
          ""quota_metric"": ""places.googleapis.com/SearchTextRequest"",
          ""quota_unit"": ""1/d/{project}""
        }
      },
      {
        ""@type"": ""type.googleapis.com/google.rpc.Help"",
        ""links"": [
          {
            ""description"": ""Request a higher quota limit."",
            ""url"": ""https://cloud.google.com/doc",False
c80324f7-a8ac-49d2-984a-1363d4a01d2b,Gore-Meti Rainforest Off-Roading,error,,,,,,,,,,"HTTP 429: {
  ""error"": {
    ""code"": 429,
    ""message"": ""Quota exceeded for quota metric 'SearchTextRequest' and limit 'SearchTextRequest per day' of service 'places.googleapis.com' for consumer 'project_number:37282676545'."",
    ""status"": ""RESOURCE_EXHAUSTED"",
    ""details"": [
      {
        ""@type"": ""type.googleapis.com/google.rpc.ErrorInfo"",
        ""reason"": ""RATE_LIMIT_EXCEEDED"",
        ""domain"": ""googleapis.com"",
        ""metadata"": {
          ""quota_metric"": ""places.googleapis.com/SearchTextRequest"",
          ""quota_location"": ""global"",
          ""quota_limit_value"": ""100"",
          ""quota_unit"": ""1/d/{project}"",
          ""consumer"": ""projects/37282676545"",
          ""quota_limit"": ""SearchTextRequestPerDayPerProject"",
          ""service"": ""places.googleapis.com""
        }
      },
      {
        ""@type"": ""type.googleapis.com/google.rpc.Help"",
        ""links"": [
          {
            ""description"": ""Request a higher quota limit."",
            ""url"": ""https://cloud.google.com/doc",False
c8106f86-c5a5-4155-b9c0-843f43e74df1,Afar HamadEla Nomadic Flatbread & Roasted Goat Sites,error,,,,,,,,,,"HTTP 429: {
  ""error"": {
    ""code"": 429,
    ""message"": ""Quota exceeded for quota metric 'SearchTextRequest' and limit 'SearchTextRequest per day' of service 'places.googleapis.com' for consumer 'project_number:37282676545'."",
    ""status"": ""RESOURCE_EXHAUSTED"",
    ""details"": [
      {
        ""@type"": ""type.googleapis.com/google.rpc.ErrorInfo"",
        ""reason"": ""RATE_LIMIT_EXCEEDED"",
        ""domain"": ""googleapis.com"",
        ""metadata"": {
          ""quota_limit_value"": ""100"",
          ""service"": ""places.googleapis.com"",
          ""consumer"": ""projects/37282676545"",
          ""quota_location"": ""global"",
          ""quota_unit"": ""1/d/{project}"",
          ""quota_metric"": ""places.googleapis.com/SearchTextRequest"",
          ""quota_limit"": ""SearchTextRequestPerDayPerProject""
        }
      },
      {
        ""@type"": ""type.googleapis.com/google.rpc.Help"",
        ""links"": [
          {
            ""description"": ""Request a higher quota limit."",
            ""url"": ""https://cloud.google.com/doc",False
c8314a67-e6f0-462f-a0b5-f89adcd07412,Shashemene Rastafarian School & Community Volunteers,error,,,,,,,,,,"HTTP 429: {
  ""error"": {
    ""code"": 429,
    ""message"": ""Quota exceeded for quota metric 'SearchTextRequest' and limit 'SearchTextRequest per day' of service 'places.googleapis.com' for consumer 'project_number:37282676545'."",
    ""status"": ""RESOURCE_EXHAUSTED"",
    ""details"": [
      {
        ""@type"": ""type.googleapis.com/google.rpc.ErrorInfo"",
        ""reason"": ""RATE_LIMIT_EXCEEDED"",
        ""domain"": ""googleapis.com"",
        ""metadata"": {
          ""service"": ""places.googleapis.com"",
          ""quota_location"": ""global"",
          ""quota_limit"": ""SearchTextRequestPerDayPerProject"",
          ""quota_unit"": ""1/d/{project}"",
          ""quota_limit_value"": ""100"",
          ""consumer"": ""projects/37282676545"",
          ""quota_metric"": ""places.googleapis.com/SearchTextRequest""
        }
      },
      {
        ""@type"": ""type.googleapis.com/google.rpc.Help"",
        ""links"": [
          {
            ""description"": ""Request a higher quota limit."",
            ""url"": ""https://cloud.google.com/doc",False
c84f5b62-9037-4c44-b17d-2ec447c4d113,Dire Dawa Railway Station Historic Grounds,error,,,,,,,,,,"HTTP 429: {
  ""error"": {
    ""code"": 429,
    ""message"": ""Quota exceeded for quota metric 'SearchTextRequest' and limit 'SearchTextRequest per day' of service 'places.googleapis.com' for consumer 'project_number:37282676545'."",
    ""status"": ""RESOURCE_EXHAUSTED"",
    ""details"": [
      {
        ""@type"": ""type.googleapis.com/google.rpc.ErrorInfo"",
        ""reason"": ""RATE_LIMIT_EXCEEDED"",
        ""domain"": ""googleapis.com"",
        ""metadata"": {
          ""quota_metric"": ""places.googleapis.com/SearchTextRequest"",
          ""quota_location"": ""global"",
          ""quota_limit_value"": ""100"",
          ""quota_unit"": ""1/d/{project}"",
          ""consumer"": ""projects/37282676545"",
          ""quota_limit"": ""SearchTextRequestPerDayPerProject"",
          ""service"": ""places.googleapis.com""
        }
      },
      {
        ""@type"": ""type.googleapis.com/google.rpc.Help"",
        ""links"": [
          {
            ""description"": ""Request a higher quota limit."",
            ""url"": ""https://cloud.google.com/doc",False
c9577d03-df72-451d-8753-0634bb21b5b0,Capital Hotel & Spa Executive Suites,error,,,,,,,,,,"HTTP 429: {
  ""error"": {
    ""code"": 429,
    ""message"": ""Quota exceeded for quota metric 'SearchTextRequest' and limit 'SearchTextRequest per day' of service 'places.googleapis.com' for consumer 'project_number:37282676545'."",
    ""status"": ""RESOURCE_EXHAUSTED"",
    ""details"": [
      {
        ""@type"": ""type.googleapis.com/google.rpc.ErrorInfo"",
        ""reason"": ""RATE_LIMIT_EXCEEDED"",
        ""domain"": ""googleapis.com"",
        ""metadata"": {
          ""quota_unit"": ""1/d/{project}"",
          ""quota_location"": ""global"",
          ""quota_metric"": ""places.googleapis.com/SearchTextRequest"",
          ""quota_limit"": ""SearchTextRequestPerDayPerProject"",
          ""service"": ""places.googleapis.com"",
          ""quota_limit_value"": ""100"",
          ""consumer"": ""projects/37282676545""
        }
      },
      {
        ""@type"": ""type.googleapis.com/google.rpc.Help"",
        ""links"": [
          {
            ""description"": ""Request a higher quota limit."",
            ""url"": ""https://cloud.google.com/doc",False
c97a3843-b2a7-40eb-9556-760eb4719a37,Yirgalem Aregash Natura Lodge,error,,,,,,,,,,"HTTP 429: {
  ""error"": {
    ""code"": 429,
    ""message"": ""Quota exceeded for quota metric 'SearchTextRequest' and limit 'SearchTextRequest per day' of service 'places.googleapis.com' for consumer 'project_number:37282676545'."",
    ""status"": ""RESOURCE_EXHAUSTED"",
    ""details"": [
      {
        ""@type"": ""type.googleapis.com/google.rpc.ErrorInfo"",
        ""reason"": ""RATE_LIMIT_EXCEEDED"",
        ""domain"": ""googleapis.com"",
        ""metadata"": {
          ""quota_unit"": ""1/d/{project}"",
          ""quota_location"": ""global"",
          ""quota_metric"": ""places.googleapis.com/SearchTextRequest"",
          ""quota_limit"": ""SearchTextRequestPerDayPerProject"",
          ""service"": ""places.googleapis.com"",
          ""quota_limit_value"": ""100"",
          ""consumer"": ""projects/37282676545""
        }
      },
      {
        ""@type"": ""type.googleapis.com/google.rpc.Help"",
        ""links"": [
          {
            ""description"": ""Request a higher quota limit."",
            ""url"": ""https://cloud.google.com/doc",False
c9aadb98-ff7c-46c2-9c51-e3ce746d3977,Ledi-Geraru Fossil Site,error,,,,,,,,,,"HTTP 429: {
  ""error"": {
    ""code"": 429,
    ""message"": ""Quota exceeded for quota metric 'SearchTextRequest' and limit 'SearchTextRequest per day' of service 'places.googleapis.com' for consumer 'project_number:37282676545'."",
    ""status"": ""RESOURCE_EXHAUSTED"",
    ""details"": [
      {
        ""@type"": ""type.googleapis.com/google.rpc.ErrorInfo"",
        ""reason"": ""RATE_LIMIT_EXCEEDED"",
        ""domain"": ""googleapis.com"",
        ""metadata"": {
          ""consumer"": ""projects/37282676545"",
          ""quota_metric"": ""places.googleapis.com/SearchTextRequest"",
          ""service"": ""places.googleapis.com"",
          ""quota_location"": ""global"",
          ""quota_limit_value"": ""100"",
          ""quota_limit"": ""SearchTextRequestPerDayPerProject"",
          ""quota_unit"": ""1/d/{project}""
        }
      },
      {
        ""@type"": ""type.googleapis.com/google.rpc.Help"",
        ""links"": [
          {
            ""description"": ""Request a higher quota limit."",
            ""url"": ""https://cloud.google.com/doc",False
c9e51ff6-14bf-4b3a-b67d-a7077395aa6d,Ambo Mineral Water & Traditional Meat Houses,error,,,,,,,,,,"HTTP 429: {
  ""error"": {
    ""code"": 429,
    ""message"": ""Quota exceeded for quota metric 'SearchTextRequest' and limit 'SearchTextRequest per day' of service 'places.googleapis.com' for consumer 'project_number:37282676545'."",
    ""status"": ""RESOURCE_EXHAUSTED"",
    ""details"": [
      {
        ""@type"": ""type.googleapis.com/google.rpc.ErrorInfo"",
        ""reason"": ""RATE_LIMIT_EXCEEDED"",
        ""domain"": ""googleapis.com"",
        ""metadata"": {
          ""quota_limit_value"": ""100"",
          ""service"": ""places.googleapis.com"",
          ""consumer"": ""projects/37282676545"",
          ""quota_location"": ""global"",
          ""quota_unit"": ""1/d/{project}"",
          ""quota_metric"": ""places.googleapis.com/SearchTextRequest"",
          ""quota_limit"": ""SearchTextRequestPerDayPerProject""
        }
      },
      {
        ""@type"": ""type.googleapis.com/google.rpc.Help"",
        ""links"": [
          {
            ""description"": ""Request a higher quota limit."",
            ""url"": ""https://cloud.google.com/doc",False
c9fa1b0f-5aea-47e9-bedc-a2eb0f81ba81,Wukro Chirkos Rock-Hewn Church,error,,,,,,,,,,"HTTP 429: {
  ""error"": {
    ""code"": 429,
    ""message"": ""Quota exceeded for quota metric 'SearchTextRequest' and limit 'SearchTextRequest per day' of service 'places.googleapis.com' for consumer 'project_number:37282676545'."",
    ""status"": ""RESOURCE_EXHAUSTED"",
    ""details"": [
      {
        ""@type"": ""type.googleapis.com/google.rpc.ErrorInfo"",
        ""reason"": ""RATE_LIMIT_EXCEEDED"",
        ""domain"": ""googleapis.com"",
        ""metadata"": {
          ""quota_unit"": ""1/d/{project}"",
          ""quota_location"": ""global"",
          ""quota_metric"": ""places.googleapis.com/SearchTextRequest"",
          ""quota_limit"": ""SearchTextRequestPerDayPerProject"",
          ""service"": ""places.googleapis.com"",
          ""quota_limit_value"": ""100"",
          ""consumer"": ""projects/37282676545""
        }
      },
      {
        ""@type"": ""type.googleapis.com/google.rpc.Help"",
        ""links"": [
          {
            ""description"": ""Request a higher quota limit."",
            ""url"": ""https://cloud.google.com/doc",False
cabd417b-7068-42f3-9e54-94a4c910a935,Fincha Sugar Cane Estate & Valley,error,,,,,,,,,,"HTTP 429: {
  ""error"": {
    ""code"": 429,
    ""message"": ""Quota exceeded for quota metric 'SearchTextRequest' and limit 'SearchTextRequest per day' of service 'places.googleapis.com' for consumer 'project_number:37282676545'."",
    ""status"": ""RESOURCE_EXHAUSTED"",
    ""details"": [
      {
        ""@type"": ""type.googleapis.com/google.rpc.ErrorInfo"",
        ""reason"": ""RATE_LIMIT_EXCEEDED"",
        ""domain"": ""googleapis.com"",
        ""metadata"": {
          ""consumer"": ""projects/37282676545"",
          ""quota_unit"": ""1/d/{project}"",
          ""quota_limit_value"": ""100"",
          ""quota_metric"": ""places.googleapis.com/SearchTextRequest"",
          ""service"": ""places.googleapis.com"",
          ""quota_location"": ""global"",
          ""quota_limit"": ""SearchTextRequestPerDayPerProject""
        }
      },
      {
        ""@type"": ""type.googleapis.com/google.rpc.Help"",
        ""links"": [
          {
            ""description"": ""Request a higher quota limit."",
            ""url"": ""https://cloud.google.com/doc",False
cb069543-1748-406e-85c5-a1ce6a139fbe,Abebech Gobena Childrens Care Center,error,,,,,,,,,,"HTTP 429: {
  ""error"": {
    ""code"": 429,
    ""message"": ""Quota exceeded for quota metric 'SearchTextRequest' and limit 'SearchTextRequest per day' of service 'places.googleapis.com' for consumer 'project_number:37282676545'."",
    ""status"": ""RESOURCE_EXHAUSTED"",
    ""details"": [
      {
        ""@type"": ""type.googleapis.com/google.rpc.ErrorInfo"",
        ""reason"": ""RATE_LIMIT_EXCEEDED"",
        ""domain"": ""googleapis.com"",
        ""metadata"": {
          ""quota_location"": ""global"",
          ""consumer"": ""projects/37282676545"",
          ""service"": ""places.googleapis.com"",
          ""quota_limit"": ""SearchTextRequestPerDayPerProject"",
          ""quota_unit"": ""1/d/{project}"",
          ""quota_limit_value"": ""100"",
          ""quota_metric"": ""places.googleapis.com/SearchTextRequest""
        }
      },
      {
        ""@type"": ""type.googleapis.com/google.rpc.Help"",
        ""links"": [
          {
            ""description"": ""Request a higher quota limit."",
            ""url"": ""https://cloud.google.com/doc",False
cb38f3d5-5889-4363-beeb-aaf60ba7c5fd,Biyo Karaba Battle Monument,error,,,,,,,,,,"HTTP 429: {
  ""error"": {
    ""code"": 429,
    ""message"": ""Quota exceeded for quota metric 'SearchTextRequest' and limit 'SearchTextRequest per day' of service 'places.googleapis.com' for consumer 'project_number:37282676545'."",
    ""status"": ""RESOURCE_EXHAUSTED"",
    ""details"": [
      {
        ""@type"": ""type.googleapis.com/google.rpc.ErrorInfo"",
        ""reason"": ""RATE_LIMIT_EXCEEDED"",
        ""domain"": ""googleapis.com"",
        ""metadata"": {
          ""quota_unit"": ""1/d/{project}"",
          ""quota_limit_value"": ""100"",
          ""quota_limit"": ""SearchTextRequestPerDayPerProject"",
          ""quota_location"": ""global"",
          ""consumer"": ""projects/37282676545"",
          ""quota_metric"": ""places.googleapis.com/SearchTextRequest"",
          ""service"": ""places.googleapis.com""
        }
      },
      {
        ""@type"": ""type.googleapis.com/google.rpc.Help"",
        ""links"": [
          {
            ""description"": ""Request a higher quota limit."",
            ""url"": ""https://cloud.google.com/doc",False
cb48a7f7-9b77-419e-87e3-155d66bfe051,Menz Highland Sheep-Wool Weaving Settlements,error,,,,,,,,,,"HTTP 429: {
  ""error"": {
    ""code"": 429,
    ""message"": ""Quota exceeded for quota metric 'SearchTextRequest' and limit 'SearchTextRequest per day' of service 'places.googleapis.com' for consumer 'project_number:37282676545'."",
    ""status"": ""RESOURCE_EXHAUSTED"",
    ""details"": [
      {
        ""@type"": ""type.googleapis.com/google.rpc.ErrorInfo"",
        ""reason"": ""RATE_LIMIT_EXCEEDED"",
        ""domain"": ""googleapis.com"",
        ""metadata"": {
          ""quota_unit"": ""1/d/{project}"",
          ""quota_limit_value"": ""100"",
          ""quota_limit"": ""SearchTextRequestPerDayPerProject"",
          ""quota_location"": ""global"",
          ""consumer"": ""projects/37282676545"",
          ""quota_metric"": ""places.googleapis.com/SearchTextRequest"",
          ""service"": ""places.googleapis.com""
        }
      },
      {
        ""@type"": ""type.googleapis.com/google.rpc.Help"",
        ""links"": [
          {
            ""description"": ""Request a higher quota limit."",
            ""url"": ""https://cloud.google.com/doc",False
cc03ab07-e8c5-4875-aa6b-ff703490518e,Gudit Stelae Field / Ancient Necropolis,error,,,,,,,,,,"HTTP 429: {
  ""error"": {
    ""code"": 429,
    ""message"": ""Quota exceeded for quota metric 'SearchTextRequest' and limit 'SearchTextRequest per day' of service 'places.googleapis.com' for consumer 'project_number:37282676545'."",
    ""status"": ""RESOURCE_EXHAUSTED"",
    ""details"": [
      {
        ""@type"": ""type.googleapis.com/google.rpc.ErrorInfo"",
        ""reason"": ""RATE_LIMIT_EXCEEDED"",
        ""domain"": ""googleapis.com"",
        ""metadata"": {
          ""consumer"": ""projects/37282676545"",
          ""quota_location"": ""global"",
          ""quota_limit_value"": ""100"",
          ""quota_metric"": ""places.googleapis.com/SearchTextRequest"",
          ""quota_unit"": ""1/d/{project}"",
          ""service"": ""places.googleapis.com"",
          ""quota_limit"": ""SearchTextRequestPerDayPerProject""
        }
      },
      {
        ""@type"": ""type.googleapis.com/google.rpc.Help"",
        ""links"": [
          {
            ""description"": ""Request a higher quota limit."",
            ""url"": ""https://cloud.google.com/doc",False
cc41f408-e4b5-4ed8-9d1f-6163c440bc60,Adwa Victory Memorial Plaza,error,,,,,,,,,,"HTTP 429: {
  ""error"": {
    ""code"": 429,
    ""message"": ""Quota exceeded for quota metric 'SearchTextRequest' and limit 'SearchTextRequest per day' of service 'places.googleapis.com' for consumer 'project_number:37282676545'."",
    ""status"": ""RESOURCE_EXHAUSTED"",
    ""details"": [
      {
        ""@type"": ""type.googleapis.com/google.rpc.ErrorInfo"",
        ""reason"": ""RATE_LIMIT_EXCEEDED"",
        ""domain"": ""googleapis.com"",
        ""metadata"": {
          ""quota_unit"": ""1/d/{project}"",
          ""quota_limit_value"": ""100"",
          ""quota_limit"": ""SearchTextRequestPerDayPerProject"",
          ""quota_location"": ""global"",
          ""consumer"": ""projects/37282676545"",
          ""quota_metric"": ""places.googleapis.com/SearchTextRequest"",
          ""service"": ""places.googleapis.com""
        }
      },
      {
        ""@type"": ""type.googleapis.com/google.rpc.Help"",
        ""links"": [
          {
            ""description"": ""Request a higher quota limit."",
            ""url"": ""https://cloud.google.com/doc",False
cc651d7e-3e4a-4581-801b-2759342e9238,Ethiopian Red Terror Memorial Museum,error,,,,,,,,,,"HTTP 429: {
  ""error"": {
    ""code"": 429,
    ""message"": ""Quota exceeded for quota metric 'SearchTextRequest' and limit 'SearchTextRequest per day' of service 'places.googleapis.com' for consumer 'project_number:37282676545'."",
    ""status"": ""RESOURCE_EXHAUSTED"",
    ""details"": [
      {
        ""@type"": ""type.googleapis.com/google.rpc.ErrorInfo"",
        ""reason"": ""RATE_LIMIT_EXCEEDED"",
        ""domain"": ""googleapis.com"",
        ""metadata"": {
          ""consumer"": ""projects/37282676545"",
          ""quota_unit"": ""1/d/{project}"",
          ""quota_limit_value"": ""100"",
          ""quota_metric"": ""places.googleapis.com/SearchTextRequest"",
          ""service"": ""places.googleapis.com"",
          ""quota_location"": ""global"",
          ""quota_limit"": ""SearchTextRequestPerDayPerProject""
        }
      },
      {
        ""@type"": ""type.googleapis.com/google.rpc.Help"",
        ""links"": [
          {
            ""description"": ""Request a higher quota limit."",
            ""url"": ""https://cloud.google.com/doc",False
cca58efb-210d-46e4-bdc7-e18d09c0f047,Battlefield of Adwa,error,,,,,,,,,,"HTTP 429: {
  ""error"": {
    ""code"": 429,
    ""message"": ""Quota exceeded for quota metric 'SearchTextRequest' and limit 'SearchTextRequest per day' of service 'places.googleapis.com' for consumer 'project_number:37282676545'."",
    ""status"": ""RESOURCE_EXHAUSTED"",
    ""details"": [
      {
        ""@type"": ""type.googleapis.com/google.rpc.ErrorInfo"",
        ""reason"": ""RATE_LIMIT_EXCEEDED"",
        ""domain"": ""googleapis.com"",
        ""metadata"": {
          ""consumer"": ""projects/37282676545"",
          ""quota_metric"": ""places.googleapis.com/SearchTextRequest"",
          ""service"": ""places.googleapis.com"",
          ""quota_location"": ""global"",
          ""quota_limit_value"": ""100"",
          ""quota_limit"": ""SearchTextRequestPerDayPerProject"",
          ""quota_unit"": ""1/d/{project}""
        }
      },
      {
        ""@type"": ""type.googleapis.com/google.rpc.Help"",
        ""links"": [
          {
            ""description"": ""Request a higher quota limit."",
            ""url"": ""https://cloud.google.com/doc",False
ccca7f40-195e-4bbb-9b40-eef93c2d3c19,Melka Kunture Paleolithic Site,error,,,,,,,,,,"HTTP 429: {
  ""error"": {
    ""code"": 429,
    ""message"": ""Quota exceeded for quota metric 'SearchTextRequest' and limit 'SearchTextRequest per day' of service 'places.googleapis.com' for consumer 'project_number:37282676545'."",
    ""status"": ""RESOURCE_EXHAUSTED"",
    ""details"": [
      {
        ""@type"": ""type.googleapis.com/google.rpc.ErrorInfo"",
        ""reason"": ""RATE_LIMIT_EXCEEDED"",
        ""domain"": ""googleapis.com"",
        ""metadata"": {
          ""consumer"": ""projects/37282676545"",
          ""quota_location"": ""global"",
          ""quota_limit_value"": ""100"",
          ""quota_metric"": ""places.googleapis.com/SearchTextRequest"",
          ""quota_unit"": ""1/d/{project}"",
          ""service"": ""places.googleapis.com"",
          ""quota_limit"": ""SearchTextRequestPerDayPerProject""
        }
      },
      {
        ""@type"": ""type.googleapis.com/google.rpc.Help"",
        ""links"": [
          {
            ""description"": ""Request a higher quota limit."",
            ""url"": ""https://cloud.google.com/doc",False
cd0b9480-c5e4-4ad6-9fea-3a06caf2b957,Borena Pastoralist Singing Wells Action Shots,error,,,,,,,,,,"HTTP 429: {
  ""error"": {
    ""code"": 429,
    ""message"": ""Quota exceeded for quota metric 'SearchTextRequest' and limit 'SearchTextRequest per day' of service 'places.googleapis.com' for consumer 'project_number:37282676545'."",
    ""status"": ""RESOURCE_EXHAUSTED"",
    ""details"": [
      {
        ""@type"": ""type.googleapis.com/google.rpc.ErrorInfo"",
        ""reason"": ""RATE_LIMIT_EXCEEDED"",
        ""domain"": ""googleapis.com"",
        ""metadata"": {
          ""quota_location"": ""global"",
          ""quota_limit_value"": ""100"",
          ""service"": ""places.googleapis.com"",
          ""quota_unit"": ""1/d/{project}"",
          ""quota_limit"": ""SearchTextRequestPerDayPerProject"",
          ""consumer"": ""projects/37282676545"",
          ""quota_metric"": ""places.googleapis.com/SearchTextRequest""
        }
      },
      {
        ""@type"": ""type.googleapis.com/google.rpc.Help"",
        ""links"": [
          {
            ""description"": ""Request a higher quota limit."",
            ""url"": ""https://cloud.google.com/doc",False
cd27f056-465d-4de6-885a-3303d66bb62c,Ziway Sher Flower Farms & Greenhouses,error,,,,,,,,,,"HTTP 429: {
  ""error"": {
    ""code"": 429,
    ""message"": ""Quota exceeded for quota metric 'SearchTextRequest' and limit 'SearchTextRequest per day' of service 'places.googleapis.com' for consumer 'project_number:37282676545'."",
    ""status"": ""RESOURCE_EXHAUSTED"",
    ""details"": [
      {
        ""@type"": ""type.googleapis.com/google.rpc.ErrorInfo"",
        ""reason"": ""RATE_LIMIT_EXCEEDED"",
        ""domain"": ""googleapis.com"",
        ""metadata"": {
          ""quota_limit_value"": ""100"",
          ""quota_limit"": ""SearchTextRequestPerDayPerProject"",
          ""consumer"": ""projects/37282676545"",
          ""quota_unit"": ""1/d/{project}"",
          ""service"": ""places.googleapis.com"",
          ""quota_location"": ""global"",
          ""quota_metric"": ""places.googleapis.com/SearchTextRequest""
        }
      },
      {
        ""@type"": ""type.googleapis.com/google.rpc.Help"",
        ""links"": [
          {
            ""description"": ""Request a higher quota limit."",
            ""url"": ""https://cloud.google.com/doc",False
cdd44bf2-aac8-4bd7-903c-c8becde358ba,Bishoftu Babogaya Watersports Outpost,error,,,,,,,,,,"HTTP 429: {
  ""error"": {
    ""code"": 429,
    ""message"": ""Quota exceeded for quota metric 'SearchTextRequest' and limit 'SearchTextRequest per day' of service 'places.googleapis.com' for consumer 'project_number:37282676545'."",
    ""status"": ""RESOURCE_EXHAUSTED"",
    ""details"": [
      {
        ""@type"": ""type.googleapis.com/google.rpc.ErrorInfo"",
        ""reason"": ""RATE_LIMIT_EXCEEDED"",
        ""domain"": ""googleapis.com"",
        ""metadata"": {
          ""quota_location"": ""global"",
          ""quota_limit_value"": ""100"",
          ""service"": ""places.googleapis.com"",
          ""quota_unit"": ""1/d/{project}"",
          ""quota_limit"": ""SearchTextRequestPerDayPerProject"",
          ""consumer"": ""projects/37282676545"",
          ""quota_metric"": ""places.googleapis.com/SearchTextRequest""
        }
      },
      {
        ""@type"": ""type.googleapis.com/google.rpc.Help"",
        ""links"": [
          {
            ""description"": ""Request a higher quota limit."",
            ""url"": ""https://cloud.google.com/doc",False
ce315b42-117f-4561-9e47-159111abbb8d,Goba to Delo Mena Harenna Forest Mountain Biking,error,,,,,,,,,,"HTTP 429: {
  ""error"": {
    ""code"": 429,
    ""message"": ""Quota exceeded for quota metric 'SearchTextRequest' and limit 'SearchTextRequest per day' of service 'places.googleapis.com' for consumer 'project_number:37282676545'."",
    ""status"": ""RESOURCE_EXHAUSTED"",
    ""details"": [
      {
        ""@type"": ""type.googleapis.com/google.rpc.ErrorInfo"",
        ""reason"": ""RATE_LIMIT_EXCEEDED"",
        ""domain"": ""googleapis.com"",
        ""metadata"": {
          ""quota_limit_value"": ""100"",
          ""quota_limit"": ""SearchTextRequestPerDayPerProject"",
          ""consumer"": ""projects/37282676545"",
          ""quota_unit"": ""1/d/{project}"",
          ""service"": ""places.googleapis.com"",
          ""quota_location"": ""global"",
          ""quota_metric"": ""places.googleapis.com/SearchTextRequest""
        }
      },
      {
        ""@type"": ""type.googleapis.com/google.rpc.Help"",
        ""links"": [
          {
            ""description"": ""Request a higher quota limit."",
            ""url"": ""https://cloud.google.com/doc",False
cee7e00f-e1be-4c5b-8530-409d3c0cc123,Degua Tembien Highlands (Birdlife & Raptors),error,,,,,,,,,,"HTTP 429: {
  ""error"": {
    ""code"": 429,
    ""message"": ""Quota exceeded for quota metric 'SearchTextRequest' and limit 'SearchTextRequest per day' of service 'places.googleapis.com' for consumer 'project_number:37282676545'."",
    ""status"": ""RESOURCE_EXHAUSTED"",
    ""details"": [
      {
        ""@type"": ""type.googleapis.com/google.rpc.ErrorInfo"",
        ""reason"": ""RATE_LIMIT_EXCEEDED"",
        ""domain"": ""googleapis.com"",
        ""metadata"": {
          ""quota_unit"": ""1/d/{project}"",
          ""consumer"": ""projects/37282676545"",
          ""quota_metric"": ""places.googleapis.com/SearchTextRequest"",
          ""quota_location"": ""global"",
          ""service"": ""places.googleapis.com"",
          ""quota_limit"": ""SearchTextRequestPerDayPerProject"",
          ""quota_limit_value"": ""100""
        }
      },
      {
        ""@type"": ""type.googleapis.com/google.rpc.Help"",
        ""links"": [
          {
            ""description"": ""Request a higher quota limit."",
            ""url"": ""https://cloud.google.com/doc",False
d0c78cdc-e007-4232-81b4-a00a2a3d0365,Bishoftu Kuriftu Waterpark & Watersports Center,error,,,,,,,,,,"HTTP 429: {
  ""error"": {
    ""code"": 429,
    ""message"": ""Quota exceeded for quota metric 'SearchTextRequest' and limit 'SearchTextRequest per day' of service 'places.googleapis.com' for consumer 'project_number:37282676545'."",
    ""status"": ""RESOURCE_EXHAUSTED"",
    ""details"": [
      {
        ""@type"": ""type.googleapis.com/google.rpc.ErrorInfo"",
        ""reason"": ""RATE_LIMIT_EXCEEDED"",
        ""domain"": ""googleapis.com"",
        ""metadata"": {
          ""quota_location"": ""global"",
          ""quota_limit_value"": ""100"",
          ""service"": ""places.googleapis.com"",
          ""quota_unit"": ""1/d/{project}"",
          ""quota_limit"": ""SearchTextRequestPerDayPerProject"",
          ""consumer"": ""projects/37282676545"",
          ""quota_metric"": ""places.googleapis.com/SearchTextRequest""
        }
      },
      {
        ""@type"": ""type.googleapis.com/google.rpc.Help"",
        ""links"": [
          {
            ""description"": ""Request a higher quota limit."",
            ""url"": ""https://cloud.google.com/doc",False
d0f6ae18-31eb-4c9c-aa39-eb90c6529f1d,Bale Harenna Escarpment Paragliding,error,,,,,,,,,,"HTTP 429: {
  ""error"": {
    ""code"": 429,
    ""message"": ""Quota exceeded for quota metric 'SearchTextRequest' and limit 'SearchTextRequest per day' of service 'places.googleapis.com' for consumer 'project_number:37282676545'."",
    ""status"": ""RESOURCE_EXHAUSTED"",
    ""details"": [
      {
        ""@type"": ""type.googleapis.com/google.rpc.ErrorInfo"",
        ""reason"": ""RATE_LIMIT_EXCEEDED"",
        ""domain"": ""googleapis.com"",
        ""metadata"": {
          ""service"": ""places.googleapis.com"",
          ""quota_limit"": ""SearchTextRequestPerDayPerProject"",
          ""quota_metric"": ""places.googleapis.com/SearchTextRequest"",
          ""quota_unit"": ""1/d/{project}"",
          ""quota_location"": ""global"",
          ""quota_limit_value"": ""100"",
          ""consumer"": ""projects/37282676545""
        }
      },
      {
        ""@type"": ""type.googleapis.com/google.rpc.Help"",
        ""links"": [
          {
            ""description"": ""Request a higher quota limit."",
            ""url"": ""https://cloud.google.com/doc",False
d16140a6-e1a1-4ac3-a1f9-b7b08ba9bbd6,Sof Omar Geomorphology Education Site,error,,,,,,,,,,"HTTP 429: {
  ""error"": {
    ""code"": 429,
    ""message"": ""Quota exceeded for quota metric 'SearchTextRequest' and limit 'SearchTextRequest per day' of service 'places.googleapis.com' for consumer 'project_number:37282676545'."",
    ""status"": ""RESOURCE_EXHAUSTED"",
    ""details"": [
      {
        ""@type"": ""type.googleapis.com/google.rpc.ErrorInfo"",
        ""reason"": ""RATE_LIMIT_EXCEEDED"",
        ""domain"": ""googleapis.com"",
        ""metadata"": {
          ""quota_unit"": ""1/d/{project}"",
          ""quota_location"": ""global"",
          ""consumer"": ""projects/37282676545"",
          ""quota_limit"": ""SearchTextRequestPerDayPerProject"",
          ""service"": ""places.googleapis.com"",
          ""quota_limit_value"": ""100"",
          ""quota_metric"": ""places.googleapis.com/SearchTextRequest""
        }
      },
      {
        ""@type"": ""type.googleapis.com/google.rpc.Help"",
        ""links"": [
          {
            ""description"": ""Request a higher quota limit."",
            ""url"": ""https://cloud.google.com/doc",False
d1960692-3be1-4dd9-9704-792abf9649dc,Wolisso Traditional Oromo Dish Outlets,error,,,,,,,,,,"HTTP 429: {
  ""error"": {
    ""code"": 429,
    ""message"": ""Quota exceeded for quota metric 'SearchTextRequest' and limit 'SearchTextRequest per day' of service 'places.googleapis.com' for consumer 'project_number:37282676545'."",
    ""status"": ""RESOURCE_EXHAUSTED"",
    ""details"": [
      {
        ""@type"": ""type.googleapis.com/google.rpc.ErrorInfo"",
        ""reason"": ""RATE_LIMIT_EXCEEDED"",
        ""domain"": ""googleapis.com"",
        ""metadata"": {
          ""quota_limit"": ""SearchTextRequestPerDayPerProject"",
          ""service"": ""places.googleapis.com"",
          ""quota_metric"": ""places.googleapis.com/SearchTextRequest"",
          ""quota_location"": ""global"",
          ""quota_limit_value"": ""100"",
          ""consumer"": ""projects/37282676545"",
          ""quota_unit"": ""1/d/{project}""
        }
      },
      {
        ""@type"": ""type.googleapis.com/google.rpc.Help"",
        ""links"": [
          {
            ""description"": ""Request a higher quota limit."",
            ""url"": ""https://cloud.google.com/doc",False
d19b0076-cc1c-42ed-9e0e-fedf79181c99,Wolayta Sodo Enset & Bulla Dish Centers,error,,,,,,,,,,"HTTP 429: {
  ""error"": {
    ""code"": 429,
    ""message"": ""Quota exceeded for quota metric 'SearchTextRequest' and limit 'SearchTextRequest per day' of service 'places.googleapis.com' for consumer 'project_number:37282676545'."",
    ""status"": ""RESOURCE_EXHAUSTED"",
    ""details"": [
      {
        ""@type"": ""type.googleapis.com/google.rpc.ErrorInfo"",
        ""reason"": ""RATE_LIMIT_EXCEEDED"",
        ""domain"": ""googleapis.com"",
        ""metadata"": {
          ""consumer"": ""projects/37282676545"",
          ""quota_limit"": ""SearchTextRequestPerDayPerProject"",
          ""service"": ""places.googleapis.com"",
          ""quota_metric"": ""places.googleapis.com/SearchTextRequest"",
          ""quota_location"": ""global"",
          ""quota_unit"": ""1/d/{project}"",
          ""quota_limit_value"": ""100""
        }
      },
      {
        ""@type"": ""type.googleapis.com/google.rpc.Help"",
        ""links"": [
          {
            ""description"": ""Request a higher quota limit."",
            ""url"": ""https://cloud.google.com/doc",False
d1a5ceb5-e488-4a1e-811e-1e5b18bf6f85,Debre Markos Comprehensive Hospital,error,,,,,,,,,,"HTTP 429: {
  ""error"": {
    ""code"": 429,
    ""message"": ""Quota exceeded for quota metric 'SearchTextRequest' and limit 'SearchTextRequest per day' of service 'places.googleapis.com' for consumer 'project_number:37282676545'."",
    ""status"": ""RESOURCE_EXHAUSTED"",
    ""details"": [
      {
        ""@type"": ""type.googleapis.com/google.rpc.ErrorInfo"",
        ""reason"": ""RATE_LIMIT_EXCEEDED"",
        ""domain"": ""googleapis.com"",
        ""metadata"": {
          ""quota_limit_value"": ""100"",
          ""quota_limit"": ""SearchTextRequestPerDayPerProject"",
          ""consumer"": ""projects/37282676545"",
          ""quota_unit"": ""1/d/{project}"",
          ""service"": ""places.googleapis.com"",
          ""quota_location"": ""global"",
          ""quota_metric"": ""places.googleapis.com/SearchTextRequest""
        }
      },
      {
        ""@type"": ""type.googleapis.com/google.rpc.Help"",
        ""links"": [
          {
            ""description"": ""Request a higher quota limit."",
            ""url"": ""https://cloud.google.com/doc",False
d1e5d3ca-937e-4599-be47-2221add9304d,Skylight Hotel Convention & Exhibition Center,error,,,,,,,,,,"HTTP 429: {
  ""error"": {
    ""code"": 429,
    ""message"": ""Quota exceeded for quota metric 'SearchTextRequest' and limit 'SearchTextRequest per day' of service 'places.googleapis.com' for consumer 'project_number:37282676545'."",
    ""status"": ""RESOURCE_EXHAUSTED"",
    ""details"": [
      {
        ""@type"": ""type.googleapis.com/google.rpc.ErrorInfo"",
        ""reason"": ""RATE_LIMIT_EXCEEDED"",
        ""domain"": ""googleapis.com"",
        ""metadata"": {
          ""quota_metric"": ""places.googleapis.com/SearchTextRequest"",
          ""quota_unit"": ""1/d/{project}"",
          ""service"": ""places.googleapis.com"",
          ""quota_location"": ""global"",
          ""consumer"": ""projects/37282676545"",
          ""quota_limit_value"": ""100"",
          ""quota_limit"": ""SearchTextRequestPerDayPerProject""
        }
      },
      {
        ""@type"": ""type.googleapis.com/google.rpc.Help"",
        ""links"": [
          {
            ""description"": ""Request a higher quota limit."",
            ""url"": ""https://cloud.google.com/doc",False
d2b651f4-500d-4e36-971a-d9757c2471fa,Harar Jugol Walled Historic Urban Center,error,,,,,,,,,,"HTTP 429: {
  ""error"": {
    ""code"": 429,
    ""message"": ""Quota exceeded for quota metric 'SearchTextRequest' and limit 'SearchTextRequest per day' of service 'places.googleapis.com' for consumer 'project_number:37282676545'."",
    ""status"": ""RESOURCE_EXHAUSTED"",
    ""details"": [
      {
        ""@type"": ""type.googleapis.com/google.rpc.ErrorInfo"",
        ""reason"": ""RATE_LIMIT_EXCEEDED"",
        ""domain"": ""googleapis.com"",
        ""metadata"": {
          ""service"": ""places.googleapis.com"",
          ""quota_limit"": ""SearchTextRequestPerDayPerProject"",
          ""quota_metric"": ""places.googleapis.com/SearchTextRequest"",
          ""quota_unit"": ""1/d/{project}"",
          ""quota_location"": ""global"",
          ""quota_limit_value"": ""100"",
          ""consumer"": ""projects/37282676545""
        }
      },
      {
        ""@type"": ""type.googleapis.com/google.rpc.Help"",
        ""links"": [
          {
            ""description"": ""Request a higher quota limit."",
            ""url"": ""https://cloud.google.com/doc",False
d308d163-cb67-4f16-82cc-bfde3e42667e,Melka Kunture & Balchit Prehistoric Sites,error,,,,,,,,,,"HTTP 429: {
  ""error"": {
    ""code"": 429,
    ""message"": ""Quota exceeded for quota metric 'SearchTextRequest' and limit 'SearchTextRequest per day' of service 'places.googleapis.com' for consumer 'project_number:37282676545'."",
    ""status"": ""RESOURCE_EXHAUSTED"",
    ""details"": [
      {
        ""@type"": ""type.googleapis.com/google.rpc.ErrorInfo"",
        ""reason"": ""RATE_LIMIT_EXCEEDED"",
        ""domain"": ""googleapis.com"",
        ""metadata"": {
          ""quota_metric"": ""places.googleapis.com/SearchTextRequest"",
          ""quota_unit"": ""1/d/{project}"",
          ""service"": ""places.googleapis.com"",
          ""quota_location"": ""global"",
          ""consumer"": ""projects/37282676545"",
          ""quota_limit_value"": ""100"",
          ""quota_limit"": ""SearchTextRequestPerDayPerProject""
        }
      },
      {
        ""@type"": ""type.googleapis.com/google.rpc.Help"",
        ""links"": [
          {
            ""description"": ""Request a higher quota limit."",
            ""url"": ""https://cloud.google.com/doc",False
d37a302d-a566-4feb-8677-a5615194a1fa,Gurage Agricultural Enset Villages,error,,,,,,,,,,"HTTP 429: {
  ""error"": {
    ""code"": 429,
    ""message"": ""Quota exceeded for quota metric 'SearchTextRequest' and limit 'SearchTextRequest per day' of service 'places.googleapis.com' for consumer 'project_number:37282676545'."",
    ""status"": ""RESOURCE_EXHAUSTED"",
    ""details"": [
      {
        ""@type"": ""type.googleapis.com/google.rpc.ErrorInfo"",
        ""reason"": ""RATE_LIMIT_EXCEEDED"",
        ""domain"": ""googleapis.com"",
        ""metadata"": {
          ""consumer"": ""projects/37282676545"",
          ""quota_limit"": ""SearchTextRequestPerDayPerProject"",
          ""service"": ""places.googleapis.com"",
          ""quota_metric"": ""places.googleapis.com/SearchTextRequest"",
          ""quota_location"": ""global"",
          ""quota_unit"": ""1/d/{project}"",
          ""quota_limit_value"": ""100""
        }
      },
      {
        ""@type"": ""type.googleapis.com/google.rpc.Help"",
        ""links"": [
          {
            ""description"": ""Request a higher quota limit."",
            ""url"": ""https://cloud.google.com/doc",False
d3e114d6-9200-4ddf-a2f0-5facfd55520b,Lake Kuriftu Resort Private Boating Pier,error,,,,,,,,,,"HTTP 429: {
  ""error"": {
    ""code"": 429,
    ""message"": ""Quota exceeded for quota metric 'SearchTextRequest' and limit 'SearchTextRequest per day' of service 'places.googleapis.com' for consumer 'project_number:37282676545'."",
    ""status"": ""RESOURCE_EXHAUSTED"",
    ""details"": [
      {
        ""@type"": ""type.googleapis.com/google.rpc.ErrorInfo"",
        ""reason"": ""RATE_LIMIT_EXCEEDED"",
        ""domain"": ""googleapis.com"",
        ""metadata"": {
          ""quota_limit_value"": ""100"",
          ""consumer"": ""projects/37282676545"",
          ""quota_metric"": ""places.googleapis.com/SearchTextRequest"",
          ""quota_unit"": ""1/d/{project}"",
          ""service"": ""places.googleapis.com"",
          ""quota_location"": ""global"",
          ""quota_limit"": ""SearchTextRequestPerDayPerProject""
        }
      },
      {
        ""@type"": ""type.googleapis.com/google.rpc.Help"",
        ""links"": [
          {
            ""description"": ""Request a higher quota limit."",
            ""url"": ""https://cloud.google.com/doc",False
d403b0cc-d554-42ae-bb06-6f9761dc9a67,Gullele Botanic Garden Research & Planting Base,error,,,,,,,,,,"HTTP 429: {
  ""error"": {
    ""code"": 429,
    ""message"": ""Quota exceeded for quota metric 'SearchTextRequest' and limit 'SearchTextRequest per day' of service 'places.googleapis.com' for consumer 'project_number:37282676545'."",
    ""status"": ""RESOURCE_EXHAUSTED"",
    ""details"": [
      {
        ""@type"": ""type.googleapis.com/google.rpc.ErrorInfo"",
        ""reason"": ""RATE_LIMIT_EXCEEDED"",
        ""domain"": ""googleapis.com"",
        ""metadata"": {
          ""quota_limit"": ""SearchTextRequestPerDayPerProject"",
          ""service"": ""places.googleapis.com"",
          ""quota_metric"": ""places.googleapis.com/SearchTextRequest"",
          ""quota_location"": ""global"",
          ""quota_limit_value"": ""100"",
          ""consumer"": ""projects/37282676545"",
          ""quota_unit"": ""1/d/{project}""
        }
      },
      {
        ""@type"": ""type.googleapis.com/google.rpc.Help"",
        ""links"": [
          {
            ""description"": ""Request a higher quota limit."",
            ""url"": ""https://cloud.google.com/doc",False
d40e83d4-324f-4ae4-8c3a-f135f1dea77e,Bishoftu Kuriftu Resort & Spa MICE Facilities,error,,,,,,,,,,"HTTP 429: {
  ""error"": {
    ""code"": 429,
    ""message"": ""Quota exceeded for quota metric 'SearchTextRequest' and limit 'SearchTextRequest per day' of service 'places.googleapis.com' for consumer 'project_number:37282676545'."",
    ""status"": ""RESOURCE_EXHAUSTED"",
    ""details"": [
      {
        ""@type"": ""type.googleapis.com/google.rpc.ErrorInfo"",
        ""reason"": ""RATE_LIMIT_EXCEEDED"",
        ""domain"": ""googleapis.com"",
        ""metadata"": {
          ""quota_location"": ""global"",
          ""quota_limit_value"": ""100"",
          ""quota_limit"": ""SearchTextRequestPerDayPerProject"",
          ""quota_unit"": ""1/d/{project}"",
          ""consumer"": ""projects/37282676545"",
          ""quota_metric"": ""places.googleapis.com/SearchTextRequest"",
          ""service"": ""places.googleapis.com""
        }
      },
      {
        ""@type"": ""type.googleapis.com/google.rpc.Help"",
        ""links"": [
          {
            ""description"": ""Request a higher quota limit."",
            ""url"": ""https://cloud.google.com/doc",False
d43c3571-c894-49a4-a2cf-c74c1f62b4ba,Nigat Lake Resort Boating Docks,error,,,,,,,,,,"HTTP 429: {
  ""error"": {
    ""code"": 429,
    ""message"": ""Quota exceeded for quota metric 'SearchTextRequest' and limit 'SearchTextRequest per day' of service 'places.googleapis.com' for consumer 'project_number:37282676545'."",
    ""status"": ""RESOURCE_EXHAUSTED"",
    ""details"": [
      {
        ""@type"": ""type.googleapis.com/google.rpc.ErrorInfo"",
        ""reason"": ""RATE_LIMIT_EXCEEDED"",
        ""domain"": ""googleapis.com"",
        ""metadata"": {
          ""quota_metric"": ""places.googleapis.com/SearchTextRequest"",
          ""quota_unit"": ""1/d/{project}"",
          ""service"": ""places.googleapis.com"",
          ""quota_location"": ""global"",
          ""consumer"": ""projects/37282676545"",
          ""quota_limit_value"": ""100"",
          ""quota_limit"": ""SearchTextRequestPerDayPerProject""
        }
      },
      {
        ""@type"": ""type.googleapis.com/google.rpc.Help"",
        ""links"": [
          {
            ""description"": ""Request a higher quota limit."",
            ""url"": ""https://cloud.google.com/doc",False
d6cd3ad9-9dca-4129-8ea9-1f90382595bd,Mount Choke Alpine Zone (Highland Endemics),error,,,,,,,,,,"HTTP 429: {
  ""error"": {
    ""code"": 429,
    ""message"": ""Quota exceeded for quota metric 'SearchTextRequest' and limit 'SearchTextRequest per day' of service 'places.googleapis.com' for consumer 'project_number:37282676545'."",
    ""status"": ""RESOURCE_EXHAUSTED"",
    ""details"": [
      {
        ""@type"": ""type.googleapis.com/google.rpc.ErrorInfo"",
        ""reason"": ""RATE_LIMIT_EXCEEDED"",
        ""domain"": ""googleapis.com"",
        ""metadata"": {
          ""quota_limit_value"": ""100"",
          ""quota_location"": ""global"",
          ""quota_unit"": ""1/d/{project}"",
          ""quota_limit"": ""SearchTextRequestPerDayPerProject"",
          ""service"": ""places.googleapis.com"",
          ""consumer"": ""projects/37282676545"",
          ""quota_metric"": ""places.googleapis.com/SearchTextRequest""
        }
      },
      {
        ""@type"": ""type.googleapis.com/google.rpc.Help"",
        ""links"": [
          {
            ""description"": ""Request a higher quota limit."",
            ""url"": ""https://cloud.google.com/doc",False
d6df88bd-3851-4bfa-8035-ded28f9bf6f1,Ura Kidane Mehret Boat Pier,error,,,,,,,,,,"HTTP 429: {
  ""error"": {
    ""code"": 429,
    ""message"": ""Quota exceeded for quota metric 'SearchTextRequest' and limit 'SearchTextRequest per day' of service 'places.googleapis.com' for consumer 'project_number:37282676545'."",
    ""status"": ""RESOURCE_EXHAUSTED"",
    ""details"": [
      {
        ""@type"": ""type.googleapis.com/google.rpc.ErrorInfo"",
        ""reason"": ""RATE_LIMIT_EXCEEDED"",
        ""domain"": ""googleapis.com"",
        ""metadata"": {
          ""quota_limit_value"": ""100"",
          ""consumer"": ""projects/37282676545"",
          ""quota_metric"": ""places.googleapis.com/SearchTextRequest"",
          ""quota_unit"": ""1/d/{project}"",
          ""service"": ""places.googleapis.com"",
          ""quota_location"": ""global"",
          ""quota_limit"": ""SearchTextRequestPerDayPerProject""
        }
      },
      {
        ""@type"": ""type.googleapis.com/google.rpc.Help"",
        ""links"": [
          {
            ""description"": ""Request a higher quota limit."",
            ""url"": ""https://cloud.google.com/doc",False
d6f4b506-358c-4c07-8613-545df8856a24,Argobba Heritage Villages,error,,,,,,,,,,"HTTP 429: {
  ""error"": {
    ""code"": 429,
    ""message"": ""Quota exceeded for quota metric 'SearchTextRequest' and limit 'SearchTextRequest per day' of service 'places.googleapis.com' for consumer 'project_number:37282676545'."",
    ""status"": ""RESOURCE_EXHAUSTED"",
    ""details"": [
      {
        ""@type"": ""type.googleapis.com/google.rpc.ErrorInfo"",
        ""reason"": ""RATE_LIMIT_EXCEEDED"",
        ""domain"": ""googleapis.com"",
        ""metadata"": {
          ""quota_limit_value"": ""100"",
          ""quota_location"": ""global"",
          ""quota_unit"": ""1/d/{project}"",
          ""quota_limit"": ""SearchTextRequestPerDayPerProject"",
          ""service"": ""places.googleapis.com"",
          ""consumer"": ""projects/37282676545"",
          ""quota_metric"": ""places.googleapis.com/SearchTextRequest""
        }
      },
      {
        ""@type"": ""type.googleapis.com/google.rpc.Help"",
        ""links"": [
          {
            ""description"": ""Request a higher quota limit."",
            ""url"": ""https://cloud.google.com/doc",False
d9200ca5-7926-41cc-a947-69ca12c42f63,Hossaena Deaf Education & Training Center,error,,,,,,,,,,"HTTP 429: {
  ""error"": {
    ""code"": 429,
    ""message"": ""Quota exceeded for quota metric 'SearchTextRequest' and limit 'SearchTextRequest per day' of service 'places.googleapis.com' for consumer 'project_number:37282676545'."",
    ""status"": ""RESOURCE_EXHAUSTED"",
    ""details"": [
      {
        ""@type"": ""type.googleapis.com/google.rpc.ErrorInfo"",
        ""reason"": ""RATE_LIMIT_EXCEEDED"",
        ""domain"": ""googleapis.com"",
        ""metadata"": {
          ""quota_location"": ""global"",
          ""quota_limit_value"": ""100"",
          ""quota_limit"": ""SearchTextRequestPerDayPerProject"",
          ""quota_unit"": ""1/d/{project}"",
          ""consumer"": ""projects/37282676545"",
          ""quota_metric"": ""places.googleapis.com/SearchTextRequest"",
          ""service"": ""places.googleapis.com""
        }
      },
      {
        ""@type"": ""type.googleapis.com/google.rpc.Help"",
        ""links"": [
          {
            ""description"": ""Request a higher quota limit."",
            ""url"": ""https://cloud.google.com/doc",False
da090c95-b649-47c3-b1a3-ec24daee6852,Karo Village of Korcho,error,,,,,,,,,,"HTTP 429: {
  ""error"": {
    ""code"": 429,
    ""message"": ""Quota exceeded for quota metric 'SearchTextRequest' and limit 'SearchTextRequest per day' of service 'places.googleapis.com' for consumer 'project_number:37282676545'."",
    ""status"": ""RESOURCE_EXHAUSTED"",
    ""details"": [
      {
        ""@type"": ""type.googleapis.com/google.rpc.ErrorInfo"",
        ""reason"": ""RATE_LIMIT_EXCEEDED"",
        ""domain"": ""googleapis.com"",
        ""metadata"": {
          ""quota_location"": ""global"",
          ""quota_limit"": ""SearchTextRequestPerDayPerProject"",
          ""quota_limit_value"": ""100"",
          ""service"": ""places.googleapis.com"",
          ""quota_metric"": ""places.googleapis.com/SearchTextRequest"",
          ""consumer"": ""projects/37282676545"",
          ""quota_unit"": ""1/d/{project}""
        }
      },
      {
        ""@type"": ""type.googleapis.com/google.rpc.Help"",
        ""links"": [
          {
            ""description"": ""Request a higher quota limit."",
            ""url"": ""https://cloud.google.com/doc",False
da75ccf6-1c7c-4820-adcd-137529a8fcb1,Ankober Dungeon & Historical Exiles Site,error,,,,,,,,,,"HTTP 429: {
  ""error"": {
    ""code"": 429,
    ""message"": ""Quota exceeded for quota metric 'SearchTextRequest' and limit 'SearchTextRequest per day' of service 'places.googleapis.com' for consumer 'project_number:37282676545'."",
    ""status"": ""RESOURCE_EXHAUSTED"",
    ""details"": [
      {
        ""@type"": ""type.googleapis.com/google.rpc.ErrorInfo"",
        ""reason"": ""RATE_LIMIT_EXCEEDED"",
        ""domain"": ""googleapis.com"",
        ""metadata"": {
          ""quota_limit_value"": ""100"",
          ""quota_location"": ""global"",
          ""quota_unit"": ""1/d/{project}"",
          ""quota_limit"": ""SearchTextRequestPerDayPerProject"",
          ""service"": ""places.googleapis.com"",
          ""consumer"": ""projects/37282676545"",
          ""quota_metric"": ""places.googleapis.com/SearchTextRequest""
        }
      },
      {
        ""@type"": ""type.googleapis.com/google.rpc.Help"",
        ""links"": [
          {
            ""description"": ""Request a higher quota limit."",
            ""url"": ""https://cloud.google.com/doc",False
daa5fe9a-bba1-478f-ac29-4df3e649c514,Kunzila Lakefront Jetty,error,,,,,,,,,,"HTTP 429: {
  ""error"": {
    ""code"": 429,
    ""message"": ""Quota exceeded for quota metric 'SearchTextRequest' and limit 'SearchTextRequest per day' of service 'places.googleapis.com' for consumer 'project_number:37282676545'."",
    ""status"": ""RESOURCE_EXHAUSTED"",
    ""details"": [
      {
        ""@type"": ""type.googleapis.com/google.rpc.ErrorInfo"",
        ""reason"": ""RATE_LIMIT_EXCEEDED"",
        ""domain"": ""googleapis.com"",
        ""metadata"": {
          ""service"": ""places.googleapis.com"",
          ""quota_location"": ""global"",
          ""quota_limit_value"": ""100"",
          ""quota_metric"": ""places.googleapis.com/SearchTextRequest"",
          ""quota_unit"": ""1/d/{project}"",
          ""quota_limit"": ""SearchTextRequestPerDayPerProject"",
          ""consumer"": ""projects/37282676545""
        }
      },
      {
        ""@type"": ""type.googleapis.com/google.rpc.Help"",
        ""links"": [
          {
            ""description"": ""Request a higher quota limit."",
            ""url"": ""https://cloud.google.com/doc",False
dac81ac1-35fc-432e-9cd8-daf0752fcc5d,Gondar University Comprehensive Specialized Hospital,error,,,,,,,,,,"HTTP 429: {
  ""error"": {
    ""code"": 429,
    ""message"": ""Quota exceeded for quota metric 'SearchTextRequest' and limit 'SearchTextRequest per day' of service 'places.googleapis.com' for consumer 'project_number:37282676545'."",
    ""status"": ""RESOURCE_EXHAUSTED"",
    ""details"": [
      {
        ""@type"": ""type.googleapis.com/google.rpc.ErrorInfo"",
        ""reason"": ""RATE_LIMIT_EXCEEDED"",
        ""domain"": ""googleapis.com"",
        ""metadata"": {
          ""service"": ""places.googleapis.com"",
          ""quota_location"": ""global"",
          ""quota_limit_value"": ""100"",
          ""quota_metric"": ""places.googleapis.com/SearchTextRequest"",
          ""quota_unit"": ""1/d/{project}"",
          ""quota_limit"": ""SearchTextRequestPerDayPerProject"",
          ""consumer"": ""projects/37282676545""
        }
      },
      {
        ""@type"": ""type.googleapis.com/google.rpc.Help"",
        ""links"": [
          {
            ""description"": ""Request a higher quota limit."",
            ""url"": ""https://cloud.google.com/doc",False
db32061a-ab70-4f9b-ac1f-43199b1eec7f,Sof Omar Caves System,error,,,,,,,,,,"HTTP 429: {
  ""error"": {
    ""code"": 429,
    ""message"": ""Quota exceeded for quota metric 'SearchTextRequest' and limit 'SearchTextRequest per day' of service 'places.googleapis.com' for consumer 'project_number:37282676545'."",
    ""status"": ""RESOURCE_EXHAUSTED"",
    ""details"": [
      {
        ""@type"": ""type.googleapis.com/google.rpc.ErrorInfo"",
        ""reason"": ""RATE_LIMIT_EXCEEDED"",
        ""domain"": ""googleapis.com"",
        ""metadata"": {
          ""quota_metric"": ""places.googleapis.com/SearchTextRequest"",
          ""quota_location"": ""global"",
          ""quota_limit_value"": ""100"",
          ""service"": ""places.googleapis.com"",
          ""quota_limit"": ""SearchTextRequestPerDayPerProject"",
          ""consumer"": ""projects/37282676545"",
          ""quota_unit"": ""1/d/{project}""
        }
      },
      {
        ""@type"": ""type.googleapis.com/google.rpc.Help"",
        ""links"": [
          {
            ""description"": ""Request a higher quota limit."",
            ""url"": ""https://cloud.google.com/doc",False
db321a40-1895-499a-b7e3-0d36dcd6075f,Wolisso Urban Hub,error,,,,,,,,,,"HTTP 429: {
  ""error"": {
    ""code"": 429,
    ""message"": ""Quota exceeded for quota metric 'SearchTextRequest' and limit 'SearchTextRequest per day' of service 'places.googleapis.com' for consumer 'project_number:37282676545'."",
    ""status"": ""RESOURCE_EXHAUSTED"",
    ""details"": [
      {
        ""@type"": ""type.googleapis.com/google.rpc.ErrorInfo"",
        ""reason"": ""RATE_LIMIT_EXCEEDED"",
        ""domain"": ""googleapis.com"",
        ""metadata"": {
          ""quota_limit_value"": ""100"",
          ""quota_location"": ""global"",
          ""quota_unit"": ""1/d/{project}"",
          ""quota_limit"": ""SearchTextRequestPerDayPerProject"",
          ""service"": ""places.googleapis.com"",
          ""consumer"": ""projects/37282676545"",
          ""quota_metric"": ""places.googleapis.com/SearchTextRequest""
        }
      },
      {
        ""@type"": ""type.googleapis.com/google.rpc.Help"",
        ""links"": [
          {
            ""description"": ""Request a higher quota limit."",
            ""url"": ""https://cloud.google.com/doc",False
db593f69-6a53-49a8-b2ee-7ef49c5e7aa5,Sor Waterfall Caving & Trek,error,,,,,,,,,,"HTTP 429: {
  ""error"": {
    ""code"": 429,
    ""message"": ""Quota exceeded for quota metric 'SearchTextRequest' and limit 'SearchTextRequest per day' of service 'places.googleapis.com' for consumer 'project_number:37282676545'."",
    ""status"": ""RESOURCE_EXHAUSTED"",
    ""details"": [
      {
        ""@type"": ""type.googleapis.com/google.rpc.ErrorInfo"",
        ""reason"": ""RATE_LIMIT_EXCEEDED"",
        ""domain"": ""googleapis.com"",
        ""metadata"": {
          ""quota_limit"": ""SearchTextRequestPerDayPerProject"",
          ""service"": ""places.googleapis.com"",
          ""quota_metric"": ""places.googleapis.com/SearchTextRequest"",
          ""quota_location"": ""global"",
          ""quota_limit_value"": ""100"",
          ""consumer"": ""projects/37282676545"",
          ""quota_unit"": ""1/d/{project}""
        }
      },
      {
        ""@type"": ""type.googleapis.com/google.rpc.Help"",
        ""links"": [
          {
            ""description"": ""Request a higher quota limit."",
            ""url"": ""https://cloud.google.com/doc",False
db62f9e9-528d-4391-8bf2-1b6942014eda,Kahtasa Community Conservation Area,error,,,,,,,,,,"HTTP 429: {
  ""error"": {
    ""code"": 429,
    ""message"": ""Quota exceeded for quota metric 'SearchTextRequest' and limit 'SearchTextRequest per day' of service 'places.googleapis.com' for consumer 'project_number:37282676545'."",
    ""status"": ""RESOURCE_EXHAUSTED"",
    ""details"": [
      {
        ""@type"": ""type.googleapis.com/google.rpc.ErrorInfo"",
        ""reason"": ""RATE_LIMIT_EXCEEDED"",
        ""domain"": ""googleapis.com"",
        ""metadata"": {
          ""quota_metric"": ""places.googleapis.com/SearchTextRequest"",
          ""quota_location"": ""global"",
          ""quota_limit_value"": ""100"",
          ""service"": ""places.googleapis.com"",
          ""quota_limit"": ""SearchTextRequestPerDayPerProject"",
          ""consumer"": ""projects/37282676545"",
          ""quota_unit"": ""1/d/{project}""
        }
      },
      {
        ""@type"": ""type.googleapis.com/google.rpc.Help"",
        ""links"": [
          {
            ""description"": ""Request a higher quota limit."",
            ""url"": ""https://cloud.google.com/doc",False
dbf38013-7737-452c-b446-a1bafad5c7de,Ramada by Wyndham Executive Wing,error,,,,,,,,,,"HTTP 429: {
  ""error"": {
    ""code"": 429,
    ""message"": ""Quota exceeded for quota metric 'SearchTextRequest' and limit 'SearchTextRequest per day' of service 'places.googleapis.com' for consumer 'project_number:37282676545'."",
    ""status"": ""RESOURCE_EXHAUSTED"",
    ""details"": [
      {
        ""@type"": ""type.googleapis.com/google.rpc.ErrorInfo"",
        ""reason"": ""RATE_LIMIT_EXCEEDED"",
        ""domain"": ""googleapis.com"",
        ""metadata"": {
          ""service"": ""places.googleapis.com"",
          ""quota_location"": ""global"",
          ""quota_limit_value"": ""100"",
          ""quota_metric"": ""places.googleapis.com/SearchTextRequest"",
          ""quota_unit"": ""1/d/{project}"",
          ""quota_limit"": ""SearchTextRequestPerDayPerProject"",
          ""consumer"": ""projects/37282676545""
        }
      },
      {
        ""@type"": ""type.googleapis.com/google.rpc.Help"",
        ""links"": [
          {
            ""description"": ""Request a higher quota limit."",
            ""url"": ""https://cloud.google.com/doc",False
dc09a11b-a8d9-415f-8219-aeb1b62bb939,Bale Mountains (Ethiopian Wolf & Mountain Nyala),error,,,,,,,,,,"HTTP 429: {
  ""error"": {
    ""code"": 429,
    ""message"": ""Quota exceeded for quota metric 'SearchTextRequest' and limit 'SearchTextRequest per day' of service 'places.googleapis.com' for consumer 'project_number:37282676545'."",
    ""status"": ""RESOURCE_EXHAUSTED"",
    ""details"": [
      {
        ""@type"": ""type.googleapis.com/google.rpc.ErrorInfo"",
        ""reason"": ""RATE_LIMIT_EXCEEDED"",
        ""domain"": ""googleapis.com"",
        ""metadata"": {
          ""quota_location"": ""global"",
          ""consumer"": ""projects/37282676545"",
          ""quota_metric"": ""places.googleapis.com/SearchTextRequest"",
          ""service"": ""places.googleapis.com"",
          ""quota_limit_value"": ""100"",
          ""quota_unit"": ""1/d/{project}"",
          ""quota_limit"": ""SearchTextRequestPerDayPerProject""
        }
      },
      {
        ""@type"": ""type.googleapis.com/google.rpc.Help"",
        ""links"": [
          {
            ""description"": ""Request a higher quota limit."",
            ""url"": ""https://cloud.google.com/doc",False
dc5beebd-989a-421f-bc04-1acf95121a0b,Abijatta-Shalla Lakes Research Outpost,error,,,,,,,,,,"HTTP 429: {
  ""error"": {
    ""code"": 429,
    ""message"": ""Quota exceeded for quota metric 'SearchTextRequest' and limit 'SearchTextRequest per day' of service 'places.googleapis.com' for consumer 'project_number:37282676545'."",
    ""status"": ""RESOURCE_EXHAUSTED"",
    ""details"": [
      {
        ""@type"": ""type.googleapis.com/google.rpc.ErrorInfo"",
        ""reason"": ""RATE_LIMIT_EXCEEDED"",
        ""domain"": ""googleapis.com"",
        ""metadata"": {
          ""quota_location"": ""global"",
          ""consumer"": ""projects/37282676545"",
          ""quota_metric"": ""places.googleapis.com/SearchTextRequest"",
          ""service"": ""places.googleapis.com"",
          ""quota_limit_value"": ""100"",
          ""quota_unit"": ""1/d/{project}"",
          ""quota_limit"": ""SearchTextRequestPerDayPerProject""
        }
      },
      {
        ""@type"": ""type.googleapis.com/google.rpc.Help"",
        ""links"": [
          {
            ""description"": ""Request a higher quota limit."",
            ""url"": ""https://cloud.google.com/doc",False
dc6033f3-6e96-480e-bc1c-1a585c1faf16,Debre Zeit Agricultural Research Farm Outposts,error,,,,,,,,,,"HTTP 429: {
  ""error"": {
    ""code"": 429,
    ""message"": ""Quota exceeded for quota metric 'SearchTextRequest' and limit 'SearchTextRequest per day' of service 'places.googleapis.com' for consumer 'project_number:37282676545'."",
    ""status"": ""RESOURCE_EXHAUSTED"",
    ""details"": [
      {
        ""@type"": ""type.googleapis.com/google.rpc.ErrorInfo"",
        ""reason"": ""RATE_LIMIT_EXCEEDED"",
        ""domain"": ""googleapis.com"",
        ""metadata"": {
          ""quota_location"": ""global"",
          ""consumer"": ""projects/37282676545"",
          ""quota_metric"": ""places.googleapis.com/SearchTextRequest"",
          ""service"": ""places.googleapis.com"",
          ""quota_limit_value"": ""100"",
          ""quota_unit"": ""1/d/{project}"",
          ""quota_limit"": ""SearchTextRequestPerDayPerProject""
        }
      },
      {
        ""@type"": ""type.googleapis.com/google.rpc.Help"",
        ""links"": [
          {
            ""description"": ""Request a higher quota limit."",
            ""url"": ""https://cloud.google.com/doc",False
dc659384-abee-4587-a7cb-8c8905a2338e,Babile Elephant Sanctuary Patrol Support Camps,error,,,,,,,,,,"HTTP 429: {
  ""error"": {
    ""code"": 429,
    ""message"": ""Quota exceeded for quota metric 'SearchTextRequest' and limit 'SearchTextRequest per day' of service 'places.googleapis.com' for consumer 'project_number:37282676545'."",
    ""status"": ""RESOURCE_EXHAUSTED"",
    ""details"": [
      {
        ""@type"": ""type.googleapis.com/google.rpc.ErrorInfo"",
        ""reason"": ""RATE_LIMIT_EXCEEDED"",
        ""domain"": ""googleapis.com"",
        ""metadata"": {
          ""quota_location"": ""global"",
          ""consumer"": ""projects/37282676545"",
          ""quota_metric"": ""places.googleapis.com/SearchTextRequest"",
          ""service"": ""places.googleapis.com"",
          ""quota_limit_value"": ""100"",
          ""quota_unit"": ""1/d/{project}"",
          ""quota_limit"": ""SearchTextRequestPerDayPerProject""
        }
      },
      {
        ""@type"": ""type.googleapis.com/google.rpc.Help"",
        ""links"": [
          {
            ""description"": ""Request a higher quota limit."",
            ""url"": ""https://cloud.google.com/doc",False
dc6c13c6-9881-429d-9cce-bdbf3a3320b7,Debre Wegag Monastery,error,,,,,,,,,,"HTTP 429: {
  ""error"": {
    ""code"": 429,
    ""message"": ""Quota exceeded for quota metric 'SearchTextRequest' and limit 'SearchTextRequest per day' of service 'places.googleapis.com' for consumer 'project_number:37282676545'."",
    ""status"": ""RESOURCE_EXHAUSTED"",
    ""details"": [
      {
        ""@type"": ""type.googleapis.com/google.rpc.ErrorInfo"",
        ""reason"": ""RATE_LIMIT_EXCEEDED"",
        ""domain"": ""googleapis.com"",
        ""metadata"": {
          ""quota_location"": ""global"",
          ""quota_limit_value"": ""100"",
          ""service"": ""places.googleapis.com"",
          ""quota_unit"": ""1/d/{project}"",
          ""quota_metric"": ""places.googleapis.com/SearchTextRequest"",
          ""quota_limit"": ""SearchTextRequestPerDayPerProject"",
          ""consumer"": ""projects/37282676545""
        }
      },
      {
        ""@type"": ""type.googleapis.com/google.rpc.Help"",
        ""links"": [
          {
            ""description"": ""Request a higher quota limit."",
            ""url"": ""https://cloud.google.com/doc",False
de0111c1-703e-4a89-b998-99ca0df03a61,Ethnological Museum at Addis Ababa University,error,,,,,,,,,,"HTTP 429: {
  ""error"": {
    ""code"": 429,
    ""message"": ""Quota exceeded for quota metric 'SearchTextRequest' and limit 'SearchTextRequest per day' of service 'places.googleapis.com' for consumer 'project_number:37282676545'."",
    ""status"": ""RESOURCE_EXHAUSTED"",
    ""details"": [
      {
        ""@type"": ""type.googleapis.com/google.rpc.ErrorInfo"",
        ""reason"": ""RATE_LIMIT_EXCEEDED"",
        ""domain"": ""googleapis.com"",
        ""metadata"": {
          ""service"": ""places.googleapis.com"",
          ""quota_limit"": ""SearchTextRequestPerDayPerProject"",
          ""quota_limit_value"": ""100"",
          ""quota_metric"": ""places.googleapis.com/SearchTextRequest"",
          ""quota_unit"": ""1/d/{project}"",
          ""consumer"": ""projects/37282676545"",
          ""quota_location"": ""global""
        }
      },
      {
        ""@type"": ""type.googleapis.com/google.rpc.Help"",
        ""links"": [
          {
            ""description"": ""Request a higher quota limit."",
            ""url"": ""https://cloud.google.com/doc",False
de476c5c-1f7b-44e6-b522-a1b087934aab,Korcho Karo Village,error,,,,,,,,,,"HTTP 429: {
  ""error"": {
    ""code"": 429,
    ""message"": ""Quota exceeded for quota metric 'SearchTextRequest' and limit 'SearchTextRequest per day' of service 'places.googleapis.com' for consumer 'project_number:37282676545'."",
    ""status"": ""RESOURCE_EXHAUSTED"",
    ""details"": [
      {
        ""@type"": ""type.googleapis.com/google.rpc.ErrorInfo"",
        ""reason"": ""RATE_LIMIT_EXCEEDED"",
        ""domain"": ""googleapis.com"",
        ""metadata"": {
          ""consumer"": ""projects/37282676545"",
          ""quota_limit_value"": ""100"",
          ""quota_metric"": ""places.googleapis.com/SearchTextRequest"",
          ""quota_limit"": ""SearchTextRequestPerDayPerProject"",
          ""quota_unit"": ""1/d/{project}"",
          ""quota_location"": ""global"",
          ""service"": ""places.googleapis.com""
        }
      },
      {
        ""@type"": ""type.googleapis.com/google.rpc.Help"",
        ""links"": [
          {
            ""description"": ""Request a higher quota limit."",
            ""url"": ""https://cloud.google.com/doc",False
de804fb7-93e7-425c-9ea1-55219fe34242,Bodi & Suri Cattle Culture Settlements,error,,,,,,,,,,"HTTP 429: {
  ""error"": {
    ""code"": 429,
    ""message"": ""Quota exceeded for quota metric 'SearchTextRequest' and limit 'SearchTextRequest per day' of service 'places.googleapis.com' for consumer 'project_number:37282676545'."",
    ""status"": ""RESOURCE_EXHAUSTED"",
    ""details"": [
      {
        ""@type"": ""type.googleapis.com/google.rpc.ErrorInfo"",
        ""reason"": ""RATE_LIMIT_EXCEEDED"",
        ""domain"": ""googleapis.com"",
        ""metadata"": {
          ""service"": ""places.googleapis.com"",
          ""quota_limit"": ""SearchTextRequestPerDayPerProject"",
          ""quota_unit"": ""1/d/{project}"",
          ""quota_limit_value"": ""100"",
          ""quota_location"": ""global"",
          ""consumer"": ""projects/37282676545"",
          ""quota_metric"": ""places.googleapis.com/SearchTextRequest""
        }
      },
      {
        ""@type"": ""type.googleapis.com/google.rpc.Help"",
        ""links"": [
          {
            ""description"": ""Request a higher quota limit."",
            ""url"": ""https://cloud.google.com/doc",False
deaec14b-0031-4456-866d-2ac585815219,Elilly International Hotel VIP Wing,error,,,,,,,,,,"HTTP 429: {
  ""error"": {
    ""code"": 429,
    ""message"": ""Quota exceeded for quota metric 'SearchTextRequest' and limit 'SearchTextRequest per day' of service 'places.googleapis.com' for consumer 'project_number:37282676545'."",
    ""status"": ""RESOURCE_EXHAUSTED"",
    ""details"": [
      {
        ""@type"": ""type.googleapis.com/google.rpc.ErrorInfo"",
        ""reason"": ""RATE_LIMIT_EXCEEDED"",
        ""domain"": ""googleapis.com"",
        ""metadata"": {
          ""service"": ""places.googleapis.com"",
          ""quota_metric"": ""places.googleapis.com/SearchTextRequest"",
          ""quota_limit"": ""SearchTextRequestPerDayPerProject"",
          ""quota_location"": ""global"",
          ""quota_limit_value"": ""100"",
          ""quota_unit"": ""1/d/{project}"",
          ""consumer"": ""projects/37282676545""
        }
      },
      {
        ""@type"": ""type.googleapis.com/google.rpc.Help"",
        ""links"": [
          {
            ""description"": ""Request a higher quota limit."",
            ""url"": ""https://cloud.google.com/doc",False
deb3bf1c-c2a1-4b71-a02c-fd7d9e92e1c2,Illubabor Rainforest Edge Villages,error,,,,,,,,,,"HTTP 429: {
  ""error"": {
    ""code"": 429,
    ""message"": ""Quota exceeded for quota metric 'SearchTextRequest' and limit 'SearchTextRequest per day' of service 'places.googleapis.com' for consumer 'project_number:37282676545'."",
    ""status"": ""RESOURCE_EXHAUSTED"",
    ""details"": [
      {
        ""@type"": ""type.googleapis.com/google.rpc.ErrorInfo"",
        ""reason"": ""RATE_LIMIT_EXCEEDED"",
        ""domain"": ""googleapis.com"",
        ""metadata"": {
          ""consumer"": ""projects/37282676545"",
          ""quota_limit_value"": ""100"",
          ""quota_metric"": ""places.googleapis.com/SearchTextRequest"",
          ""quota_limit"": ""SearchTextRequestPerDayPerProject"",
          ""quota_unit"": ""1/d/{project}"",
          ""quota_location"": ""global"",
          ""service"": ""places.googleapis.com""
        }
      },
      {
        ""@type"": ""type.googleapis.com/google.rpc.Help"",
        ""links"": [
          {
            ""description"": ""Request a higher quota limit."",
            ""url"": ""https://cloud.google.com/doc",False
df9ba565-7a8a-434a-a692-a89f70761e4b,Wenchi Crater Mountain Biking Trails,error,,,,,,,,,,"HTTP 429: {
  ""error"": {
    ""code"": 429,
    ""message"": ""Quota exceeded for quota metric 'SearchTextRequest' and limit 'SearchTextRequest per day' of service 'places.googleapis.com' for consumer 'project_number:37282676545'."",
    ""status"": ""RESOURCE_EXHAUSTED"",
    ""details"": [
      {
        ""@type"": ""type.googleapis.com/google.rpc.ErrorInfo"",
        ""reason"": ""RATE_LIMIT_EXCEEDED"",
        ""domain"": ""googleapis.com"",
        ""metadata"": {
          ""consumer"": ""projects/37282676545"",
          ""quota_location"": ""global"",
          ""quota_unit"": ""1/d/{project}"",
          ""quota_metric"": ""places.googleapis.com/SearchTextRequest"",
          ""quota_limit"": ""SearchTextRequestPerDayPerProject"",
          ""service"": ""places.googleapis.com"",
          ""quota_limit_value"": ""100""
        }
      },
      {
        ""@type"": ""type.googleapis.com/google.rpc.Help"",
        ""links"": [
          {
            ""description"": ""Request a higher quota limit."",
            ""url"": ""https://cloud.google.com/doc",False
df9dca52-8ed4-4611-b7ef-04776d976b17,Sankaber Campsite,error,,,,,,,,,,"HTTP 429: {
  ""error"": {
    ""code"": 429,
    ""message"": ""Quota exceeded for quota metric 'SearchTextRequest' and limit 'SearchTextRequest per day' of service 'places.googleapis.com' for consumer 'project_number:37282676545'."",
    ""status"": ""RESOURCE_EXHAUSTED"",
    ""details"": [
      {
        ""@type"": ""type.googleapis.com/google.rpc.ErrorInfo"",
        ""reason"": ""RATE_LIMIT_EXCEEDED"",
        ""domain"": ""googleapis.com"",
        ""metadata"": {
          ""quota_limit"": ""SearchTextRequestPerDayPerProject"",
          ""consumer"": ""projects/37282676545"",
          ""quota_limit_value"": ""100"",
          ""quota_metric"": ""places.googleapis.com/SearchTextRequest"",
          ""service"": ""places.googleapis.com"",
          ""quota_location"": ""global"",
          ""quota_unit"": ""1/d/{project}""
        }
      },
      {
        ""@type"": ""type.googleapis.com/google.rpc.Help"",
        ""links"": [
          {
            ""description"": ""Request a higher quota limit."",
            ""url"": ""https://cloud.google.com/doc",False
dfe26783-ecf8-4932-9e7e-be9054d0e8d3,Chichinia / Bole Road Shopping District,error,,,,,,,,,,"HTTP 429: {
  ""error"": {
    ""code"": 429,
    ""message"": ""Quota exceeded for quota metric 'SearchTextRequest' and limit 'SearchTextRequest per day' of service 'places.googleapis.com' for consumer 'project_number:37282676545'."",
    ""status"": ""RESOURCE_EXHAUSTED"",
    ""details"": [
      {
        ""@type"": ""type.googleapis.com/google.rpc.ErrorInfo"",
        ""reason"": ""RATE_LIMIT_EXCEEDED"",
        ""domain"": ""googleapis.com"",
        ""metadata"": {
          ""consumer"": ""projects/37282676545"",
          ""quota_location"": ""global"",
          ""quota_unit"": ""1/d/{project}"",
          ""quota_metric"": ""places.googleapis.com/SearchTextRequest"",
          ""quota_limit"": ""SearchTextRequestPerDayPerProject"",
          ""service"": ""places.googleapis.com"",
          ""quota_limit_value"": ""100""
        }
      },
      {
        ""@type"": ""type.googleapis.com/google.rpc.Help"",
        ""links"": [
          {
            ""description"": ""Request a higher quota limit."",
            ""url"": ""https://cloud.google.com/doc",False
e08c1b7d-f15f-4226-9a5f-3693faa2eb30,Turmi Public Town Center,error,,,,,,,,,,"HTTP 429: {
  ""error"": {
    ""code"": 429,
    ""message"": ""Quota exceeded for quota metric 'SearchTextRequest' and limit 'SearchTextRequest per day' of service 'places.googleapis.com' for consumer 'project_number:37282676545'."",
    ""status"": ""RESOURCE_EXHAUSTED"",
    ""details"": [
      {
        ""@type"": ""type.googleapis.com/google.rpc.ErrorInfo"",
        ""reason"": ""RATE_LIMIT_EXCEEDED"",
        ""domain"": ""googleapis.com"",
        ""metadata"": {
          ""service"": ""places.googleapis.com"",
          ""quota_limit"": ""SearchTextRequestPerDayPerProject"",
          ""quota_unit"": ""1/d/{project}"",
          ""quota_limit_value"": ""100"",
          ""quota_location"": ""global"",
          ""consumer"": ""projects/37282676545"",
          ""quota_metric"": ""places.googleapis.com/SearchTextRequest""
        }
      },
      {
        ""@type"": ""type.googleapis.com/google.rpc.Help"",
        ""links"": [
          {
            ""description"": ""Request a higher quota limit."",
            ""url"": ""https://cloud.google.com/doc",False
e0ee99c1-c9fb-4dfd-b2cd-11b6d59fa054,Mount Gurage Alpine Peak Stargazing Site,error,,,,,,,,,,"HTTP 429: {
  ""error"": {
    ""code"": 429,
    ""message"": ""Quota exceeded for quota metric 'SearchTextRequest' and limit 'SearchTextRequest per day' of service 'places.googleapis.com' for consumer 'project_number:37282676545'."",
    ""status"": ""RESOURCE_EXHAUSTED"",
    ""details"": [
      {
        ""@type"": ""type.googleapis.com/google.rpc.ErrorInfo"",
        ""reason"": ""RATE_LIMIT_EXCEEDED"",
        ""domain"": ""googleapis.com"",
        ""metadata"": {
          ""consumer"": ""projects/37282676545"",
          ""quota_location"": ""global"",
          ""quota_unit"": ""1/d/{project}"",
          ""quota_metric"": ""places.googleapis.com/SearchTextRequest"",
          ""quota_limit"": ""SearchTextRequestPerDayPerProject"",
          ""service"": ""places.googleapis.com"",
          ""quota_limit_value"": ""100""
        }
      },
      {
        ""@type"": ""type.googleapis.com/google.rpc.Help"",
        ""links"": [
          {
            ""description"": ""Request a higher quota limit."",
            ""url"": ""https://cloud.google.com/doc",False
e0eff33d-15e7-414f-b4b1-b789a8c93d34,Nakuto Laab Cave Church,error,,,,,,,,,,"HTTP 429: {
  ""error"": {
    ""code"": 429,
    ""message"": ""Quota exceeded for quota metric 'SearchTextRequest' and limit 'SearchTextRequest per day' of service 'places.googleapis.com' for consumer 'project_number:37282676545'."",
    ""status"": ""RESOURCE_EXHAUSTED"",
    ""details"": [
      {
        ""@type"": ""type.googleapis.com/google.rpc.ErrorInfo"",
        ""reason"": ""RATE_LIMIT_EXCEEDED"",
        ""domain"": ""googleapis.com"",
        ""metadata"": {
          ""quota_limit"": ""SearchTextRequestPerDayPerProject"",
          ""consumer"": ""projects/37282676545"",
          ""quota_limit_value"": ""100"",
          ""quota_metric"": ""places.googleapis.com/SearchTextRequest"",
          ""service"": ""places.googleapis.com"",
          ""quota_location"": ""global"",
          ""quota_unit"": ""1/d/{project}""
        }
      },
      {
        ""@type"": ""type.googleapis.com/google.rpc.Help"",
        ""links"": [
          {
            ""description"": ""Request a higher quota limit."",
            ""url"": ""https://cloud.google.com/doc",False
e1382cdc-e501-45f4-9f90-7d38c112fe15,Grand Resort & Spa Wellness Wing,error,,,,,,,,,,"HTTP 429: {
  ""error"": {
    ""code"": 429,
    ""message"": ""Quota exceeded for quota metric 'SearchTextRequest' and limit 'SearchTextRequest per day' of service 'places.googleapis.com' for consumer 'project_number:37282676545'."",
    ""status"": ""RESOURCE_EXHAUSTED"",
    ""details"": [
      {
        ""@type"": ""type.googleapis.com/google.rpc.ErrorInfo"",
        ""reason"": ""RATE_LIMIT_EXCEEDED"",
        ""domain"": ""googleapis.com"",
        ""metadata"": {
          ""quota_unit"": ""1/d/{project}"",
          ""service"": ""places.googleapis.com"",
          ""quota_limit_value"": ""100"",
          ""quota_metric"": ""places.googleapis.com/SearchTextRequest"",
          ""quota_limit"": ""SearchTextRequestPerDayPerProject"",
          ""consumer"": ""projects/37282676545"",
          ""quota_location"": ""global""
        }
      },
      {
        ""@type"": ""type.googleapis.com/google.rpc.Help"",
        ""links"": [
          {
            ""description"": ""Request a higher quota limit."",
            ""url"": ""https://cloud.google.com/doc",False
e146f45b-dfc7-462c-975a-7e0ac0d35fb8,Filwoha Thermal Baths & Hydrotherapy Center,error,,,,,,,,,,"HTTP 429: {
  ""error"": {
    ""code"": 429,
    ""message"": ""Quota exceeded for quota metric 'SearchTextRequest' and limit 'SearchTextRequest per day' of service 'places.googleapis.com' for consumer 'project_number:37282676545'."",
    ""status"": ""RESOURCE_EXHAUSTED"",
    ""details"": [
      {
        ""@type"": ""type.googleapis.com/google.rpc.ErrorInfo"",
        ""reason"": ""RATE_LIMIT_EXCEEDED"",
        ""domain"": ""googleapis.com"",
        ""metadata"": {
          ""consumer"": ""projects/37282676545"",
          ""quota_location"": ""global"",
          ""quota_unit"": ""1/d/{project}"",
          ""quota_metric"": ""places.googleapis.com/SearchTextRequest"",
          ""quota_limit"": ""SearchTextRequestPerDayPerProject"",
          ""service"": ""places.googleapis.com"",
          ""quota_limit_value"": ""100""
        }
      },
      {
        ""@type"": ""type.googleapis.com/google.rpc.Help"",
        ""links"": [
          {
            ""description"": ""Request a higher quota limit."",
            ""url"": ""https://cloud.google.com/doc",False
e161228f-f8bb-4d3c-b956-302608ba79ac,Yemrehanna Kristos Built Cave Church Interior,error,,,,,,,,,,"HTTP 429: {
  ""error"": {
    ""code"": 429,
    ""message"": ""Quota exceeded for quota metric 'SearchTextRequest' and limit 'SearchTextRequest per day' of service 'places.googleapis.com' for consumer 'project_number:37282676545'."",
    ""status"": ""RESOURCE_EXHAUSTED"",
    ""details"": [
      {
        ""@type"": ""type.googleapis.com/google.rpc.ErrorInfo"",
        ""reason"": ""RATE_LIMIT_EXCEEDED"",
        ""domain"": ""googleapis.com"",
        ""metadata"": {
          ""quota_unit"": ""1/d/{project}"",
          ""service"": ""places.googleapis.com"",
          ""quota_limit_value"": ""100"",
          ""quota_metric"": ""places.googleapis.com/SearchTextRequest"",
          ""quota_limit"": ""SearchTextRequestPerDayPerProject"",
          ""consumer"": ""projects/37282676545"",
          ""quota_location"": ""global""
        }
      },
      {
        ""@type"": ""type.googleapis.com/google.rpc.Help"",
        ""links"": [
          {
            ""description"": ""Request a higher quota limit."",
            ""url"": ""https://cloud.google.com/doc",False
e2094401-518e-4d27-9264-269f57b3ced2,Blue Nile Falls Village Hike,error,,,,,,,,,,"HTTP 429: {
  ""error"": {
    ""code"": 429,
    ""message"": ""Quota exceeded for quota metric 'SearchTextRequest' and limit 'SearchTextRequest per day' of service 'places.googleapis.com' for consumer 'project_number:37282676545'."",
    ""status"": ""RESOURCE_EXHAUSTED"",
    ""details"": [
      {
        ""@type"": ""type.googleapis.com/google.rpc.ErrorInfo"",
        ""reason"": ""RATE_LIMIT_EXCEEDED"",
        ""domain"": ""googleapis.com"",
        ""metadata"": {
          ""quota_limit"": ""SearchTextRequestPerDayPerProject"",
          ""service"": ""places.googleapis.com"",
          ""quota_metric"": ""places.googleapis.com/SearchTextRequest"",
          ""quota_location"": ""global"",
          ""quota_limit_value"": ""100"",
          ""consumer"": ""projects/37282676545"",
          ""quota_unit"": ""1/d/{project}""
        }
      },
      {
        ""@type"": ""type.googleapis.com/google.rpc.Help"",
        ""links"": [
          {
            ""description"": ""Request a higher quota limit."",
            ""url"": ""https://cloud.google.com/doc",False
e29e1457-4de8-430d-af73-bfa7b7e3c8fc,Debre Birhan Selassie Church,error,,,,,,,,,,"HTTP 429: {
  ""error"": {
    ""code"": 429,
    ""message"": ""Quota exceeded for quota metric 'SearchTextRequest' and limit 'SearchTextRequest per day' of service 'places.googleapis.com' for consumer 'project_number:37282676545'."",
    ""status"": ""RESOURCE_EXHAUSTED"",
    ""details"": [
      {
        ""@type"": ""type.googleapis.com/google.rpc.ErrorInfo"",
        ""reason"": ""RATE_LIMIT_EXCEEDED"",
        ""domain"": ""googleapis.com"",
        ""metadata"": {
          ""quota_limit"": ""SearchTextRequestPerDayPerProject"",
          ""service"": ""places.googleapis.com"",
          ""quota_metric"": ""places.googleapis.com/SearchTextRequest"",
          ""quota_location"": ""global"",
          ""quota_limit_value"": ""100"",
          ""consumer"": ""projects/37282676545"",
          ""quota_unit"": ""1/d/{project}""
        }
      },
      {
        ""@type"": ""type.googleapis.com/google.rpc.Help"",
        ""links"": [
          {
            ""description"": ""Request a higher quota limit."",
            ""url"": ""https://cloud.google.com/doc",False
e2bc4b10-628f-47d2-958e-b668cc85549e,Sora Lodge Backpackers Camp,error,,,,,,,,,,"HTTP 429: {
  ""error"": {
    ""code"": 429,
    ""message"": ""Quota exceeded for quota metric 'SearchTextRequest' and limit 'SearchTextRequest per day' of service 'places.googleapis.com' for consumer 'project_number:37282676545'."",
    ""status"": ""RESOURCE_EXHAUSTED"",
    ""details"": [
      {
        ""@type"": ""type.googleapis.com/google.rpc.ErrorInfo"",
        ""reason"": ""RATE_LIMIT_EXCEEDED"",
        ""domain"": ""googleapis.com"",
        ""metadata"": {
          ""quota_unit"": ""1/d/{project}"",
          ""service"": ""places.googleapis.com"",
          ""quota_limit"": ""SearchTextRequestPerDayPerProject"",
          ""quota_location"": ""global"",
          ""quota_metric"": ""places.googleapis.com/SearchTextRequest"",
          ""quota_limit_value"": ""100"",
          ""consumer"": ""projects/37282676545""
        }
      },
      {
        ""@type"": ""type.googleapis.com/google.rpc.Help"",
        ""links"": [
          {
            ""description"": ""Request a higher quota limit."",
            ""url"": ""https://cloud.google.com/doc",False
e2d4af36-94e9-4b2b-aaa3-79acec03717a,Gondar Fasilides Dungeon & Prison Ruins,error,,,,,,,,,,"HTTP 429: {
  ""error"": {
    ""code"": 429,
    ""message"": ""Quota exceeded for quota metric 'SearchTextRequest' and limit 'SearchTextRequest per day' of service 'places.googleapis.com' for consumer 'project_number:37282676545'."",
    ""status"": ""RESOURCE_EXHAUSTED"",
    ""details"": [
      {
        ""@type"": ""type.googleapis.com/google.rpc.ErrorInfo"",
        ""reason"": ""RATE_LIMIT_EXCEEDED"",
        ""domain"": ""googleapis.com"",
        ""metadata"": {
          ""quota_unit"": ""1/d/{project}"",
          ""service"": ""places.googleapis.com"",
          ""quota_limit_value"": ""100"",
          ""quota_metric"": ""places.googleapis.com/SearchTextRequest"",
          ""quota_limit"": ""SearchTextRequestPerDayPerProject"",
          ""consumer"": ""projects/37282676545"",
          ""quota_location"": ""global""
        }
      },
      {
        ""@type"": ""type.googleapis.com/google.rpc.Help"",
        ""links"": [
          {
            ""description"": ""Request a higher quota limit."",
            ""url"": ""https://cloud.google.com/doc",False
e2ee61b6-a524-49b4-86d6-bc8e3c455418,Wolisso Ambo Mineral Thermal Baths,error,,,,,,,,,,"HTTP 429: {
  ""error"": {
    ""code"": 429,
    ""message"": ""Quota exceeded for quota metric 'SearchTextRequest' and limit 'SearchTextRequest per day' of service 'places.googleapis.com' for consumer 'project_number:37282676545'."",
    ""status"": ""RESOURCE_EXHAUSTED"",
    ""details"": [
      {
        ""@type"": ""type.googleapis.com/google.rpc.ErrorInfo"",
        ""reason"": ""RATE_LIMIT_EXCEEDED"",
        ""domain"": ""googleapis.com"",
        ""metadata"": {
          ""quota_limit"": ""SearchTextRequestPerDayPerProject"",
          ""quota_metric"": ""places.googleapis.com/SearchTextRequest"",
          ""quota_unit"": ""1/d/{project}"",
          ""quota_location"": ""global"",
          ""service"": ""places.googleapis.com"",
          ""consumer"": ""projects/37282676545"",
          ""quota_limit_value"": ""100""
        }
      },
      {
        ""@type"": ""type.googleapis.com/google.rpc.Help"",
        ""links"": [
          {
            ""description"": ""Request a higher quota limit."",
            ""url"": ""https://cloud.google.com/doc",False
e36ccfb2-d9d8-4896-9acc-b67043d86c1c,Metahara Historical Rail Disaster Site,error,,,,,,,,,,"HTTP 429: {
  ""error"": {
    ""code"": 429,
    ""message"": ""Quota exceeded for quota metric 'SearchTextRequest' and limit 'SearchTextRequest per day' of service 'places.googleapis.com' for consumer 'project_number:37282676545'."",
    ""status"": ""RESOURCE_EXHAUSTED"",
    ""details"": [
      {
        ""@type"": ""type.googleapis.com/google.rpc.ErrorInfo"",
        ""reason"": ""RATE_LIMIT_EXCEEDED"",
        ""domain"": ""googleapis.com"",
        ""metadata"": {
          ""service"": ""places.googleapis.com"",
          ""quota_metric"": ""places.googleapis.com/SearchTextRequest"",
          ""quota_limit"": ""SearchTextRequestPerDayPerProject"",
          ""quota_unit"": ""1/d/{project}"",
          ""quota_location"": ""global"",
          ""quota_limit_value"": ""100"",
          ""consumer"": ""projects/37282676545""
        }
      },
      {
        ""@type"": ""type.googleapis.com/google.rpc.Help"",
        ""links"": [
          {
            ""description"": ""Request a higher quota limit."",
            ""url"": ""https://cloud.google.com/doc",False
e425980a-bc0c-48c0-88a0-42c35caf9007,Turmi Hamer Community Water & School Outposts,error,,,,,,,,,,"HTTP 429: {
  ""error"": {
    ""code"": 429,
    ""message"": ""Quota exceeded for quota metric 'SearchTextRequest' and limit 'SearchTextRequest per day' of service 'places.googleapis.com' for consumer 'project_number:37282676545'."",
    ""status"": ""RESOURCE_EXHAUSTED"",
    ""details"": [
      {
        ""@type"": ""type.googleapis.com/google.rpc.ErrorInfo"",
        ""reason"": ""RATE_LIMIT_EXCEEDED"",
        ""domain"": ""googleapis.com"",
        ""metadata"": {
          ""quota_location"": ""global"",
          ""quota_limit_value"": ""100"",
          ""quota_unit"": ""1/d/{project}"",
          ""service"": ""places.googleapis.com"",
          ""consumer"": ""projects/37282676545"",
          ""quota_metric"": ""places.googleapis.com/SearchTextRequest"",
          ""quota_limit"": ""SearchTextRequestPerDayPerProject""
        }
      },
      {
        ""@type"": ""type.googleapis.com/google.rpc.Help"",
        ""links"": [
          {
            ""description"": ""Request a higher quota limit."",
            ""url"": ""https://cloud.google.com/doc",False
e5290277-feee-4b18-a0fb-09251f03e4cc,Debre Markos Tej Houses Circuit,error,,,,,,,,,,"HTTP 429: {
  ""error"": {
    ""code"": 429,
    ""message"": ""Quota exceeded for quota metric 'SearchTextRequest' and limit 'SearchTextRequest per day' of service 'places.googleapis.com' for consumer 'project_number:37282676545'."",
    ""status"": ""RESOURCE_EXHAUSTED"",
    ""details"": [
      {
        ""@type"": ""type.googleapis.com/google.rpc.ErrorInfo"",
        ""reason"": ""RATE_LIMIT_EXCEEDED"",
        ""domain"": ""googleapis.com"",
        ""metadata"": {
          ""consumer"": ""projects/37282676545"",
          ""quota_metric"": ""places.googleapis.com/SearchTextRequest"",
          ""service"": ""places.googleapis.com"",
          ""quota_unit"": ""1/d/{project}"",
          ""quota_limit_value"": ""100"",
          ""quota_location"": ""global"",
          ""quota_limit"": ""SearchTextRequestPerDayPerProject""
        }
      },
      {
        ""@type"": ""type.googleapis.com/google.rpc.Help"",
        ""links"": [
          {
            ""description"": ""Request a higher quota limit."",
            ""url"": ""https://cloud.google.com/doc",False
e52c385f-efbd-441b-a870-46d78f57672d,Bati Cultural Camel & Livestock Market,error,,,,,,,,,,"HTTP 429: {
  ""error"": {
    ""code"": 429,
    ""message"": ""Quota exceeded for quota metric 'SearchTextRequest' and limit 'SearchTextRequest per day' of service 'places.googleapis.com' for consumer 'project_number:37282676545'."",
    ""status"": ""RESOURCE_EXHAUSTED"",
    ""details"": [
      {
        ""@type"": ""type.googleapis.com/google.rpc.ErrorInfo"",
        ""reason"": ""RATE_LIMIT_EXCEEDED"",
        ""domain"": ""googleapis.com"",
        ""metadata"": {
          ""quota_unit"": ""1/d/{project}"",
          ""quota_metric"": ""places.googleapis.com/SearchTextRequest"",
          ""quota_limit"": ""SearchTextRequestPerDayPerProject"",
          ""consumer"": ""projects/37282676545"",
          ""quota_location"": ""global"",
          ""service"": ""places.googleapis.com"",
          ""quota_limit_value"": ""100""
        }
      },
      {
        ""@type"": ""type.googleapis.com/google.rpc.Help"",
        ""links"": [
          {
            ""description"": ""Request a higher quota limit."",
            ""url"": ""https://cloud.google.com/doc",False
e5a45217-8193-4c21-bbd7-7966c36992a5,Dire Dawa Railway Historic Museum,error,,,,,,,,,,"HTTP 429: {
  ""error"": {
    ""code"": 429,
    ""message"": ""Quota exceeded for quota metric 'SearchTextRequest' and limit 'SearchTextRequest per day' of service 'places.googleapis.com' for consumer 'project_number:37282676545'."",
    ""status"": ""RESOURCE_EXHAUSTED"",
    ""details"": [
      {
        ""@type"": ""type.googleapis.com/google.rpc.ErrorInfo"",
        ""reason"": ""RATE_LIMIT_EXCEEDED"",
        ""domain"": ""googleapis.com"",
        ""metadata"": {
          ""quota_location"": ""global"",
          ""quota_limit_value"": ""100"",
          ""quota_unit"": ""1/d/{project}"",
          ""service"": ""places.googleapis.com"",
          ""consumer"": ""projects/37282676545"",
          ""quota_metric"": ""places.googleapis.com/SearchTextRequest"",
          ""quota_limit"": ""SearchTextRequestPerDayPerProject""
        }
      },
      {
        ""@type"": ""type.googleapis.com/google.rpc.Help"",
        ""links"": [
          {
            ""description"": ""Request a higher quota limit."",
            ""url"": ""https://cloud.google.com/doc",False
e5b41c71-30d9-454f-b3fe-e78c346bb04e,Arba Minch Paradise Lodge Lakeside Dock,error,,,,,,,,,,"HTTP 429: {
  ""error"": {
    ""code"": 429,
    ""message"": ""Quota exceeded for quota metric 'SearchTextRequest' and limit 'SearchTextRequest per day' of service 'places.googleapis.com' for consumer 'project_number:37282676545'."",
    ""status"": ""RESOURCE_EXHAUSTED"",
    ""details"": [
      {
        ""@type"": ""type.googleapis.com/google.rpc.ErrorInfo"",
        ""reason"": ""RATE_LIMIT_EXCEEDED"",
        ""domain"": ""googleapis.com"",
        ""metadata"": {
          ""service"": ""places.googleapis.com"",
          ""quota_metric"": ""places.googleapis.com/SearchTextRequest"",
          ""quota_limit"": ""SearchTextRequestPerDayPerProject"",
          ""quota_unit"": ""1/d/{project}"",
          ""quota_location"": ""global"",
          ""quota_limit_value"": ""100"",
          ""consumer"": ""projects/37282676545""
        }
      },
      {
        ""@type"": ""type.googleapis.com/google.rpc.Help"",
        ""links"": [
          {
            ""description"": ""Request a higher quota limit."",
            ""url"": ""https://cloud.google.com/doc",False
e5c19409-7709-446d-8fc4-6cc5d63148f2,Debre Birhan High-Altitude Athletic Trail Network,error,,,,,,,,,,"HTTP 429: {
  ""error"": {
    ""code"": 429,
    ""message"": ""Quota exceeded for quota metric 'SearchTextRequest' and limit 'SearchTextRequest per day' of service 'places.googleapis.com' for consumer 'project_number:37282676545'."",
    ""status"": ""RESOURCE_EXHAUSTED"",
    ""details"": [
      {
        ""@type"": ""type.googleapis.com/google.rpc.ErrorInfo"",
        ""reason"": ""RATE_LIMIT_EXCEEDED"",
        ""domain"": ""googleapis.com"",
        ""metadata"": {
          ""quota_unit"": ""1/d/{project}"",
          ""quota_metric"": ""places.googleapis.com/SearchTextRequest"",
          ""quota_limit"": ""SearchTextRequestPerDayPerProject"",
          ""consumer"": ""projects/37282676545"",
          ""quota_location"": ""global"",
          ""service"": ""places.googleapis.com"",
          ""quota_limit_value"": ""100""
        }
      },
      {
        ""@type"": ""type.googleapis.com/google.rpc.Help"",
        ""links"": [
          {
            ""description"": ""Request a higher quota limit."",
            ""url"": ""https://cloud.google.com/doc",False
e65e7f57-6eef-478b-8498-2f914684b727,Bishoftu Lake Hora Public Park,error,,,,,,,,,,"HTTP 429: {
  ""error"": {
    ""code"": 429,
    ""message"": ""Quota exceeded for quota metric 'SearchTextRequest' and limit 'SearchTextRequest per day' of service 'places.googleapis.com' for consumer 'project_number:37282676545'."",
    ""status"": ""RESOURCE_EXHAUSTED"",
    ""details"": [
      {
        ""@type"": ""type.googleapis.com/google.rpc.ErrorInfo"",
        ""reason"": ""RATE_LIMIT_EXCEEDED"",
        ""domain"": ""googleapis.com"",
        ""metadata"": {
          ""quota_unit"": ""1/d/{project}"",
          ""quota_location"": ""global"",
          ""quota_limit"": ""SearchTextRequestPerDayPerProject"",
          ""quota_limit_value"": ""100"",
          ""service"": ""places.googleapis.com"",
          ""quota_metric"": ""places.googleapis.com/SearchTextRequest"",
          ""consumer"": ""projects/37282676545""
        }
      },
      {
        ""@type"": ""type.googleapis.com/google.rpc.Help"",
        ""links"": [
          {
            ""description"": ""Request a higher quota limit."",
            ""url"": ""https://cloud.google.com/doc",False
e65fb972-3b2e-4f44-b378-2d948e987d65,Bati Camel & Livestock Market,error,,,,,,,,,,"HTTP 429: {
  ""error"": {
    ""code"": 429,
    ""message"": ""Quota exceeded for quota metric 'SearchTextRequest' and limit 'SearchTextRequest per day' of service 'places.googleapis.com' for consumer 'project_number:37282676545'."",
    ""status"": ""RESOURCE_EXHAUSTED"",
    ""details"": [
      {
        ""@type"": ""type.googleapis.com/google.rpc.ErrorInfo"",
        ""reason"": ""RATE_LIMIT_EXCEEDED"",
        ""domain"": ""googleapis.com"",
        ""metadata"": {
          ""quota_unit"": ""1/d/{project}"",
          ""quota_location"": ""global"",
          ""quota_limit"": ""SearchTextRequestPerDayPerProject"",
          ""quota_limit_value"": ""100"",
          ""service"": ""places.googleapis.com"",
          ""quota_metric"": ""places.googleapis.com/SearchTextRequest"",
          ""consumer"": ""projects/37282676545""
        }
      },
      {
        ""@type"": ""type.googleapis.com/google.rpc.Help"",
        ""links"": [
          {
            ""description"": ""Request a higher quota limit."",
            ""url"": ""https://cloud.google.com/doc",False
e66176f0-f729-448a-aca2-77fd4ae714c5,Gatira Natural Hot Spring Pools,error,,,,,,,,,,"HTTP 429: {
  ""error"": {
    ""code"": 429,
    ""message"": ""Quota exceeded for quota metric 'SearchTextRequest' and limit 'SearchTextRequest per day' of service 'places.googleapis.com' for consumer 'project_number:37282676545'."",
    ""status"": ""RESOURCE_EXHAUSTED"",
    ""details"": [
      {
        ""@type"": ""type.googleapis.com/google.rpc.ErrorInfo"",
        ""reason"": ""RATE_LIMIT_EXCEEDED"",
        ""domain"": ""googleapis.com"",
        ""metadata"": {
          ""consumer"": ""projects/37282676545"",
          ""quota_metric"": ""places.googleapis.com/SearchTextRequest"",
          ""service"": ""places.googleapis.com"",
          ""quota_unit"": ""1/d/{project}"",
          ""quota_limit_value"": ""100"",
          ""quota_location"": ""global"",
          ""quota_limit"": ""SearchTextRequestPerDayPerProject""
        }
      },
      {
        ""@type"": ""type.googleapis.com/google.rpc.Help"",
        ""links"": [
          {
            ""description"": ""Request a higher quota limit."",
            ""url"": ""https://cloud.google.com/doc",False
e6acf773-bd3b-4622-b2bf-4cfafa5128f1,Alatish Wilderness Celestial Observation Zone,error,,,,,,,,,,"HTTP 429: {
  ""error"": {
    ""code"": 429,
    ""message"": ""Quota exceeded for quota metric 'SearchTextRequest' and limit 'SearchTextRequest per day' of service 'places.googleapis.com' for consumer 'project_number:37282676545'."",
    ""status"": ""RESOURCE_EXHAUSTED"",
    ""details"": [
      {
        ""@type"": ""type.googleapis.com/google.rpc.ErrorInfo"",
        ""reason"": ""RATE_LIMIT_EXCEEDED"",
        ""domain"": ""googleapis.com"",
        ""metadata"": {
          ""quota_unit"": ""1/d/{project}"",
          ""quota_limit_value"": ""100"",
          ""consumer"": ""projects/37282676545"",
          ""quota_location"": ""global"",
          ""service"": ""places.googleapis.com"",
          ""quota_metric"": ""places.googleapis.com/SearchTextRequest"",
          ""quota_limit"": ""SearchTextRequestPerDayPerProject""
        }
      },
      {
        ""@type"": ""type.googleapis.com/google.rpc.Help"",
        ""links"": [
          {
            ""description"": ""Request a higher quota limit."",
            ""url"": ""https://cloud.google.com/doc",False
e6af91ca-a88f-4ee3-9d46-82bf64a02c56,Churchill Avenue Metropolitan Boulevard,error,,,,,,,,,,"HTTP 429: {
  ""error"": {
    ""code"": 429,
    ""message"": ""Quota exceeded for quota metric 'SearchTextRequest' and limit 'SearchTextRequest per day' of service 'places.googleapis.com' for consumer 'project_number:37282676545'."",
    ""status"": ""RESOURCE_EXHAUSTED"",
    ""details"": [
      {
        ""@type"": ""type.googleapis.com/google.rpc.ErrorInfo"",
        ""reason"": ""RATE_LIMIT_EXCEEDED"",
        ""domain"": ""googleapis.com"",
        ""metadata"": {
          ""quota_location"": ""global"",
          ""service"": ""places.googleapis.com"",
          ""quota_unit"": ""1/d/{project}"",
          ""consumer"": ""projects/37282676545"",
          ""quota_limit"": ""SearchTextRequestPerDayPerProject"",
          ""quota_limit_value"": ""100"",
          ""quota_metric"": ""places.googleapis.com/SearchTextRequest""
        }
      },
      {
        ""@type"": ""type.googleapis.com/google.rpc.Help"",
        ""links"": [
          {
            ""description"": ""Request a higher quota limit."",
            ""url"": ""https://cloud.google.com/doc",False
e6cc1fdf-d513-4b90-b9e6-2021a93d2770,Woldiya Urban Center,error,,,,,,,,,,"HTTP 429: {
  ""error"": {
    ""code"": 429,
    ""message"": ""Quota exceeded for quota metric 'SearchTextRequest' and limit 'SearchTextRequest per day' of service 'places.googleapis.com' for consumer 'project_number:37282676545'."",
    ""status"": ""RESOURCE_EXHAUSTED"",
    ""details"": [
      {
        ""@type"": ""type.googleapis.com/google.rpc.ErrorInfo"",
        ""reason"": ""RATE_LIMIT_EXCEEDED"",
        ""domain"": ""googleapis.com"",
        ""metadata"": {
          ""quota_location"": ""global"",
          ""service"": ""places.googleapis.com"",
          ""quota_unit"": ""1/d/{project}"",
          ""consumer"": ""projects/37282676545"",
          ""quota_limit"": ""SearchTextRequestPerDayPerProject"",
          ""quota_limit_value"": ""100"",
          ""quota_metric"": ""places.googleapis.com/SearchTextRequest""
        }
      },
      {
        ""@type"": ""type.googleapis.com/google.rpc.Help"",
        ""links"": [
          {
            ""description"": ""Request a higher quota limit."",
            ""url"": ""https://cloud.google.com/doc",False
e6dd5fbc-db07-4b35-bba3-98d9a31fb295,Bench Maji Honey & Spice Villages,error,,,,,,,,,,"HTTP 429: {
  ""error"": {
    ""code"": 429,
    ""message"": ""Quota exceeded for quota metric 'SearchTextRequest' and limit 'SearchTextRequest per day' of service 'places.googleapis.com' for consumer 'project_number:37282676545'."",
    ""status"": ""RESOURCE_EXHAUSTED"",
    ""details"": [
      {
        ""@type"": ""type.googleapis.com/google.rpc.ErrorInfo"",
        ""reason"": ""RATE_LIMIT_EXCEEDED"",
        ""domain"": ""googleapis.com"",
        ""metadata"": {
          ""quota_unit"": ""1/d/{project}"",
          ""quota_location"": ""global"",
          ""quota_limit"": ""SearchTextRequestPerDayPerProject"",
          ""quota_limit_value"": ""100"",
          ""service"": ""places.googleapis.com"",
          ""quota_metric"": ""places.googleapis.com/SearchTextRequest"",
          ""consumer"": ""projects/37282676545""
        }
      },
      {
        ""@type"": ""type.googleapis.com/google.rpc.Help"",
        ""links"": [
          {
            ""description"": ""Request a higher quota limit."",
            ""url"": ""https://cloud.google.com/doc",False
e716d533-bba5-4c25-9cae-9a803c2aa308,African Union Headquarters Conference Center (AUCC),error,,,,,,,,,,"HTTP 429: {
  ""error"": {
    ""code"": 429,
    ""message"": ""Quota exceeded for quota metric 'SearchTextRequest' and limit 'SearchTextRequest per day' of service 'places.googleapis.com' for consumer 'project_number:37282676545'."",
    ""status"": ""RESOURCE_EXHAUSTED"",
    ""details"": [
      {
        ""@type"": ""type.googleapis.com/google.rpc.ErrorInfo"",
        ""reason"": ""RATE_LIMIT_EXCEEDED"",
        ""domain"": ""googleapis.com"",
        ""metadata"": {
          ""quota_unit"": ""1/d/{project}"",
          ""quota_metric"": ""places.googleapis.com/SearchTextRequest"",
          ""service"": ""places.googleapis.com"",
          ""consumer"": ""projects/37282676545"",
          ""quota_limit"": ""SearchTextRequestPerDayPerProject"",
          ""quota_location"": ""global"",
          ""quota_limit_value"": ""100""
        }
      },
      {
        ""@type"": ""type.googleapis.com/google.rpc.Help"",
        ""links"": [
          {
            ""description"": ""Request a higher quota limit."",
            ""url"": ""https://cloud.google.com/doc",False
e79223a1-6dce-4a14-b44e-deeb2c28045c,Gura Ferda Misty Rainforest Valley Views,error,,,,,,,,,,"HTTP 429: {
  ""error"": {
    ""code"": 429,
    ""message"": ""Quota exceeded for quota metric 'SearchTextRequest' and limit 'SearchTextRequest per day' of service 'places.googleapis.com' for consumer 'project_number:37282676545'."",
    ""status"": ""RESOURCE_EXHAUSTED"",
    ""details"": [
      {
        ""@type"": ""type.googleapis.com/google.rpc.ErrorInfo"",
        ""reason"": ""RATE_LIMIT_EXCEEDED"",
        ""domain"": ""googleapis.com"",
        ""metadata"": {
          ""quota_location"": ""global"",
          ""consumer"": ""projects/37282676545"",
          ""quota_metric"": ""places.googleapis.com/SearchTextRequest"",
          ""service"": ""places.googleapis.com"",
          ""quota_limit"": ""SearchTextRequestPerDayPerProject"",
          ""quota_unit"": ""1/d/{project}"",
          ""quota_limit_value"": ""100""
        }
      },
      {
        ""@type"": ""type.googleapis.com/google.rpc.Help"",
        ""links"": [
          {
            ""description"": ""Request a higher quota limit."",
            ""url"": ""https://cloud.google.com/doc",False
e7ae24aa-a8d8-4cd2-8e07-7d08d375b178,Gilgel Gibe III Reservoir Boating Launch,error,,,,,,,,,,"HTTP 429: {
  ""error"": {
    ""code"": 429,
    ""message"": ""Quota exceeded for quota metric 'SearchTextRequest' and limit 'SearchTextRequest per day' of service 'places.googleapis.com' for consumer 'project_number:37282676545'."",
    ""status"": ""RESOURCE_EXHAUSTED"",
    ""details"": [
      {
        ""@type"": ""type.googleapis.com/google.rpc.ErrorInfo"",
        ""reason"": ""RATE_LIMIT_EXCEEDED"",
        ""domain"": ""googleapis.com"",
        ""metadata"": {
          ""quota_location"": ""global"",
          ""service"": ""places.googleapis.com"",
          ""quota_unit"": ""1/d/{project}"",
          ""consumer"": ""projects/37282676545"",
          ""quota_limit"": ""SearchTextRequestPerDayPerProject"",
          ""quota_limit_value"": ""100"",
          ""quota_metric"": ""places.googleapis.com/SearchTextRequest""
        }
      },
      {
        ""@type"": ""type.googleapis.com/google.rpc.Help"",
        ""links"": [
          {
            ""description"": ""Request a higher quota limit."",
            ""url"": ""https://cloud.google.com/doc",False
e7c363de-1af4-452b-b4c4-9c74db93493a,Yayu Coffee Forest Biosphere Research Station,error,,,,,,,,,,"HTTP 429: {
  ""error"": {
    ""code"": 429,
    ""message"": ""Quota exceeded for quota metric 'SearchTextRequest' and limit 'SearchTextRequest per day' of service 'places.googleapis.com' for consumer 'project_number:37282676545'."",
    ""status"": ""RESOURCE_EXHAUSTED"",
    ""details"": [
      {
        ""@type"": ""type.googleapis.com/google.rpc.ErrorInfo"",
        ""reason"": ""RATE_LIMIT_EXCEEDED"",
        ""domain"": ""googleapis.com"",
        ""metadata"": {
          ""quota_limit_value"": ""100"",
          ""quota_unit"": ""1/d/{project}"",
          ""quota_location"": ""global"",
          ""consumer"": ""projects/37282676545"",
          ""quota_limit"": ""SearchTextRequestPerDayPerProject"",
          ""service"": ""places.googleapis.com"",
          ""quota_metric"": ""places.googleapis.com/SearchTextRequest""
        }
      },
      {
        ""@type"": ""type.googleapis.com/google.rpc.Help"",
        ""links"": [
          {
            ""description"": ""Request a higher quota limit."",
            ""url"": ""https://cloud.google.com/doc",False
e7e1ca0d-d70f-4ad8-9990-bea6c6731a80,Mount Guna Alpine Slopes (Highland Avifauna),error,,,,,,,,,,"HTTP 429: {
  ""error"": {
    ""code"": 429,
    ""message"": ""Quota exceeded for quota metric 'SearchTextRequest' and limit 'SearchTextRequest per day' of service 'places.googleapis.com' for consumer 'project_number:37282676545'."",
    ""status"": ""RESOURCE_EXHAUSTED"",
    ""details"": [
      {
        ""@type"": ""type.googleapis.com/google.rpc.ErrorInfo"",
        ""reason"": ""RATE_LIMIT_EXCEEDED"",
        ""domain"": ""googleapis.com"",
        ""metadata"": {
          ""quota_limit_value"": ""100"",
          ""service"": ""places.googleapis.com"",
          ""quota_location"": ""global"",
          ""consumer"": ""projects/37282676545"",
          ""quota_unit"": ""1/d/{project}"",
          ""quota_metric"": ""places.googleapis.com/SearchTextRequest"",
          ""quota_limit"": ""SearchTextRequestPerDayPerProject""
        }
      },
      {
        ""@type"": ""type.googleapis.com/google.rpc.Help"",
        ""links"": [
          {
            ""description"": ""Request a higher quota limit."",
            ""url"": ""https://cloud.google.com/doc",False
e7e254b7-1000-462a-a259-0da538f5b711,Habesha 2000 Traditional Restaurant,error,,,,,,,,,,"HTTP 429: {
  ""error"": {
    ""code"": 429,
    ""message"": ""Quota exceeded for quota metric 'SearchTextRequest' and limit 'SearchTextRequest per day' of service 'places.googleapis.com' for consumer 'project_number:37282676545'."",
    ""status"": ""RESOURCE_EXHAUSTED"",
    ""details"": [
      {
        ""@type"": ""type.googleapis.com/google.rpc.ErrorInfo"",
        ""reason"": ""RATE_LIMIT_EXCEEDED"",
        ""domain"": ""googleapis.com"",
        ""metadata"": {
          ""quota_unit"": ""1/d/{project}"",
          ""consumer"": ""projects/37282676545"",
          ""quota_limit"": ""SearchTextRequestPerDayPerProject"",
          ""quota_limit_value"": ""100"",
          ""service"": ""places.googleapis.com"",
          ""quota_metric"": ""places.googleapis.com/SearchTextRequest"",
          ""quota_location"": ""global""
        }
      },
      {
        ""@type"": ""type.googleapis.com/google.rpc.Help"",
        ""links"": [
          {
            ""description"": ""Request a higher quota limit."",
            ""url"": ""https://cloud.google.com/doc",False
e81feb9c-c32c-4a24-a4bd-0e0eec85baea,Bete Maryam Mausoleum,error,,,,,,,,,,"HTTP 429: {
  ""error"": {
    ""code"": 429,
    ""message"": ""Quota exceeded for quota metric 'SearchTextRequest' and limit 'SearchTextRequest per day' of service 'places.googleapis.com' for consumer 'project_number:37282676545'."",
    ""status"": ""RESOURCE_EXHAUSTED"",
    ""details"": [
      {
        ""@type"": ""type.googleapis.com/google.rpc.ErrorInfo"",
        ""reason"": ""RATE_LIMIT_EXCEEDED"",
        ""domain"": ""googleapis.com"",
        ""metadata"": {
          ""quota_location"": ""global"",
          ""consumer"": ""projects/37282676545"",
          ""quota_metric"": ""places.googleapis.com/SearchTextRequest"",
          ""service"": ""places.googleapis.com"",
          ""quota_limit"": ""SearchTextRequestPerDayPerProject"",
          ""quota_unit"": ""1/d/{project}"",
          ""quota_limit_value"": ""100""
        }
      },
      {
        ""@type"": ""type.googleapis.com/google.rpc.Help"",
        ""links"": [
          {
            ""description"": ""Request a higher quota limit."",
            ""url"": ""https://cloud.google.com/doc",False
e87b2936-859d-416d-8b23-b4f78208f8ea,Menz Highland Wool Sheep Farming Estates,error,,,,,,,,,,"HTTP 429: {
  ""error"": {
    ""code"": 429,
    ""message"": ""Quota exceeded for quota metric 'SearchTextRequest' and limit 'SearchTextRequest per day' of service 'places.googleapis.com' for consumer 'project_number:37282676545'."",
    ""status"": ""RESOURCE_EXHAUSTED"",
    ""details"": [
      {
        ""@type"": ""type.googleapis.com/google.rpc.ErrorInfo"",
        ""reason"": ""RATE_LIMIT_EXCEEDED"",
        ""domain"": ""googleapis.com"",
        ""metadata"": {
          ""quota_unit"": ""1/d/{project}"",
          ""consumer"": ""projects/37282676545"",
          ""quota_limit"": ""SearchTextRequestPerDayPerProject"",
          ""quota_limit_value"": ""100"",
          ""service"": ""places.googleapis.com"",
          ""quota_metric"": ""places.googleapis.com/SearchTextRequest"",
          ""quota_location"": ""global""
        }
      },
      {
        ""@type"": ""type.googleapis.com/google.rpc.Help"",
        ""links"": [
          {
            ""description"": ""Request a higher quota limit."",
            ""url"": ""https://cloud.google.com/doc",False
e87ffaf7-af57-4323-a7c3-7bb4ae446e3a,Lewi Resort & Spa Conference Facilities,error,,,,,,,,,,"HTTP 429: {
  ""error"": {
    ""code"": 429,
    ""message"": ""Quota exceeded for quota metric 'SearchTextRequest' and limit 'SearchTextRequest per day' of service 'places.googleapis.com' for consumer 'project_number:37282676545'."",
    ""status"": ""RESOURCE_EXHAUSTED"",
    ""details"": [
      {
        ""@type"": ""type.googleapis.com/google.rpc.ErrorInfo"",
        ""reason"": ""RATE_LIMIT_EXCEEDED"",
        ""domain"": ""googleapis.com"",
        ""metadata"": {
          ""quota_unit"": ""1/d/{project}"",
          ""consumer"": ""projects/37282676545"",
          ""quota_location"": ""global"",
          ""service"": ""places.googleapis.com"",
          ""quota_limit_value"": ""100"",
          ""quota_metric"": ""places.googleapis.com/SearchTextRequest"",
          ""quota_limit"": ""SearchTextRequestPerDayPerProject""
        }
      },
      {
        ""@type"": ""type.googleapis.com/google.rpc.Help"",
        ""links"": [
          {
            ""description"": ""Request a higher quota limit."",
            ""url"": ""https://cloud.google.com/doc",False
e90392a8-2d5f-4483-9955-18a916528b95,Haile Resort Spa & Wellness Center,error,,,,,,,,,,"HTTP 429: {
  ""error"": {
    ""code"": 429,
    ""message"": ""Quota exceeded for quota metric 'SearchTextRequest' and limit 'SearchTextRequest per day' of service 'places.googleapis.com' for consumer 'project_number:37282676545'."",
    ""status"": ""RESOURCE_EXHAUSTED"",
    ""details"": [
      {
        ""@type"": ""type.googleapis.com/google.rpc.ErrorInfo"",
        ""reason"": ""RATE_LIMIT_EXCEEDED"",
        ""domain"": ""googleapis.com"",
        ""metadata"": {
          ""service"": ""places.googleapis.com"",
          ""quota_limit_value"": ""100"",
          ""quota_metric"": ""places.googleapis.com/SearchTextRequest"",
          ""quota_limit"": ""SearchTextRequestPerDayPerProject"",
          ""quota_unit"": ""1/d/{project}"",
          ""consumer"": ""projects/37282676545"",
          ""quota_location"": ""global""
        }
      },
      {
        ""@type"": ""type.googleapis.com/google.rpc.Help"",
        ""links"": [
          {
            ""description"": ""Request a higher quota limit."",
            ""url"": ""https://cloud.google.com/doc",False
eb1d0d9e-7b02-4cf7-af59-450813aa3f3a,Melka Kunture Open Air Sacred Sites,error,,,,,,,,,,"HTTP 429: {
  ""error"": {
    ""code"": 429,
    ""message"": ""Quota exceeded for quota metric 'SearchTextRequest' and limit 'SearchTextRequest per day' of service 'places.googleapis.com' for consumer 'project_number:37282676545'."",
    ""status"": ""RESOURCE_EXHAUSTED"",
    ""details"": [
      {
        ""@type"": ""type.googleapis.com/google.rpc.ErrorInfo"",
        ""reason"": ""RATE_LIMIT_EXCEEDED"",
        ""domain"": ""googleapis.com"",
        ""metadata"": {
          ""quota_limit_value"": ""100"",
          ""service"": ""places.googleapis.com"",
          ""quota_location"": ""global"",
          ""consumer"": ""projects/37282676545"",
          ""quota_unit"": ""1/d/{project}"",
          ""quota_metric"": ""places.googleapis.com/SearchTextRequest"",
          ""quota_limit"": ""SearchTextRequestPerDayPerProject""
        }
      },
      {
        ""@type"": ""type.googleapis.com/google.rpc.Help"",
        ""links"": [
          {
            ""description"": ""Request a higher quota limit."",
            ""url"": ""https://cloud.google.com/doc",False
eb2e3e36-5bf3-452c-95b0-ab1937262da7,Debre Markos City Grounds,error,,,,,,,,,,"HTTP 429: {
  ""error"": {
    ""code"": 429,
    ""message"": ""Quota exceeded for quota metric 'SearchTextRequest' and limit 'SearchTextRequest per day' of service 'places.googleapis.com' for consumer 'project_number:37282676545'."",
    ""status"": ""RESOURCE_EXHAUSTED"",
    ""details"": [
      {
        ""@type"": ""type.googleapis.com/google.rpc.ErrorInfo"",
        ""reason"": ""RATE_LIMIT_EXCEEDED"",
        ""domain"": ""googleapis.com"",
        ""metadata"": {
          ""service"": ""places.googleapis.com"",
          ""quota_limit_value"": ""100"",
          ""quota_metric"": ""places.googleapis.com/SearchTextRequest"",
          ""quota_limit"": ""SearchTextRequestPerDayPerProject"",
          ""quota_unit"": ""1/d/{project}"",
          ""consumer"": ""projects/37282676545"",
          ""quota_location"": ""global""
        }
      },
      {
        ""@type"": ""type.googleapis.com/google.rpc.Help"",
        ""links"": [
          {
            ""description"": ""Request a higher quota limit."",
            ""url"": ""https://cloud.google.com/doc",False
eba7e017-0af8-439a-a338-fb1f39de4e66,Gonderine Tejbet Route,error,,,,,,,,,,"HTTP 429: {
  ""error"": {
    ""code"": 429,
    ""message"": ""Quota exceeded for quota metric 'SearchTextRequest' and limit 'SearchTextRequest per day' of service 'places.googleapis.com' for consumer 'project_number:37282676545'."",
    ""status"": ""RESOURCE_EXHAUSTED"",
    ""details"": [
      {
        ""@type"": ""type.googleapis.com/google.rpc.ErrorInfo"",
        ""reason"": ""RATE_LIMIT_EXCEEDED"",
        ""domain"": ""googleapis.com"",
        ""metadata"": {
          ""service"": ""places.googleapis.com"",
          ""quota_unit"": ""1/d/{project}"",
          ""quota_location"": ""global"",
          ""quota_limit_value"": ""100"",
          ""consumer"": ""projects/37282676545"",
          ""quota_limit"": ""SearchTextRequestPerDayPerProject"",
          ""quota_metric"": ""places.googleapis.com/SearchTextRequest""
        }
      },
      {
        ""@type"": ""type.googleapis.com/google.rpc.Help"",
        ""links"": [
          {
            ""description"": ""Request a higher quota limit."",
            ""url"": ""https://cloud.google.com/doc",False
ebf571b4-02ac-4d05-a9e4-03240d95c05b,Menelik II Referral Hospital & Eye Center,error,,,,,,,,,,"HTTP 429: {
  ""error"": {
    ""code"": 429,
    ""message"": ""Quota exceeded for quota metric 'SearchTextRequest' and limit 'SearchTextRequest per day' of service 'places.googleapis.com' for consumer 'project_number:37282676545'."",
    ""status"": ""RESOURCE_EXHAUSTED"",
    ""details"": [
      {
        ""@type"": ""type.googleapis.com/google.rpc.ErrorInfo"",
        ""reason"": ""RATE_LIMIT_EXCEEDED"",
        ""domain"": ""googleapis.com"",
        ""metadata"": {
          ""quota_unit"": ""1/d/{project}"",
          ""quota_metric"": ""places.googleapis.com/SearchTextRequest"",
          ""quota_location"": ""global"",
          ""service"": ""places.googleapis.com"",
          ""quota_limit"": ""SearchTextRequestPerDayPerProject"",
          ""consumer"": ""projects/37282676545"",
          ""quota_limit_value"": ""100""
        }
      },
      {
        ""@type"": ""type.googleapis.com/google.rpc.Help"",
        ""links"": [
          {
            ""description"": ""Request a higher quota limit."",
            ""url"": ""https://cloud.google.com/doc",False
ec0b4b39-c066-45e2-8866-0df91f8f5703,Adama General Hospital & Medical College,error,,,,,,,,,,"HTTP 429: {
  ""error"": {
    ""code"": 429,
    ""message"": ""Quota exceeded for quota metric 'SearchTextRequest' and limit 'SearchTextRequest per day' of service 'places.googleapis.com' for consumer 'project_number:37282676545'."",
    ""status"": ""RESOURCE_EXHAUSTED"",
    ""details"": [
      {
        ""@type"": ""type.googleapis.com/google.rpc.ErrorInfo"",
        ""reason"": ""RATE_LIMIT_EXCEEDED"",
        ""domain"": ""googleapis.com"",
        ""metadata"": {
          ""service"": ""places.googleapis.com"",
          ""quota_limit_value"": ""100"",
          ""quota_metric"": ""places.googleapis.com/SearchTextRequest"",
          ""quota_limit"": ""SearchTextRequestPerDayPerProject"",
          ""quota_unit"": ""1/d/{project}"",
          ""consumer"": ""projects/37282676545"",
          ""quota_location"": ""global""
        }
      },
      {
        ""@type"": ""type.googleapis.com/google.rpc.Help"",
        ""links"": [
          {
            ""description"": ""Request a higher quota limit."",
            ""url"": ""https://cloud.google.com/doc",False
ec45b60c-8984-4721-8ae2-fa2cb42338ac,Addis Ababa University Main Campus & Libraries,error,,,,,,,,,,"HTTP 429: {
  ""error"": {
    ""code"": 429,
    ""message"": ""Quota exceeded for quota metric 'SearchTextRequest' and limit 'SearchTextRequest per day' of service 'places.googleapis.com' for consumer 'project_number:37282676545'."",
    ""status"": ""RESOURCE_EXHAUSTED"",
    ""details"": [
      {
        ""@type"": ""type.googleapis.com/google.rpc.ErrorInfo"",
        ""reason"": ""RATE_LIMIT_EXCEEDED"",
        ""domain"": ""googleapis.com"",
        ""metadata"": {
          ""quota_unit"": ""1/d/{project}"",
          ""consumer"": ""projects/37282676545"",
          ""quota_location"": ""global"",
          ""quota_limit_value"": ""100"",
          ""service"": ""places.googleapis.com"",
          ""quota_metric"": ""places.googleapis.com/SearchTextRequest"",
          ""quota_limit"": ""SearchTextRequestPerDayPerProject""
        }
      },
      {
        ""@type"": ""type.googleapis.com/google.rpc.Help"",
        ""links"": [
          {
            ""description"": ""Request a higher quota limit."",
            ""url"": ""https://cloud.google.com/doc",False
ed02e462-6e16-418e-b34d-c2cedcf84deb,Edna Mall & Medhanealem Shopping Zone,error,,,,,,,,,,"HTTP 429: {
  ""error"": {
    ""code"": 429,
    ""message"": ""Quota exceeded for quota metric 'SearchTextRequest' and limit 'SearchTextRequest per day' of service 'places.googleapis.com' for consumer 'project_number:37282676545'."",
    ""status"": ""RESOURCE_EXHAUSTED"",
    ""details"": [
      {
        ""@type"": ""type.googleapis.com/google.rpc.ErrorInfo"",
        ""reason"": ""RATE_LIMIT_EXCEEDED"",
        ""domain"": ""googleapis.com"",
        ""metadata"": {
          ""quota_unit"": ""1/d/{project}"",
          ""service"": ""places.googleapis.com"",
          ""quota_limit_value"": ""100"",
          ""consumer"": ""projects/37282676545"",
          ""quota_metric"": ""places.googleapis.com/SearchTextRequest"",
          ""quota_limit"": ""SearchTextRequestPerDayPerProject"",
          ""quota_location"": ""global""
        }
      },
      {
        ""@type"": ""type.googleapis.com/google.rpc.Help"",
        ""links"": [
          {
            ""description"": ""Request a higher quota limit."",
            ""url"": ""https://cloud.google.com/doc",False
ed96b619-8ac4-46dc-81ae-868b541e5960,Silte Cultural Heritage Zone,error,,,,,,,,,,"HTTP 429: {
  ""error"": {
    ""code"": 429,
    ""message"": ""Quota exceeded for quota metric 'SearchTextRequest' and limit 'SearchTextRequest per day' of service 'places.googleapis.com' for consumer 'project_number:37282676545'."",
    ""status"": ""RESOURCE_EXHAUSTED"",
    ""details"": [
      {
        ""@type"": ""type.googleapis.com/google.rpc.ErrorInfo"",
        ""reason"": ""RATE_LIMIT_EXCEEDED"",
        ""domain"": ""googleapis.com"",
        ""metadata"": {
          ""quota_unit"": ""1/d/{project}"",
          ""consumer"": ""projects/37282676545"",
          ""quota_location"": ""global"",
          ""quota_limit_value"": ""100"",
          ""service"": ""places.googleapis.com"",
          ""quota_metric"": ""places.googleapis.com/SearchTextRequest"",
          ""quota_limit"": ""SearchTextRequestPerDayPerProject""
        }
      },
      {
        ""@type"": ""type.googleapis.com/google.rpc.Help"",
        ""links"": [
          {
            ""description"": ""Request a higher quota limit."",
            ""url"": ""https://cloud.google.com/doc",False
edc5f20c-be22-4100-9eef-7812f6d79f01,Lake Langano Eco-Resorts Area,error,,,,,,,,,,"HTTP 429: {
  ""error"": {
    ""code"": 429,
    ""message"": ""Quota exceeded for quota metric 'SearchTextRequest' and limit 'SearchTextRequest per day' of service 'places.googleapis.com' for consumer 'project_number:37282676545'."",
    ""status"": ""RESOURCE_EXHAUSTED"",
    ""details"": [
      {
        ""@type"": ""type.googleapis.com/google.rpc.ErrorInfo"",
        ""reason"": ""RATE_LIMIT_EXCEEDED"",
        ""domain"": ""googleapis.com"",
        ""metadata"": {
          ""consumer"": ""projects/37282676545"",
          ""quota_unit"": ""1/d/{project}"",
          ""quota_limit_value"": ""100"",
          ""quota_metric"": ""places.googleapis.com/SearchTextRequest"",
          ""service"": ""places.googleapis.com"",
          ""quota_location"": ""global"",
          ""quota_limit"": ""SearchTextRequestPerDayPerProject""
        }
      },
      {
        ""@type"": ""type.googleapis.com/google.rpc.Help"",
        ""links"": [
          {
            ""description"": ""Request a higher quota limit."",
            ""url"": ""https://cloud.google.com/doc",False
ee082331-2520-4e5d-8ab7-d51a399353e5,Gorgora Debre Sina Maryam Church,error,,,,,,,,,,"HTTP 429: {
  ""error"": {
    ""code"": 429,
    ""message"": ""Quota exceeded for quota metric 'SearchTextRequest' and limit 'SearchTextRequest per day' of service 'places.googleapis.com' for consumer 'project_number:37282676545'."",
    ""status"": ""RESOURCE_EXHAUSTED"",
    ""details"": [
      {
        ""@type"": ""type.googleapis.com/google.rpc.ErrorInfo"",
        ""reason"": ""RATE_LIMIT_EXCEEDED"",
        ""domain"": ""googleapis.com"",
        ""metadata"": {
          ""quota_metric"": ""places.googleapis.com/SearchTextRequest"",
          ""service"": ""places.googleapis.com"",
          ""consumer"": ""projects/37282676545"",
          ""quota_location"": ""global"",
          ""quota_unit"": ""1/d/{project}"",
          ""quota_limit_value"": ""100"",
          ""quota_limit"": ""SearchTextRequestPerDayPerProject""
        }
      },
      {
        ""@type"": ""type.googleapis.com/google.rpc.Help"",
        ""links"": [
          {
            ""description"": ""Request a higher quota limit."",
            ""url"": ""https://cloud.google.com/doc",False
ee72cb82-67ef-47c7-8a66-898521f72dea,Abuna Yemata Guh Cliffside Church,error,,,,,,,,,,"HTTP 429: {
  ""error"": {
    ""code"": 429,
    ""message"": ""Quota exceeded for quota metric 'SearchTextRequest' and limit 'SearchTextRequest per day' of service 'places.googleapis.com' for consumer 'project_number:37282676545'."",
    ""status"": ""RESOURCE_EXHAUSTED"",
    ""details"": [
      {
        ""@type"": ""type.googleapis.com/google.rpc.ErrorInfo"",
        ""reason"": ""RATE_LIMIT_EXCEEDED"",
        ""domain"": ""googleapis.com"",
        ""metadata"": {
          ""consumer"": ""projects/37282676545"",
          ""quota_unit"": ""1/d/{project}"",
          ""quota_limit_value"": ""100"",
          ""quota_metric"": ""places.googleapis.com/SearchTextRequest"",
          ""service"": ""places.googleapis.com"",
          ""quota_location"": ""global"",
          ""quota_limit"": ""SearchTextRequestPerDayPerProject""
        }
      },
      {
        ""@type"": ""type.googleapis.com/google.rpc.Help"",
        ""links"": [
          {
            ""description"": ""Request a higher quota limit."",
            ""url"": ""https://cloud.google.com/doc",False
eec44c92-342d-447e-bb7e-05e6363f86b9,Great Ethiopian Run Street Course,error,,,,,,,,,,"HTTP 429: {
  ""error"": {
    ""code"": 429,
    ""message"": ""Quota exceeded for quota metric 'SearchTextRequest' and limit 'SearchTextRequest per day' of service 'places.googleapis.com' for consumer 'project_number:37282676545'."",
    ""status"": ""RESOURCE_EXHAUSTED"",
    ""details"": [
      {
        ""@type"": ""type.googleapis.com/google.rpc.ErrorInfo"",
        ""reason"": ""RATE_LIMIT_EXCEEDED"",
        ""domain"": ""googleapis.com"",
        ""metadata"": {
          ""quota_metric"": ""places.googleapis.com/SearchTextRequest"",
          ""quota_location"": ""global"",
          ""service"": ""places.googleapis.com"",
          ""consumer"": ""projects/37282676545"",
          ""quota_unit"": ""1/d/{project}"",
          ""quota_limit_value"": ""100"",
          ""quota_limit"": ""SearchTextRequestPerDayPerProject""
        }
      },
      {
        ""@type"": ""type.googleapis.com/google.rpc.Help"",
        ""links"": [
          {
            ""description"": ""Request a higher quota limit."",
            ""url"": ""https://cloud.google.com/doc",False
eeefd997-3866-44c2-bd0e-91dfec7a9b65,Gofa Highland Fruit & Grain Farms,error,,,,,,,,,,"HTTP 429: {
  ""error"": {
    ""code"": 429,
    ""message"": ""Quota exceeded for quota metric 'SearchTextRequest' and limit 'SearchTextRequest per day' of service 'places.googleapis.com' for consumer 'project_number:37282676545'."",
    ""status"": ""RESOURCE_EXHAUSTED"",
    ""details"": [
      {
        ""@type"": ""type.googleapis.com/google.rpc.ErrorInfo"",
        ""reason"": ""RATE_LIMIT_EXCEEDED"",
        ""domain"": ""googleapis.com"",
        ""metadata"": {
          ""service"": ""places.googleapis.com"",
          ""quota_unit"": ""1/d/{project}"",
          ""quota_location"": ""global"",
          ""quota_limit_value"": ""100"",
          ""consumer"": ""projects/37282676545"",
          ""quota_limit"": ""SearchTextRequestPerDayPerProject"",
          ""quota_metric"": ""places.googleapis.com/SearchTextRequest""
        }
      },
      {
        ""@type"": ""type.googleapis.com/google.rpc.Help"",
        ""links"": [
          {
            ""description"": ""Request a higher quota limit."",
            ""url"": ""https://cloud.google.com/doc",False
efba5d01-d208-4b19-b897-c156b7128c3f,Awi Agew Honey & Cattle Farms,error,,,,,,,,,,"HTTP 429: {
  ""error"": {
    ""code"": 429,
    ""message"": ""Quota exceeded for quota metric 'SearchTextRequest' and limit 'SearchTextRequest per day' of service 'places.googleapis.com' for consumer 'project_number:37282676545'."",
    ""status"": ""RESOURCE_EXHAUSTED"",
    ""details"": [
      {
        ""@type"": ""type.googleapis.com/google.rpc.ErrorInfo"",
        ""reason"": ""RATE_LIMIT_EXCEEDED"",
        ""domain"": ""googleapis.com"",
        ""metadata"": {
          ""consumer"": ""projects/37282676545"",
          ""service"": ""places.googleapis.com"",
          ""quota_metric"": ""places.googleapis.com/SearchTextRequest"",
          ""quota_unit"": ""1/d/{project}"",
          ""quota_location"": ""global"",
          ""quota_limit_value"": ""100"",
          ""quota_limit"": ""SearchTextRequestPerDayPerProject""
        }
      },
      {
        ""@type"": ""type.googleapis.com/google.rpc.Help"",
        ""links"": [
          {
            ""description"": ""Request a higher quota limit."",
            ""url"": ""https://cloud.google.com/doc",False
f0027c6c-b9cc-474d-bf04-058fb4496ffd,Yirgacheffe Coffee Washing Stations & Cupping Grounds,error,,,,,,,,,,"HTTP 429: {
  ""error"": {
    ""code"": 429,
    ""message"": ""Quota exceeded for quota metric 'SearchTextRequest' and limit 'SearchTextRequest per day' of service 'places.googleapis.com' for consumer 'project_number:37282676545'."",
    ""status"": ""RESOURCE_EXHAUSTED"",
    ""details"": [
      {
        ""@type"": ""type.googleapis.com/google.rpc.ErrorInfo"",
        ""reason"": ""RATE_LIMIT_EXCEEDED"",
        ""domain"": ""googleapis.com"",
        ""metadata"": {
          ""consumer"": ""projects/37282676545"",
          ""service"": ""places.googleapis.com"",
          ""quota_metric"": ""places.googleapis.com/SearchTextRequest"",
          ""quota_unit"": ""1/d/{project}"",
          ""quota_location"": ""global"",
          ""quota_limit_value"": ""100"",
          ""quota_limit"": ""SearchTextRequestPerDayPerProject""
        }
      },
      {
        ""@type"": ""type.googleapis.com/google.rpc.Help"",
        ""links"": [
          {
            ""description"": ""Request a higher quota limit."",
            ""url"": ""https://cloud.google.com/doc",False
f00b827d-8d9d-4a02-adba-c6c1d60d1558,Kambaata Highland Farms,error,,,,,,,,,,"HTTP 429: {
  ""error"": {
    ""code"": 429,
    ""message"": ""Quota exceeded for quota metric 'SearchTextRequest' and limit 'SearchTextRequest per day' of service 'places.googleapis.com' for consumer 'project_number:37282676545'."",
    ""status"": ""RESOURCE_EXHAUSTED"",
    ""details"": [
      {
        ""@type"": ""type.googleapis.com/google.rpc.ErrorInfo"",
        ""reason"": ""RATE_LIMIT_EXCEEDED"",
        ""domain"": ""googleapis.com"",
        ""metadata"": {
          ""consumer"": ""projects/37282676545"",
          ""service"": ""places.googleapis.com"",
          ""quota_metric"": ""places.googleapis.com/SearchTextRequest"",
          ""quota_unit"": ""1/d/{project}"",
          ""quota_location"": ""global"",
          ""quota_limit_value"": ""100"",
          ""quota_limit"": ""SearchTextRequestPerDayPerProject""
        }
      },
      {
        ""@type"": ""type.googleapis.com/google.rpc.Help"",
        ""links"": [
          {
            ""description"": ""Request a higher quota limit."",
            ""url"": ""https://cloud.google.com/doc",False
f020dc2c-784a-4055-9936-a0ddc2cc2191,Bahir Dar University Maritime & Lake Tana Institute,error,,,,,,,,,,"HTTP 429: {
  ""error"": {
    ""code"": 429,
    ""message"": ""Quota exceeded for quota metric 'SearchTextRequest' and limit 'SearchTextRequest per day' of service 'places.googleapis.com' for consumer 'project_number:37282676545'."",
    ""status"": ""RESOURCE_EXHAUSTED"",
    ""details"": [
      {
        ""@type"": ""type.googleapis.com/google.rpc.ErrorInfo"",
        ""reason"": ""RATE_LIMIT_EXCEEDED"",
        ""domain"": ""googleapis.com"",
        ""metadata"": {
          ""consumer"": ""projects/37282676545"",
          ""service"": ""places.googleapis.com"",
          ""quota_metric"": ""places.googleapis.com/SearchTextRequest"",
          ""quota_unit"": ""1/d/{project}"",
          ""quota_location"": ""global"",
          ""quota_limit_value"": ""100"",
          ""quota_limit"": ""SearchTextRequestPerDayPerProject""
        }
      },
      {
        ""@type"": ""type.googleapis.com/google.rpc.Help"",
        ""links"": [
          {
            ""description"": ""Request a higher quota limit."",
            ""url"": ""https://cloud.google.com/doc",False
f020e9ad-58c9-438f-b695-c59f443b6512,Mount Gara Muleta Forest Sanctuary,error,,,,,,,,,,"HTTP 429: {
  ""error"": {
    ""code"": 429,
    ""message"": ""Quota exceeded for quota metric 'SearchTextRequest' and limit 'SearchTextRequest per day' of service 'places.googleapis.com' for consumer 'project_number:37282676545'."",
    ""status"": ""RESOURCE_EXHAUSTED"",
    ""details"": [
      {
        ""@type"": ""type.googleapis.com/google.rpc.ErrorInfo"",
        ""reason"": ""RATE_LIMIT_EXCEEDED"",
        ""domain"": ""googleapis.com"",
        ""metadata"": {
          ""consumer"": ""projects/37282676545"",
          ""service"": ""places.googleapis.com"",
          ""quota_metric"": ""places.googleapis.com/SearchTextRequest"",
          ""quota_unit"": ""1/d/{project}"",
          ""quota_location"": ""global"",
          ""quota_limit_value"": ""100"",
          ""quota_limit"": ""SearchTextRequestPerDayPerProject""
        }
      },
      {
        ""@type"": ""type.googleapis.com/google.rpc.Help"",
        ""links"": [
          {
            ""description"": ""Request a higher quota limit."",
            ""url"": ""https://cloud.google.com/doc",False
f02bd757-7a00-4d80-8858-21e2cbfe73bf,Gondar University Space & Physics Department Base,error,,,,,,,,,,"HTTP 429: {
  ""error"": {
    ""code"": 429,
    ""message"": ""Quota exceeded for quota metric 'SearchTextRequest' and limit 'SearchTextRequest per day' of service 'places.googleapis.com' for consumer 'project_number:37282676545'."",
    ""status"": ""RESOURCE_EXHAUSTED"",
    ""details"": [
      {
        ""@type"": ""type.googleapis.com/google.rpc.ErrorInfo"",
        ""reason"": ""RATE_LIMIT_EXCEEDED"",
        ""domain"": ""googleapis.com"",
        ""metadata"": {
          ""quota_metric"": ""places.googleapis.com/SearchTextRequest"",
          ""quota_location"": ""global"",
          ""service"": ""places.googleapis.com"",
          ""consumer"": ""projects/37282676545"",
          ""quota_unit"": ""1/d/{project}"",
          ""quota_limit_value"": ""100"",
          ""quota_limit"": ""SearchTextRequestPerDayPerProject""
        }
      },
      {
        ""@type"": ""type.googleapis.com/google.rpc.Help"",
        ""links"": [
          {
            ""description"": ""Request a higher quota limit."",
            ""url"": ""https://cloud.google.com/doc",False
f0368d9f-0208-439e-b7f3-354d921da1a1,Chencha Dorze Traditional Weaving Co-ops,error,,,,,,,,,,"HTTP 429: {
  ""error"": {
    ""code"": 429,
    ""message"": ""Quota exceeded for quota metric 'SearchTextRequest' and limit 'SearchTextRequest per day' of service 'places.googleapis.com' for consumer 'project_number:37282676545'."",
    ""status"": ""RESOURCE_EXHAUSTED"",
    ""details"": [
      {
        ""@type"": ""type.googleapis.com/google.rpc.ErrorInfo"",
        ""reason"": ""RATE_LIMIT_EXCEEDED"",
        ""domain"": ""googleapis.com"",
        ""metadata"": {
          ""consumer"": ""projects/37282676545"",
          ""quota_limit_value"": ""100"",
          ""quota_limit"": ""SearchTextRequestPerDayPerProject"",
          ""quota_metric"": ""places.googleapis.com/SearchTextRequest"",
          ""quota_location"": ""global"",
          ""quota_unit"": ""1/d/{project}"",
          ""service"": ""places.googleapis.com""
        }
      },
      {
        ""@type"": ""type.googleapis.com/google.rpc.Help"",
        ""links"": [
          {
            ""description"": ""Request a higher quota limit."",
            ""url"": ""https://cloud.google.com/doc",False
f0466c41-21ac-49f8-8d7a-23a1dd97e87d,Yabello Sanctuary (Boran Bush-Crow & Prince Ruspolis Turaco),error,,,,,,,,,,"HTTP 429: {
  ""error"": {
    ""code"": 429,
    ""message"": ""Quota exceeded for quota metric 'SearchTextRequest' and limit 'SearchTextRequest per day' of service 'places.googleapis.com' for consumer 'project_number:37282676545'."",
    ""status"": ""RESOURCE_EXHAUSTED"",
    ""details"": [
      {
        ""@type"": ""type.googleapis.com/google.rpc.ErrorInfo"",
        ""reason"": ""RATE_LIMIT_EXCEEDED"",
        ""domain"": ""googleapis.com"",
        ""metadata"": {
          ""consumer"": ""projects/37282676545"",
          ""service"": ""places.googleapis.com"",
          ""quota_metric"": ""places.googleapis.com/SearchTextRequest"",
          ""quota_unit"": ""1/d/{project}"",
          ""quota_location"": ""global"",
          ""quota_limit_value"": ""100"",
          ""quota_limit"": ""SearchTextRequestPerDayPerProject""
        }
      },
      {
        ""@type"": ""type.googleapis.com/google.rpc.Help"",
        ""links"": [
          {
            ""description"": ""Request a higher quota limit."",
            ""url"": ""https://cloud.google.com/doc",False
f078adc4-fc0e-45e4-b32f-957ff310e3eb,Lake Langano Bishangari Watercraft Dock,error,,,,,,,,,,"HTTP 429: {
  ""error"": {
    ""code"": 429,
    ""message"": ""Quota exceeded for quota metric 'SearchTextRequest' and limit 'SearchTextRequest per day' of service 'places.googleapis.com' for consumer 'project_number:37282676545'."",
    ""status"": ""RESOURCE_EXHAUSTED"",
    ""details"": [
      {
        ""@type"": ""type.googleapis.com/google.rpc.ErrorInfo"",
        ""reason"": ""RATE_LIMIT_EXCEEDED"",
        ""domain"": ""googleapis.com"",
        ""metadata"": {
          ""consumer"": ""projects/37282676545"",
          ""quota_limit_value"": ""100"",
          ""quota_limit"": ""SearchTextRequestPerDayPerProject"",
          ""quota_metric"": ""places.googleapis.com/SearchTextRequest"",
          ""quota_location"": ""global"",
          ""quota_unit"": ""1/d/{project}"",
          ""service"": ""places.googleapis.com""
        }
      },
      {
        ""@type"": ""type.googleapis.com/google.rpc.Help"",
        ""links"": [
          {
            ""description"": ""Request a higher quota limit."",
            ""url"": ""https://cloud.google.com/doc",False
f07fa47a-e4ce-47b0-8299-df90bfcc2562,Entoto Observatory and Space Science Research Center,error,,,,,,,,,,"HTTP 429: {
  ""error"": {
    ""code"": 429,
    ""message"": ""Quota exceeded for quota metric 'SearchTextRequest' and limit 'SearchTextRequest per day' of service 'places.googleapis.com' for consumer 'project_number:37282676545'."",
    ""status"": ""RESOURCE_EXHAUSTED"",
    ""details"": [
      {
        ""@type"": ""type.googleapis.com/google.rpc.ErrorInfo"",
        ""reason"": ""RATE_LIMIT_EXCEEDED"",
        ""domain"": ""googleapis.com"",
        ""metadata"": {
          ""quota_metric"": ""places.googleapis.com/SearchTextRequest"",
          ""service"": ""places.googleapis.com"",
          ""consumer"": ""projects/37282676545"",
          ""quota_location"": ""global"",
          ""quota_unit"": ""1/d/{project}"",
          ""quota_limit_value"": ""100"",
          ""quota_limit"": ""SearchTextRequestPerDayPerProject""
        }
      },
      {
        ""@type"": ""type.googleapis.com/google.rpc.Help"",
        ""links"": [
          {
            ""description"": ""Request a higher quota limit."",
            ""url"": ""https://cloud.google.com/doc",False
f1364905-24d4-4be6-81cb-677c3d884297,Churchill Avenue Art & Souvenir Street,error,,,,,,,,,,"HTTP 429: {
  ""error"": {
    ""code"": 429,
    ""message"": ""Quota exceeded for quota metric 'SearchTextRequest' and limit 'SearchTextRequest per day' of service 'places.googleapis.com' for consumer 'project_number:37282676545'."",
    ""status"": ""RESOURCE_EXHAUSTED"",
    ""details"": [
      {
        ""@type"": ""type.googleapis.com/google.rpc.ErrorInfo"",
        ""reason"": ""RATE_LIMIT_EXCEEDED"",
        ""domain"": ""googleapis.com"",
        ""metadata"": {
          ""consumer"": ""projects/37282676545"",
          ""quota_limit_value"": ""100"",
          ""quota_limit"": ""SearchTextRequestPerDayPerProject"",
          ""quota_metric"": ""places.googleapis.com/SearchTextRequest"",
          ""quota_location"": ""global"",
          ""quota_unit"": ""1/d/{project}"",
          ""service"": ""places.googleapis.com""
        }
      },
      {
        ""@type"": ""type.googleapis.com/google.rpc.Help"",
        ""links"": [
          {
            ""description"": ""Request a higher quota limit."",
            ""url"": ""https://cloud.google.com/doc",False
f17f41b3-119b-4238-bf27-bfd8a7967d50,Konso Cultural Landscape Museum,error,,,,,,,,,,"HTTP 429: {
  ""error"": {
    ""code"": 429,
    ""message"": ""Quota exceeded for quota metric 'SearchTextRequest' and limit 'SearchTextRequest per day' of service 'places.googleapis.com' for consumer 'project_number:37282676545'."",
    ""status"": ""RESOURCE_EXHAUSTED"",
    ""details"": [
      {
        ""@type"": ""type.googleapis.com/google.rpc.ErrorInfo"",
        ""reason"": ""RATE_LIMIT_EXCEEDED"",
        ""domain"": ""googleapis.com"",
        ""metadata"": {
          ""consumer"": ""projects/37282676545"",
          ""quota_unit"": ""1/d/{project}"",
          ""quota_metric"": ""places.googleapis.com/SearchTextRequest"",
          ""quota_limit"": ""SearchTextRequestPerDayPerProject"",
          ""service"": ""places.googleapis.com"",
          ""quota_limit_value"": ""100"",
          ""quota_location"": ""global""
        }
      },
      {
        ""@type"": ""type.googleapis.com/google.rpc.Help"",
        ""links"": [
          {
            ""description"": ""Request a higher quota limit."",
            ""url"": ""https://cloud.google.com/doc",False
f1c602bd-c002-4115-b125-07efa6beaed2,Harmony Hotel MICE Suites,error,,,,,,,,,,"HTTP 429: {
  ""error"": {
    ""code"": 429,
    ""message"": ""Quota exceeded for quota metric 'SearchTextRequest' and limit 'SearchTextRequest per day' of service 'places.googleapis.com' for consumer 'project_number:37282676545'."",
    ""status"": ""RESOURCE_EXHAUSTED"",
    ""details"": [
      {
        ""@type"": ""type.googleapis.com/google.rpc.ErrorInfo"",
        ""reason"": ""RATE_LIMIT_EXCEEDED"",
        ""domain"": ""googleapis.com"",
        ""metadata"": {
          ""quota_limit_value"": ""100"",
          ""consumer"": ""projects/37282676545"",
          ""quota_metric"": ""places.googleapis.com/SearchTextRequest"",
          ""quota_unit"": ""1/d/{project}"",
          ""service"": ""places.googleapis.com"",
          ""quota_location"": ""global"",
          ""quota_limit"": ""SearchTextRequestPerDayPerProject""
        }
      },
      {
        ""@type"": ""type.googleapis.com/google.rpc.Help"",
        ""links"": [
          {
            ""description"": ""Request a higher quota limit."",
            ""url"": ""https://cloud.google.com/doc",False
f1dba427-0151-4849-a4aa-d11007f5561f,Adwa Victory Memorial Complex,error,,,,,,,,,,"HTTP 429: {
  ""error"": {
    ""code"": 429,
    ""message"": ""Quota exceeded for quota metric 'SearchTextRequest' and limit 'SearchTextRequest per day' of service 'places.googleapis.com' for consumer 'project_number:37282676545'."",
    ""status"": ""RESOURCE_EXHAUSTED"",
    ""details"": [
      {
        ""@type"": ""type.googleapis.com/google.rpc.ErrorInfo"",
        ""reason"": ""RATE_LIMIT_EXCEEDED"",
        ""domain"": ""googleapis.com"",
        ""metadata"": {
          ""quota_unit"": ""1/d/{project}"",
          ""consumer"": ""projects/37282676545"",
          ""quota_location"": ""global"",
          ""quota_limit_value"": ""100"",
          ""service"": ""places.googleapis.com"",
          ""quota_metric"": ""places.googleapis.com/SearchTextRequest"",
          ""quota_limit"": ""SearchTextRequestPerDayPerProject""
        }
      },
      {
        ""@type"": ""type.googleapis.com/google.rpc.Help"",
        ""links"": [
          {
            ""description"": ""Request a higher quota limit."",
            ""url"": ""https://cloud.google.com/doc",False
f1e94284-9699-4c01-b031-18b1bd010ca0,National Museum of Ethiopia (Lucy / Dinkinesh Exhibit),error,,,,,,,,,,"HTTP 429: {
  ""error"": {
    ""code"": 429,
    ""message"": ""Quota exceeded for quota metric 'SearchTextRequest' and limit 'SearchTextRequest per day' of service 'places.googleapis.com' for consumer 'project_number:37282676545'."",
    ""status"": ""RESOURCE_EXHAUSTED"",
    ""details"": [
      {
        ""@type"": ""type.googleapis.com/google.rpc.ErrorInfo"",
        ""reason"": ""RATE_LIMIT_EXCEEDED"",
        ""domain"": ""googleapis.com"",
        ""metadata"": {
          ""quota_unit"": ""1/d/{project}"",
          ""quota_metric"": ""places.googleapis.com/SearchTextRequest"",
          ""quota_location"": ""global"",
          ""service"": ""places.googleapis.com"",
          ""quota_limit"": ""SearchTextRequestPerDayPerProject"",
          ""consumer"": ""projects/37282676545"",
          ""quota_limit_value"": ""100""
        }
      },
      {
        ""@type"": ""type.googleapis.com/google.rpc.Help"",
        ""links"": [
          {
            ""description"": ""Request a higher quota limit."",
            ""url"": ""https://cloud.google.com/doc",False
f22e131e-f6ff-46fd-b62e-4ebfcc558a91,Lake Besaka Boat Safari Point,error,,,,,,,,,,"HTTP 429: {
  ""error"": {
    ""code"": 429,
    ""message"": ""Quota exceeded for quota metric 'SearchTextRequest' and limit 'SearchTextRequest per day' of service 'places.googleapis.com' for consumer 'project_number:37282676545'."",
    ""status"": ""RESOURCE_EXHAUSTED"",
    ""details"": [
      {
        ""@type"": ""type.googleapis.com/google.rpc.ErrorInfo"",
        ""reason"": ""RATE_LIMIT_EXCEEDED"",
        ""domain"": ""googleapis.com"",
        ""metadata"": {
          ""quota_unit"": ""1/d/{project}"",
          ""quota_metric"": ""places.googleapis.com/SearchTextRequest"",
          ""quota_location"": ""global"",
          ""service"": ""places.googleapis.com"",
          ""quota_limit"": ""SearchTextRequestPerDayPerProject"",
          ""consumer"": ""projects/37282676545"",
          ""quota_limit_value"": ""100""
        }
      },
      {
        ""@type"": ""type.googleapis.com/google.rpc.Help"",
        ""links"": [
          {
            ""description"": ""Request a higher quota limit."",
            ""url"": ""https://cloud.google.com/doc",False
f2349bdb-6eed-434d-8d05-ce735c27ecc3,Piazza Historic Colonial Architecture District,error,,,,,,,,,,"HTTP 429: {
  ""error"": {
    ""code"": 429,
    ""message"": ""Quota exceeded for quota metric 'SearchTextRequest' and limit 'SearchTextRequest per day' of service 'places.googleapis.com' for consumer 'project_number:37282676545'."",
    ""status"": ""RESOURCE_EXHAUSTED"",
    ""details"": [
      {
        ""@type"": ""type.googleapis.com/google.rpc.ErrorInfo"",
        ""reason"": ""RATE_LIMIT_EXCEEDED"",
        ""domain"": ""googleapis.com"",
        ""metadata"": {
          ""consumer"": ""projects/37282676545"",
          ""quota_unit"": ""1/d/{project}"",
          ""quota_metric"": ""places.googleapis.com/SearchTextRequest"",
          ""quota_limit"": ""SearchTextRequestPerDayPerProject"",
          ""service"": ""places.googleapis.com"",
          ""quota_limit_value"": ""100"",
          ""quota_location"": ""global""
        }
      },
      {
        ""@type"": ""type.googleapis.com/google.rpc.Help"",
        ""links"": [
          {
            ""description"": ""Request a higher quota limit."",
            ""url"": ""https://cloud.google.com/doc",False
f2a62849-1864-4f76-af5e-d5fee1a177ea,Century Mall Shopping Complex,error,,,,,,,,,,"HTTP 429: {
  ""error"": {
    ""code"": 429,
    ""message"": ""Quota exceeded for quota metric 'SearchTextRequest' and limit 'SearchTextRequest per day' of service 'places.googleapis.com' for consumer 'project_number:37282676545'."",
    ""status"": ""RESOURCE_EXHAUSTED"",
    ""details"": [
      {
        ""@type"": ""type.googleapis.com/google.rpc.ErrorInfo"",
        ""reason"": ""RATE_LIMIT_EXCEEDED"",
        ""domain"": ""googleapis.com"",
        ""metadata"": {
          ""quota_unit"": ""1/d/{project}"",
          ""quota_metric"": ""places.googleapis.com/SearchTextRequest"",
          ""quota_location"": ""global"",
          ""service"": ""places.googleapis.com"",
          ""quota_limit"": ""SearchTextRequestPerDayPerProject"",
          ""consumer"": ""projects/37282676545"",
          ""quota_limit_value"": ""100""
        }
      },
      {
        ""@type"": ""type.googleapis.com/google.rpc.Help"",
        ""links"": [
          {
            ""description"": ""Request a higher quota limit."",
            ""url"": ""https://cloud.google.com/doc",False
f2cf8403-c3f0-4603-baea-f72a479907b3,Abijatta-Shalla Salt Crust Plains,error,,,,,,,,,,"HTTP 429: {
  ""error"": {
    ""code"": 429,
    ""message"": ""Quota exceeded for quota metric 'SearchTextRequest' and limit 'SearchTextRequest per day' of service 'places.googleapis.com' for consumer 'project_number:37282676545'."",
    ""status"": ""RESOURCE_EXHAUSTED"",
    ""details"": [
      {
        ""@type"": ""type.googleapis.com/google.rpc.ErrorInfo"",
        ""reason"": ""RATE_LIMIT_EXCEEDED"",
        ""domain"": ""googleapis.com"",
        ""metadata"": {
          ""quota_unit"": ""1/d/{project}"",
          ""quota_limit"": ""SearchTextRequestPerDayPerProject"",
          ""quota_location"": ""global"",
          ""quota_limit_value"": ""100"",
          ""quota_metric"": ""places.googleapis.com/SearchTextRequest"",
          ""consumer"": ""projects/37282676545"",
          ""service"": ""places.googleapis.com""
        }
      },
      {
        ""@type"": ""type.googleapis.com/google.rpc.Help"",
        ""links"": [
          {
            ""description"": ""Request a higher quota limit."",
            ""url"": ""https://cloud.google.com/doc",False
f35da1ee-0a7f-4d44-81ac-d8f5260f8e44,Suri Body Painting & Cultural Portraits,error,,,,,,,,,,"HTTP 429: {
  ""error"": {
    ""code"": 429,
    ""message"": ""Quota exceeded for quota metric 'SearchTextRequest' and limit 'SearchTextRequest per day' of service 'places.googleapis.com' for consumer 'project_number:37282676545'."",
    ""status"": ""RESOURCE_EXHAUSTED"",
    ""details"": [
      {
        ""@type"": ""type.googleapis.com/google.rpc.ErrorInfo"",
        ""reason"": ""RATE_LIMIT_EXCEEDED"",
        ""domain"": ""googleapis.com"",
        ""metadata"": {
          ""quota_metric"": ""places.googleapis.com/SearchTextRequest"",
          ""quota_location"": ""global"",
          ""quota_limit_value"": ""100"",
          ""consumer"": ""projects/37282676545"",
          ""service"": ""places.googleapis.com"",
          ""quota_limit"": ""SearchTextRequestPerDayPerProject"",
          ""quota_unit"": ""1/d/{project}""
        }
      },
      {
        ""@type"": ""type.googleapis.com/google.rpc.Help"",
        ""links"": [
          {
            ""description"": ""Request a higher quota limit."",
            ""url"": ""https://cloud.google.com/doc",False
f361bd54-2e54-4135-a8a2-343e0870a03c,Shiro Meda Artisan District,error,,,,,,,,,,"HTTP 429: {
  ""error"": {
    ""code"": 429,
    ""message"": ""Quota exceeded for quota metric 'SearchTextRequest' and limit 'SearchTextRequest per day' of service 'places.googleapis.com' for consumer 'project_number:37282676545'."",
    ""status"": ""RESOURCE_EXHAUSTED"",
    ""details"": [
      {
        ""@type"": ""type.googleapis.com/google.rpc.ErrorInfo"",
        ""reason"": ""RATE_LIMIT_EXCEEDED"",
        ""domain"": ""googleapis.com"",
        ""metadata"": {
          ""quota_limit_value"": ""100"",
          ""consumer"": ""projects/37282676545"",
          ""quota_metric"": ""places.googleapis.com/SearchTextRequest"",
          ""quota_unit"": ""1/d/{project}"",
          ""service"": ""places.googleapis.com"",
          ""quota_location"": ""global"",
          ""quota_limit"": ""SearchTextRequestPerDayPerProject""
        }
      },
      {
        ""@type"": ""type.googleapis.com/google.rpc.Help"",
        ""links"": [
          {
            ""description"": ""Request a higher quota limit."",
            ""url"": ""https://cloud.google.com/doc",False
f36fbf60-eda8-42f9-8e76-8910fbf1dbbf,CMC & Ayat Modern Residential Districts,error,,,,,,,,,,"HTTP 429: {
  ""error"": {
    ""code"": 429,
    ""message"": ""Quota exceeded for quota metric 'SearchTextRequest' and limit 'SearchTextRequest per day' of service 'places.googleapis.com' for consumer 'project_number:37282676545'."",
    ""status"": ""RESOURCE_EXHAUSTED"",
    ""details"": [
      {
        ""@type"": ""type.googleapis.com/google.rpc.ErrorInfo"",
        ""reason"": ""RATE_LIMIT_EXCEEDED"",
        ""domain"": ""googleapis.com"",
        ""metadata"": {
          ""quota_metric"": ""places.googleapis.com/SearchTextRequest"",
          ""service"": ""places.googleapis.com"",
          ""consumer"": ""projects/37282676545"",
          ""quota_unit"": ""1/d/{project}"",
          ""quota_limit"": ""SearchTextRequestPerDayPerProject"",
          ""quota_limit_value"": ""100"",
          ""quota_location"": ""global""
        }
      },
      {
        ""@type"": ""type.googleapis.com/google.rpc.Help"",
        ""links"": [
          {
            ""description"": ""Request a higher quota limit."",
            ""url"": ""https://cloud.google.com/doc",False
f3bedb08-8399-4461-85d5-34fd8057c78e,Radisson Blu Hotel Public Concourse,error,,,,,,,,,,"HTTP 429: {
  ""error"": {
    ""code"": 429,
    ""message"": ""Quota exceeded for quota metric 'SearchTextRequest' and limit 'SearchTextRequest per day' of service 'places.googleapis.com' for consumer 'project_number:37282676545'."",
    ""status"": ""RESOURCE_EXHAUSTED"",
    ""details"": [
      {
        ""@type"": ""type.googleapis.com/google.rpc.ErrorInfo"",
        ""reason"": ""RATE_LIMIT_EXCEEDED"",
        ""domain"": ""googleapis.com"",
        ""metadata"": {
          ""quota_unit"": ""1/d/{project}"",
          ""quota_limit"": ""SearchTextRequestPerDayPerProject"",
          ""quota_location"": ""global"",
          ""quota_limit_value"": ""100"",
          ""quota_metric"": ""places.googleapis.com/SearchTextRequest"",
          ""consumer"": ""projects/37282676545"",
          ""service"": ""places.googleapis.com""
        }
      },
      {
        ""@type"": ""type.googleapis.com/google.rpc.Help"",
        ""links"": [
          {
            ""description"": ""Request a higher quota limit."",
            ""url"": ""https://cloud.google.com/doc",False
f42a7d8d-a948-4176-be13-0f4f36be34f3,Tut Fela Megalithic Site,error,,,,,,,,,,"HTTP 429: {
  ""error"": {
    ""code"": 429,
    ""message"": ""Quota exceeded for quota metric 'SearchTextRequest' and limit 'SearchTextRequest per day' of service 'places.googleapis.com' for consumer 'project_number:37282676545'."",
    ""status"": ""RESOURCE_EXHAUSTED"",
    ""details"": [
      {
        ""@type"": ""type.googleapis.com/google.rpc.ErrorInfo"",
        ""reason"": ""RATE_LIMIT_EXCEEDED"",
        ""domain"": ""googleapis.com"",
        ""metadata"": {
          ""quota_metric"": ""places.googleapis.com/SearchTextRequest"",
          ""service"": ""places.googleapis.com"",
          ""consumer"": ""projects/37282676545"",
          ""quota_unit"": ""1/d/{project}"",
          ""quota_limit"": ""SearchTextRequestPerDayPerProject"",
          ""quota_limit_value"": ""100"",
          ""quota_location"": ""global""
        }
      },
      {
        ""@type"": ""type.googleapis.com/google.rpc.Help"",
        ""links"": [
          {
            ""description"": ""Request a higher quota limit."",
            ""url"": ""https://cloud.google.com/doc",False
f43e0c0a-cd23-484d-a406-03dddfaca3ab,Bole Road (Cameroon St) Entertainment & Shopping District,error,,,,,,,,,,"HTTP 429: {
  ""error"": {
    ""code"": 429,
    ""message"": ""Quota exceeded for quota metric 'SearchTextRequest' and limit 'SearchTextRequest per day' of service 'places.googleapis.com' for consumer 'project_number:37282676545'."",
    ""status"": ""RESOURCE_EXHAUSTED"",
    ""details"": [
      {
        ""@type"": ""type.googleapis.com/google.rpc.ErrorInfo"",
        ""reason"": ""RATE_LIMIT_EXCEEDED"",
        ""domain"": ""googleapis.com"",
        ""metadata"": {
          ""quota_metric"": ""places.googleapis.com/SearchTextRequest"",
          ""quota_location"": ""global"",
          ""quota_limit_value"": ""100"",
          ""consumer"": ""projects/37282676545"",
          ""service"": ""places.googleapis.com"",
          ""quota_limit"": ""SearchTextRequestPerDayPerProject"",
          ""quota_unit"": ""1/d/{project}""
        }
      },
      {
        ""@type"": ""type.googleapis.com/google.rpc.Help"",
        ""links"": [
          {
            ""description"": ""Request a higher quota limit."",
            ""url"": ""https://cloud.google.com/doc",False
f4f95286-6786-41e9-b522-aa015246904a,Maze National Park River Trekking,error,,,,,,,,,,"HTTP 429: {
  ""error"": {
    ""code"": 429,
    ""message"": ""Quota exceeded for quota metric 'SearchTextRequest' and limit 'SearchTextRequest per day' of service 'places.googleapis.com' for consumer 'project_number:37282676545'."",
    ""status"": ""RESOURCE_EXHAUSTED"",
    ""details"": [
      {
        ""@type"": ""type.googleapis.com/google.rpc.ErrorInfo"",
        ""reason"": ""RATE_LIMIT_EXCEEDED"",
        ""domain"": ""googleapis.com"",
        ""metadata"": {
          ""quota_metric"": ""places.googleapis.com/SearchTextRequest"",
          ""service"": ""places.googleapis.com"",
          ""consumer"": ""projects/37282676545"",
          ""quota_unit"": ""1/d/{project}"",
          ""quota_limit"": ""SearchTextRequestPerDayPerProject"",
          ""quota_limit_value"": ""100"",
          ""quota_location"": ""global""
        }
      },
      {
        ""@type"": ""type.googleapis.com/google.rpc.Help"",
        ""links"": [
          {
            ""description"": ""Request a higher quota limit."",
            ""url"": ""https://cloud.google.com/doc",False
f5019af9-5bc6-47e4-8b44-8accbd6baa67,Mizan Teferi Public Tea Garden Trail,error,,,,,,,,,,"HTTP 429: {
  ""error"": {
    ""code"": 429,
    ""message"": ""Quota exceeded for quota metric 'SearchTextRequest' and limit 'SearchTextRequest per day' of service 'places.googleapis.com' for consumer 'project_number:37282676545'."",
    ""status"": ""RESOURCE_EXHAUSTED"",
    ""details"": [
      {
        ""@type"": ""type.googleapis.com/google.rpc.ErrorInfo"",
        ""reason"": ""RATE_LIMIT_EXCEEDED"",
        ""domain"": ""googleapis.com"",
        ""metadata"": {
          ""consumer"": ""projects/37282676545"",
          ""quota_metric"": ""places.googleapis.com/SearchTextRequest"",
          ""service"": ""places.googleapis.com"",
          ""quota_unit"": ""1/d/{project}"",
          ""quota_location"": ""global"",
          ""quota_limit_value"": ""100"",
          ""quota_limit"": ""SearchTextRequestPerDayPerProject""
        }
      },
      {
        ""@type"": ""type.googleapis.com/google.rpc.Help"",
        ""links"": [
          {
            ""description"": ""Request a higher quota limit."",
            ""url"": ""https://cloud.google.com/doc",False
f529ccff-d391-4563-8af9-0df8519f3852,Woldiya Traditional Culinary Outlets,error,,,,,,,,,,"HTTP 429: {
  ""error"": {
    ""code"": 429,
    ""message"": ""Quota exceeded for quota metric 'SearchTextRequest' and limit 'SearchTextRequest per day' of service 'places.googleapis.com' for consumer 'project_number:37282676545'."",
    ""status"": ""RESOURCE_EXHAUSTED"",
    ""details"": [
      {
        ""@type"": ""type.googleapis.com/google.rpc.ErrorInfo"",
        ""reason"": ""RATE_LIMIT_EXCEEDED"",
        ""domain"": ""googleapis.com"",
        ""metadata"": {
          ""quota_unit"": ""1/d/{project}"",
          ""quota_limit"": ""SearchTextRequestPerDayPerProject"",
          ""quota_location"": ""global"",
          ""quota_limit_value"": ""100"",
          ""quota_metric"": ""places.googleapis.com/SearchTextRequest"",
          ""consumer"": ""projects/37282676545"",
          ""service"": ""places.googleapis.com""
        }
      },
      {
        ""@type"": ""type.googleapis.com/google.rpc.Help"",
        ""links"": [
          {
            ""description"": ""Request a higher quota limit."",
            ""url"": ""https://cloud.google.com/doc",False
f542507f-3f8c-46fe-a308-e16f4f32959b,Battlefield of Embabo,error,,,,,,,,,,"HTTP 429: {
  ""error"": {
    ""code"": 429,
    ""message"": ""Quota exceeded for quota metric 'SearchTextRequest' and limit 'SearchTextRequest per day' of service 'places.googleapis.com' for consumer 'project_number:37282676545'."",
    ""status"": ""RESOURCE_EXHAUSTED"",
    ""details"": [
      {
        ""@type"": ""type.googleapis.com/google.rpc.ErrorInfo"",
        ""reason"": ""RATE_LIMIT_EXCEEDED"",
        ""domain"": ""googleapis.com"",
        ""metadata"": {
          ""quota_limit_value"": ""100"",
          ""quota_limit"": ""SearchTextRequestPerDayPerProject"",
          ""quota_location"": ""global"",
          ""quota_unit"": ""1/d/{project}"",
          ""service"": ""places.googleapis.com"",
          ""consumer"": ""projects/37282676545"",
          ""quota_metric"": ""places.googleapis.com/SearchTextRequest""
        }
      },
      {
        ""@type"": ""type.googleapis.com/google.rpc.Help"",
        ""links"": [
          {
            ""description"": ""Request a higher quota limit."",
            ""url"": ""https://cloud.google.com/doc",False
f5c107b6-a5ae-4cd5-b074-4e2e8aada1dc,Axum Dunkur / Queen of Sheba Palace Ruins,error,,,,,,,,,,"HTTP 429: {
  ""error"": {
    ""code"": 429,
    ""message"": ""Quota exceeded for quota metric 'SearchTextRequest' and limit 'SearchTextRequest per day' of service 'places.googleapis.com' for consumer 'project_number:37282676545'."",
    ""status"": ""RESOURCE_EXHAUSTED"",
    ""details"": [
      {
        ""@type"": ""type.googleapis.com/google.rpc.ErrorInfo"",
        ""reason"": ""RATE_LIMIT_EXCEEDED"",
        ""domain"": ""googleapis.com"",
        ""metadata"": {
          ""quota_metric"": ""places.googleapis.com/SearchTextRequest"",
          ""service"": ""places.googleapis.com"",
          ""consumer"": ""projects/37282676545"",
          ""quota_unit"": ""1/d/{project}"",
          ""quota_limit"": ""SearchTextRequestPerDayPerProject"",
          ""quota_limit_value"": ""100"",
          ""quota_location"": ""global""
        }
      },
      {
        ""@type"": ""type.googleapis.com/google.rpc.Help"",
        ""links"": [
          {
            ""description"": ""Request a higher quota limit."",
            ""url"": ""https://cloud.google.com/doc",False
f69157ac-685f-4b5f-b0af-6b71347979f7,Korcho Karo Village Oromia River Loop Panorama,error,,,,,,,,,,"HTTP 429: {
  ""error"": {
    ""code"": 429,
    ""message"": ""Quota exceeded for quota metric 'SearchTextRequest' and limit 'SearchTextRequest per day' of service 'places.googleapis.com' for consumer 'project_number:37282676545'."",
    ""status"": ""RESOURCE_EXHAUSTED"",
    ""details"": [
      {
        ""@type"": ""type.googleapis.com/google.rpc.ErrorInfo"",
        ""reason"": ""RATE_LIMIT_EXCEEDED"",
        ""domain"": ""googleapis.com"",
        ""metadata"": {
          ""consumer"": ""projects/37282676545"",
          ""quota_metric"": ""places.googleapis.com/SearchTextRequest"",
          ""service"": ""places.googleapis.com"",
          ""quota_unit"": ""1/d/{project}"",
          ""quota_location"": ""global"",
          ""quota_limit_value"": ""100"",
          ""quota_limit"": ""SearchTextRequestPerDayPerProject""
        }
      },
      {
        ""@type"": ""type.googleapis.com/google.rpc.Help"",
        ""links"": [
          {
            ""description"": ""Request a higher quota limit."",
            ""url"": ""https://cloud.google.com/doc",False
f694be04-381b-440a-9545-81543d975602,Wonchi Eco-Lodge Executive Meeting Facilities,error,,,,,,,,,,"HTTP 429: {
  ""error"": {
    ""code"": 429,
    ""message"": ""Quota exceeded for quota metric 'SearchTextRequest' and limit 'SearchTextRequest per day' of service 'places.googleapis.com' for consumer 'project_number:37282676545'."",
    ""status"": ""RESOURCE_EXHAUSTED"",
    ""details"": [
      {
        ""@type"": ""type.googleapis.com/google.rpc.ErrorInfo"",
        ""reason"": ""RATE_LIMIT_EXCEEDED"",
        ""domain"": ""googleapis.com"",
        ""metadata"": {
          ""consumer"": ""projects/37282676545"",
          ""quota_metric"": ""places.googleapis.com/SearchTextRequest"",
          ""quota_location"": ""global"",
          ""quota_unit"": ""1/d/{project}"",
          ""quota_limit_value"": ""100"",
          ""quota_limit"": ""SearchTextRequestPerDayPerProject"",
          ""service"": ""places.googleapis.com""
        }
      },
      {
        ""@type"": ""type.googleapis.com/google.rpc.Help"",
        ""links"": [
          {
            ""description"": ""Request a higher quota limit."",
            ""url"": ""https://cloud.google.com/doc",False
f6cb8c09-9a5b-409f-8f6c-8405a1459cfa,Ambo Town Center & Thermal District,error,,,,,,,,,,"HTTP 429: {
  ""error"": {
    ""code"": 429,
    ""message"": ""Quota exceeded for quota metric 'SearchTextRequest' and limit 'SearchTextRequest per day' of service 'places.googleapis.com' for consumer 'project_number:37282676545'."",
    ""status"": ""RESOURCE_EXHAUSTED"",
    ""details"": [
      {
        ""@type"": ""type.googleapis.com/google.rpc.ErrorInfo"",
        ""reason"": ""RATE_LIMIT_EXCEEDED"",
        ""domain"": ""googleapis.com"",
        ""metadata"": {
          ""quota_location"": ""global"",
          ""service"": ""places.googleapis.com"",
          ""quota_limit_value"": ""100"",
          ""consumer"": ""projects/37282676545"",
          ""quota_metric"": ""places.googleapis.com/SearchTextRequest"",
          ""quota_unit"": ""1/d/{project}"",
          ""quota_limit"": ""SearchTextRequestPerDayPerProject""
        }
      },
      {
        ""@type"": ""type.googleapis.com/google.rpc.Help"",
        ""links"": [
          {
            ""description"": ""Request a higher quota limit."",
            ""url"": ""https://cloud.google.com/doc",False
f6cf073d-078f-470a-93e6-aae295b800f0,Chencha Apple Orchards & Co-ops,error,,,,,,,,,,"HTTP 429: {
  ""error"": {
    ""code"": 429,
    ""message"": ""Quota exceeded for quota metric 'SearchTextRequest' and limit 'SearchTextRequest per day' of service 'places.googleapis.com' for consumer 'project_number:37282676545'."",
    ""status"": ""RESOURCE_EXHAUSTED"",
    ""details"": [
      {
        ""@type"": ""type.googleapis.com/google.rpc.ErrorInfo"",
        ""reason"": ""RATE_LIMIT_EXCEEDED"",
        ""domain"": ""googleapis.com"",
        ""metadata"": {
          ""consumer"": ""projects/37282676545"",
          ""quota_metric"": ""places.googleapis.com/SearchTextRequest"",
          ""quota_location"": ""global"",
          ""quota_unit"": ""1/d/{project}"",
          ""quota_limit_value"": ""100"",
          ""quota_limit"": ""SearchTextRequestPerDayPerProject"",
          ""service"": ""places.googleapis.com""
        }
      },
      {
        ""@type"": ""type.googleapis.com/google.rpc.Help"",
        ""links"": [
          {
            ""description"": ""Request a higher quota limit."",
            ""url"": ""https://cloud.google.com/doc",False
f6d8b632-3147-471e-86e7-093ab1c3ca64,Yayu Coffee Forest Biosphere Reserve,error,,,,,,,,,,"HTTP 429: {
  ""error"": {
    ""code"": 429,
    ""message"": ""Quota exceeded for quota metric 'SearchTextRequest' and limit 'SearchTextRequest per day' of service 'places.googleapis.com' for consumer 'project_number:37282676545'."",
    ""status"": ""RESOURCE_EXHAUSTED"",
    ""details"": [
      {
        ""@type"": ""type.googleapis.com/google.rpc.ErrorInfo"",
        ""reason"": ""RATE_LIMIT_EXCEEDED"",
        ""domain"": ""googleapis.com"",
        ""metadata"": {
          ""quota_location"": ""global"",
          ""service"": ""places.googleapis.com"",
          ""quota_limit_value"": ""100"",
          ""consumer"": ""projects/37282676545"",
          ""quota_metric"": ""places.googleapis.com/SearchTextRequest"",
          ""quota_unit"": ""1/d/{project}"",
          ""quota_limit"": ""SearchTextRequestPerDayPerProject""
        }
      },
      {
        ""@type"": ""type.googleapis.com/google.rpc.Help"",
        ""links"": [
          {
            ""description"": ""Request a higher quota limit."",
            ""url"": ""https://cloud.google.com/doc",False
f719cc5a-5aa3-4f16-b7c4-dad3732304ce,Lake Afambo & Lake Abbe Wetlands (Flamingos),error,,,,,,,,,,"HTTP 429: {
  ""error"": {
    ""code"": 429,
    ""message"": ""Quota exceeded for quota metric 'SearchTextRequest' and limit 'SearchTextRequest per day' of service 'places.googleapis.com' for consumer 'project_number:37282676545'."",
    ""status"": ""RESOURCE_EXHAUSTED"",
    ""details"": [
      {
        ""@type"": ""type.googleapis.com/google.rpc.ErrorInfo"",
        ""reason"": ""RATE_LIMIT_EXCEEDED"",
        ""domain"": ""googleapis.com"",
        ""metadata"": {
          ""service"": ""places.googleapis.com"",
          ""quota_metric"": ""places.googleapis.com/SearchTextRequest"",
          ""consumer"": ""projects/37282676545"",
          ""quota_location"": ""global"",
          ""quota_unit"": ""1/d/{project}"",
          ""quota_limit"": ""SearchTextRequestPerDayPerProject"",
          ""quota_limit_value"": ""100""
        }
      },
      {
        ""@type"": ""type.googleapis.com/google.rpc.Help"",
        ""links"": [
          {
            ""description"": ""Request a higher quota limit."",
            ""url"": ""https://cloud.google.com/doc",False
f7b2a94d-8716-4079-bea8-10fc20b7de92,Central Hawassa Hotel Main Level,error,,,,,,,,,,"HTTP 429: {
  ""error"": {
    ""code"": 429,
    ""message"": ""Quota exceeded for quota metric 'SearchTextRequest' and limit 'SearchTextRequest per day' of service 'places.googleapis.com' for consumer 'project_number:37282676545'."",
    ""status"": ""RESOURCE_EXHAUSTED"",
    ""details"": [
      {
        ""@type"": ""type.googleapis.com/google.rpc.ErrorInfo"",
        ""reason"": ""RATE_LIMIT_EXCEEDED"",
        ""domain"": ""googleapis.com"",
        ""metadata"": {
          ""quota_limit"": ""SearchTextRequestPerDayPerProject"",
          ""quota_unit"": ""1/d/{project}"",
          ""quota_location"": ""global"",
          ""consumer"": ""projects/37282676545"",
          ""quota_metric"": ""places.googleapis.com/SearchTextRequest"",
          ""service"": ""places.googleapis.com"",
          ""quota_limit_value"": ""100""
        }
      },
      {
        ""@type"": ""type.googleapis.com/google.rpc.Help"",
        ""links"": [
          {
            ""description"": ""Request a higher quota limit."",
            ""url"": ""https://cloud.google.com/doc",False
f80ad547-5744-4311-9968-43bbd54ed74e,Bole Medhanealem Urban Square,error,,,,,,,,,,"HTTP 429: {
  ""error"": {
    ""code"": 429,
    ""message"": ""Quota exceeded for quota metric 'SearchTextRequest' and limit 'SearchTextRequest per day' of service 'places.googleapis.com' for consumer 'project_number:37282676545'."",
    ""status"": ""RESOURCE_EXHAUSTED"",
    ""details"": [
      {
        ""@type"": ""type.googleapis.com/google.rpc.ErrorInfo"",
        ""reason"": ""RATE_LIMIT_EXCEEDED"",
        ""domain"": ""googleapis.com"",
        ""metadata"": {
          ""quota_location"": ""global"",
          ""service"": ""places.googleapis.com"",
          ""quota_limit_value"": ""100"",
          ""consumer"": ""projects/37282676545"",
          ""quota_metric"": ""places.googleapis.com/SearchTextRequest"",
          ""quota_unit"": ""1/d/{project}"",
          ""quota_limit"": ""SearchTextRequestPerDayPerProject""
        }
      },
      {
        ""@type"": ""type.googleapis.com/google.rpc.Help"",
        ""links"": [
          {
            ""description"": ""Request a higher quota limit."",
            ""url"": ""https://cloud.google.com/doc",False
f8ae3391-2ecb-40d9-a797-060b45c8e45c,King Sahle Selassie Royal Residence Ruins,error,,,,,,,,,,"HTTP 429: {
  ""error"": {
    ""code"": 429,
    ""message"": ""Quota exceeded for quota metric 'SearchTextRequest' and limit 'SearchTextRequest per day' of service 'places.googleapis.com' for consumer 'project_number:37282676545'."",
    ""status"": ""RESOURCE_EXHAUSTED"",
    ""details"": [
      {
        ""@type"": ""type.googleapis.com/google.rpc.ErrorInfo"",
        ""reason"": ""RATE_LIMIT_EXCEEDED"",
        ""domain"": ""googleapis.com"",
        ""metadata"": {
          ""quota_limit_value"": ""100"",
          ""quota_limit"": ""SearchTextRequestPerDayPerProject"",
          ""consumer"": ""projects/37282676545"",
          ""quota_location"": ""global"",
          ""quota_unit"": ""1/d/{project}"",
          ""service"": ""places.googleapis.com"",
          ""quota_metric"": ""places.googleapis.com/SearchTextRequest""
        }
      },
      {
        ""@type"": ""type.googleapis.com/google.rpc.Help"",
        ""links"": [
          {
            ""description"": ""Request a higher quota limit."",
            ""url"": ""https://cloud.google.com/doc",False
f8f2ed1c-8207-428e-8c79-74753db23607,Mercato Exploration Walk,error,,,,,,,,,,"HTTP 429: {
  ""error"": {
    ""code"": 429,
    ""message"": ""Quota exceeded for quota metric 'SearchTextRequest' and limit 'SearchTextRequest per day' of service 'places.googleapis.com' for consumer 'project_number:37282676545'."",
    ""status"": ""RESOURCE_EXHAUSTED"",
    ""details"": [
      {
        ""@type"": ""type.googleapis.com/google.rpc.ErrorInfo"",
        ""reason"": ""RATE_LIMIT_EXCEEDED"",
        ""domain"": ""googleapis.com"",
        ""metadata"": {
          ""consumer"": ""projects/37282676545"",
          ""quota_metric"": ""places.googleapis.com/SearchTextRequest"",
          ""quota_location"": ""global"",
          ""quota_unit"": ""1/d/{project}"",
          ""quota_limit_value"": ""100"",
          ""quota_limit"": ""SearchTextRequestPerDayPerProject"",
          ""service"": ""places.googleapis.com""
        }
      },
      {
        ""@type"": ""type.googleapis.com/google.rpc.Help"",
        ""links"": [
          {
            ""description"": ""Request a higher quota limit."",
            ""url"": ""https://cloud.google.com/doc",False
f9c64f77-b388-4e33-8870-fbe0668e3643,Lake Hawassa Public Fish Market,error,,,,,,,,,,"HTTP 429: {
  ""error"": {
    ""code"": 429,
    ""message"": ""Quota exceeded for quota metric 'SearchTextRequest' and limit 'SearchTextRequest per day' of service 'places.googleapis.com' for consumer 'project_number:37282676545'."",
    ""status"": ""RESOURCE_EXHAUSTED"",
    ""details"": [
      {
        ""@type"": ""type.googleapis.com/google.rpc.ErrorInfo"",
        ""reason"": ""RATE_LIMIT_EXCEEDED"",
        ""domain"": ""googleapis.com"",
        ""metadata"": {
          ""quota_limit"": ""SearchTextRequestPerDayPerProject"",
          ""quota_unit"": ""1/d/{project}"",
          ""quota_location"": ""global"",
          ""consumer"": ""projects/37282676545"",
          ""quota_metric"": ""places.googleapis.com/SearchTextRequest"",
          ""service"": ""places.googleapis.com"",
          ""quota_limit_value"": ""100""
        }
      },
      {
        ""@type"": ""type.googleapis.com/google.rpc.Help"",
        ""links"": [
          {
            ""description"": ""Request a higher quota limit."",
            ""url"": ""https://cloud.google.com/doc",False
fa19f548-e5b2-4b6b-ab8b-9f11f8eee0b5,Addis Ababa University Main Campus Level Gardens,error,,,,,,,,,,"HTTP 429: {
  ""error"": {
    ""code"": 429,
    ""message"": ""Quota exceeded for quota metric 'SearchTextRequest' and limit 'SearchTextRequest per day' of service 'places.googleapis.com' for consumer 'project_number:37282676545'."",
    ""status"": ""RESOURCE_EXHAUSTED"",
    ""details"": [
      {
        ""@type"": ""type.googleapis.com/google.rpc.ErrorInfo"",
        ""reason"": ""RATE_LIMIT_EXCEEDED"",
        ""domain"": ""googleapis.com"",
        ""metadata"": {
          ""service"": ""places.googleapis.com"",
          ""quota_limit"": ""SearchTextRequestPerDayPerProject"",
          ""quota_unit"": ""1/d/{project}"",
          ""quota_limit_value"": ""100"",
          ""quota_location"": ""global"",
          ""consumer"": ""projects/37282676545"",
          ""quota_metric"": ""places.googleapis.com/SearchTextRequest""
        }
      },
      {
        ""@type"": ""type.googleapis.com/google.rpc.Help"",
        ""links"": [
          {
            ""description"": ""Request a higher quota limit."",
            ""url"": ""https://cloud.google.com/doc",False
faa1f17f-ab29-45cc-9b33-904ecf78289e,Millennium Hall Exhibition & Conference Center,error,,,,,,,,,,"HTTP 429: {
  ""error"": {
    ""code"": 429,
    ""message"": ""Quota exceeded for quota metric 'SearchTextRequest' and limit 'SearchTextRequest per day' of service 'places.googleapis.com' for consumer 'project_number:37282676545'."",
    ""status"": ""RESOURCE_EXHAUSTED"",
    ""details"": [
      {
        ""@type"": ""type.googleapis.com/google.rpc.ErrorInfo"",
        ""reason"": ""RATE_LIMIT_EXCEEDED"",
        ""domain"": ""googleapis.com"",
        ""metadata"": {
          ""quota_limit"": ""SearchTextRequestPerDayPerProject"",
          ""quota_unit"": ""1/d/{project}"",
          ""quota_location"": ""global"",
          ""consumer"": ""projects/37282676545"",
          ""quota_metric"": ""places.googleapis.com/SearchTextRequest"",
          ""service"": ""places.googleapis.com"",
          ""quota_limit_value"": ""100""
        }
      },
      {
        ""@type"": ""type.googleapis.com/google.rpc.Help"",
        ""links"": [
          {
            ""description"": ""Request a higher quota limit."",
            ""url"": ""https://cloud.google.com/doc",False
faa2b5ea-c52b-442e-b9fb-0f2221786936,Gidabo Thermal Springs Sanctuary,error,,,,,,,,,,"HTTP 429: {
  ""error"": {
    ""code"": 429,
    ""message"": ""Quota exceeded for quota metric 'SearchTextRequest' and limit 'SearchTextRequest per day' of service 'places.googleapis.com' for consumer 'project_number:37282676545'."",
    ""status"": ""RESOURCE_EXHAUSTED"",
    ""details"": [
      {
        ""@type"": ""type.googleapis.com/google.rpc.ErrorInfo"",
        ""reason"": ""RATE_LIMIT_EXCEEDED"",
        ""domain"": ""googleapis.com"",
        ""metadata"": {
          ""quota_unit"": ""1/d/{project}"",
          ""quota_metric"": ""places.googleapis.com/SearchTextRequest"",
          ""quota_limit_value"": ""100"",
          ""service"": ""places.googleapis.com"",
          ""quota_limit"": ""SearchTextRequestPerDayPerProject"",
          ""quota_location"": ""global"",
          ""consumer"": ""projects/37282676545""
        }
      },
      {
        ""@type"": ""type.googleapis.com/google.rpc.Help"",
        ""links"": [
          {
            ""description"": ""Request a higher quota limit."",
            ""url"": ""https://cloud.google.com/doc",False
faa9bc01-6952-41fd-bb5d-73e2a8c15a18,Korem Historical Famine Memorial Area,error,,,,,,,,,,"HTTP 429: {
  ""error"": {
    ""code"": 429,
    ""message"": ""Quota exceeded for quota metric 'SearchTextRequest' and limit 'SearchTextRequest per day' of service 'places.googleapis.com' for consumer 'project_number:37282676545'."",
    ""status"": ""RESOURCE_EXHAUSTED"",
    ""details"": [
      {
        ""@type"": ""type.googleapis.com/google.rpc.ErrorInfo"",
        ""reason"": ""RATE_LIMIT_EXCEEDED"",
        ""domain"": ""googleapis.com"",
        ""metadata"": {
          ""quota_location"": ""global"",
          ""consumer"": ""projects/37282676545"",
          ""quota_metric"": ""places.googleapis.com/SearchTextRequest"",
          ""service"": ""places.googleapis.com"",
          ""quota_limit"": ""SearchTextRequestPerDayPerProject"",
          ""quota_unit"": ""1/d/{project}"",
          ""quota_limit_value"": ""100""
        }
      },
      {
        ""@type"": ""type.googleapis.com/google.rpc.Help"",
        ""links"": [
          {
            ""description"": ""Request a higher quota limit."",
            ""url"": ""https://cloud.google.com/doc",False
fad2e7fb-348d-4f00-ae5d-fa4254a97217,Century Mall Shopping Complex Elevators,error,,,,,,,,,,"HTTP 429: {
  ""error"": {
    ""code"": 429,
    ""message"": ""Quota exceeded for quota metric 'SearchTextRequest' and limit 'SearchTextRequest per day' of service 'places.googleapis.com' for consumer 'project_number:37282676545'."",
    ""status"": ""RESOURCE_EXHAUSTED"",
    ""details"": [
      {
        ""@type"": ""type.googleapis.com/google.rpc.ErrorInfo"",
        ""reason"": ""RATE_LIMIT_EXCEEDED"",
        ""domain"": ""googleapis.com"",
        ""metadata"": {
          ""service"": ""places.googleapis.com"",
          ""quota_limit"": ""SearchTextRequestPerDayPerProject"",
          ""quota_unit"": ""1/d/{project}"",
          ""quota_limit_value"": ""100"",
          ""quota_location"": ""global"",
          ""consumer"": ""projects/37282676545"",
          ""quota_metric"": ""places.googleapis.com/SearchTextRequest""
        }
      },
      {
        ""@type"": ""type.googleapis.com/google.rpc.Help"",
        ""links"": [
          {
            ""description"": ""Request a higher quota limit."",
            ""url"": ""https://cloud.google.com/doc",False
fae714ce-8f16-45a7-86a6-b11fb7f600ec,Posta Bet Stamp & Antique Collectors Market,error,,,,,,,,,,"HTTP 429: {
  ""error"": {
    ""code"": 429,
    ""message"": ""Quota exceeded for quota metric 'SearchTextRequest' and limit 'SearchTextRequest per day' of service 'places.googleapis.com' for consumer 'project_number:37282676545'."",
    ""status"": ""RESOURCE_EXHAUSTED"",
    ""details"": [
      {
        ""@type"": ""type.googleapis.com/google.rpc.ErrorInfo"",
        ""reason"": ""RATE_LIMIT_EXCEEDED"",
        ""domain"": ""googleapis.com"",
        ""metadata"": {
          ""quota_unit"": ""1/d/{project}"",
          ""quota_limit"": ""SearchTextRequestPerDayPerProject"",
          ""consumer"": ""projects/37282676545"",
          ""service"": ""places.googleapis.com"",
          ""quota_location"": ""global"",
          ""quota_limit_value"": ""100"",
          ""quota_metric"": ""places.googleapis.com/SearchTextRequest""
        }
      },
      {
        ""@type"": ""type.googleapis.com/google.rpc.Help"",
        ""links"": [
          {
            ""description"": ""Request a higher quota limit."",
            ""url"": ""https://cloud.google.com/doc",False
fb09c840-17ec-4fd8-bb29-0df3d3c3e573,Pyramids Resort Flat Grounds,error,,,,,,,,,,"HTTP 429: {
  ""error"": {
    ""code"": 429,
    ""message"": ""Quota exceeded for quota metric 'SearchTextRequest' and limit 'SearchTextRequest per day' of service 'places.googleapis.com' for consumer 'project_number:37282676545'."",
    ""status"": ""RESOURCE_EXHAUSTED"",
    ""details"": [
      {
        ""@type"": ""type.googleapis.com/google.rpc.ErrorInfo"",
        ""reason"": ""RATE_LIMIT_EXCEEDED"",
        ""domain"": ""googleapis.com"",
        ""metadata"": {
          ""service"": ""places.googleapis.com"",
          ""consumer"": ""projects/37282676545"",
          ""quota_metric"": ""places.googleapis.com/SearchTextRequest"",
          ""quota_location"": ""global"",
          ""quota_unit"": ""1/d/{project}"",
          ""quota_limit_value"": ""100"",
          ""quota_limit"": ""SearchTextRequestPerDayPerProject""
        }
      },
      {
        ""@type"": ""type.googleapis.com/google.rpc.Help"",
        ""links"": [
          {
            ""description"": ""Request a higher quota limit."",
            ""url"": ""https://cloud.google.com/doc",False
fb802d8c-6e47-4412-af36-e3ad6b44a8ef,Asheten Maryam Mountain Sunset View,error,,,,,,,,,,"HTTP 429: {
  ""error"": {
    ""code"": 429,
    ""message"": ""Quota exceeded for quota metric 'SearchTextRequest' and limit 'SearchTextRequest per day' of service 'places.googleapis.com' for consumer 'project_number:37282676545'."",
    ""status"": ""RESOURCE_EXHAUSTED"",
    ""details"": [
      {
        ""@type"": ""type.googleapis.com/google.rpc.ErrorInfo"",
        ""reason"": ""RATE_LIMIT_EXCEEDED"",
        ""domain"": ""googleapis.com"",
        ""metadata"": {
          ""quota_unit"": ""1/d/{project}"",
          ""quota_limit"": ""SearchTextRequestPerDayPerProject"",
          ""consumer"": ""projects/37282676545"",
          ""service"": ""places.googleapis.com"",
          ""quota_location"": ""global"",
          ""quota_limit_value"": ""100"",
          ""quota_metric"": ""places.googleapis.com/SearchTextRequest""
        }
      },
      {
        ""@type"": ""type.googleapis.com/google.rpc.Help"",
        ""links"": [
          {
            ""description"": ""Request a higher quota limit."",
            ""url"": ""https://cloud.google.com/doc",False
fc00cdd1-1699-4f5b-aed6-3f3482045951,Maze National Park Valley Viewpoints,error,,,,,,,,,,"HTTP 429: {
  ""error"": {
    ""code"": 429,
    ""message"": ""Quota exceeded for quota metric 'SearchTextRequest' and limit 'SearchTextRequest per day' of service 'places.googleapis.com' for consumer 'project_number:37282676545'."",
    ""status"": ""RESOURCE_EXHAUSTED"",
    ""details"": [
      {
        ""@type"": ""type.googleapis.com/google.rpc.ErrorInfo"",
        ""reason"": ""RATE_LIMIT_EXCEEDED"",
        ""domain"": ""googleapis.com"",
        ""metadata"": {
          ""quota_unit"": ""1/d/{project}"",
          ""service"": ""places.googleapis.com"",
          ""quota_limit"": ""SearchTextRequestPerDayPerProject"",
          ""quota_location"": ""global"",
          ""quota_limit_value"": ""100"",
          ""consumer"": ""projects/37282676545"",
          ""quota_metric"": ""places.googleapis.com/SearchTextRequest""
        }
      },
      {
        ""@type"": ""type.googleapis.com/google.rpc.Help"",
        ""links"": [
          {
            ""description"": ""Request a higher quota limit."",
            ""url"": ""https://cloud.google.com/doc",False
fcb62da3-38a1-47f1-b2a2-16f25fc56ba3,Mother Teresas Missionaries of Charity,error,,,,,,,,,,"HTTP 429: {
  ""error"": {
    ""code"": 429,
    ""message"": ""Quota exceeded for quota metric 'SearchTextRequest' and limit 'SearchTextRequest per day' of service 'places.googleapis.com' for consumer 'project_number:37282676545'."",
    ""status"": ""RESOURCE_EXHAUSTED"",
    ""details"": [
      {
        ""@type"": ""type.googleapis.com/google.rpc.ErrorInfo"",
        ""reason"": ""RATE_LIMIT_EXCEEDED"",
        ""domain"": ""googleapis.com"",
        ""metadata"": {
          ""quota_unit"": ""1/d/{project}"",
          ""service"": ""places.googleapis.com"",
          ""quota_limit"": ""SearchTextRequestPerDayPerProject"",
          ""quota_location"": ""global"",
          ""quota_limit_value"": ""100"",
          ""consumer"": ""projects/37282676545"",
          ""quota_metric"": ""places.googleapis.com/SearchTextRequest""
        }
      },
      {
        ""@type"": ""type.googleapis.com/google.rpc.Help"",
        ""links"": [
          {
            ""description"": ""Request a higher quota limit."",
            ""url"": ""https://cloud.google.com/doc",False
fd153e00-5d73-4e0f-ae57-6c1630596485,Gondar University Medical & Heritage Research Center,error,,,,,,,,,,"HTTP 429: {
  ""error"": {
    ""code"": 429,
    ""message"": ""Quota exceeded for quota metric 'SearchTextRequest' and limit 'SearchTextRequest per day' of service 'places.googleapis.com' for consumer 'project_number:37282676545'."",
    ""status"": ""RESOURCE_EXHAUSTED"",
    ""details"": [
      {
        ""@type"": ""type.googleapis.com/google.rpc.ErrorInfo"",
        ""reason"": ""RATE_LIMIT_EXCEEDED"",
        ""domain"": ""googleapis.com"",
        ""metadata"": {
          ""service"": ""places.googleapis.com"",
          ""consumer"": ""projects/37282676545"",
          ""quota_metric"": ""places.googleapis.com/SearchTextRequest"",
          ""quota_location"": ""global"",
          ""quota_unit"": ""1/d/{project}"",
          ""quota_limit_value"": ""100"",
          ""quota_limit"": ""SearchTextRequestPerDayPerProject""
        }
      },
      {
        ""@type"": ""type.googleapis.com/google.rpc.Help"",
        ""links"": [
          {
            ""description"": ""Request a higher quota limit."",
            ""url"": ""https://cloud.google.com/doc",False
fd92a05a-3ab7-49ce-8c87-48a532c91c42,Lower Omo Valley,error,,,,,,,,,,"HTTP 429: {
  ""error"": {
    ""code"": 429,
    ""message"": ""Quota exceeded for quota metric 'SearchTextRequest' and limit 'SearchTextRequest per day' of service 'places.googleapis.com' for consumer 'project_number:37282676545'."",
    ""status"": ""RESOURCE_EXHAUSTED"",
    ""details"": [
      {
        ""@type"": ""type.googleapis.com/google.rpc.ErrorInfo"",
        ""reason"": ""RATE_LIMIT_EXCEEDED"",
        ""domain"": ""googleapis.com"",
        ""metadata"": {
          ""quota_location"": ""global"",
          ""consumer"": ""projects/37282676545"",
          ""quota_metric"": ""places.googleapis.com/SearchTextRequest"",
          ""service"": ""places.googleapis.com"",
          ""quota_limit"": ""SearchTextRequestPerDayPerProject"",
          ""quota_unit"": ""1/d/{project}"",
          ""quota_limit_value"": ""100""
        }
      },
      {
        ""@type"": ""type.googleapis.com/google.rpc.Help"",
        ""links"": [
          {
            ""description"": ""Request a higher quota limit."",
            ""url"": ""https://cloud.google.com/doc",False
fdde23d4-2203-4160-93cd-84a0d88274c5,Friendship Park Phase I & II,error,,,,,,,,,,"HTTP 429: {
  ""error"": {
    ""code"": 429,
    ""message"": ""Quota exceeded for quota metric 'SearchTextRequest' and limit 'SearchTextRequest per day' of service 'places.googleapis.com' for consumer 'project_number:37282676545'."",
    ""status"": ""RESOURCE_EXHAUSTED"",
    ""details"": [
      {
        ""@type"": ""type.googleapis.com/google.rpc.ErrorInfo"",
        ""reason"": ""RATE_LIMIT_EXCEEDED"",
        ""domain"": ""googleapis.com"",
        ""metadata"": {
          ""quota_unit"": ""1/d/{project}"",
          ""quota_metric"": ""places.googleapis.com/SearchTextRequest"",
          ""quota_limit_value"": ""100"",
          ""service"": ""places.googleapis.com"",
          ""quota_limit"": ""SearchTextRequestPerDayPerProject"",
          ""quota_location"": ""global"",
          ""consumer"": ""projects/37282676545""
        }
      },
      {
        ""@type"": ""type.googleapis.com/google.rpc.Help"",
        ""links"": [
          {
            ""description"": ""Request a higher quota limit."",
            ""url"": ""https://cloud.google.com/doc",False
fec97e8f-a3e5-4836-8ce3-ba981d8b1ff6,Holeta Agricultural Research Center & Dairy Farms,error,,,,,,,,,,"HTTP 429: {
  ""error"": {
    ""code"": 429,
    ""message"": ""Quota exceeded for quota metric 'SearchTextRequest' and limit 'SearchTextRequest per day' of service 'places.googleapis.com' for consumer 'project_number:37282676545'."",
    ""status"": ""RESOURCE_EXHAUSTED"",
    ""details"": [
      {
        ""@type"": ""type.googleapis.com/google.rpc.ErrorInfo"",
        ""reason"": ""RATE_LIMIT_EXCEEDED"",
        ""domain"": ""googleapis.com"",
        ""metadata"": {
          ""quota_location"": ""global"",
          ""consumer"": ""projects/37282676545"",
          ""quota_metric"": ""places.googleapis.com/SearchTextRequest"",
          ""quota_limit"": ""SearchTextRequestPerDayPerProject"",
          ""quota_limit_value"": ""100"",
          ""service"": ""places.googleapis.com"",
          ""quota_unit"": ""1/d/{project}""
        }
      },
      {
        ""@type"": ""type.googleapis.com/google.rpc.Help"",
        ""links"": [
          {
            ""description"": ""Request a higher quota limit."",
            ""url"": ""https://cloud.google.com/doc",False
fecbd9aa-4b22-48e3-b1d4-f450e2d3992f,Hawassa Haile Resort Lake Promenade,error,,,,,,,,,,"HTTP 429: {
  ""error"": {
    ""code"": 429,
    ""message"": ""Quota exceeded for quota metric 'SearchTextRequest' and limit 'SearchTextRequest per day' of service 'places.googleapis.com' for consumer 'project_number:37282676545'."",
    ""status"": ""RESOURCE_EXHAUSTED"",
    ""details"": [
      {
        ""@type"": ""type.googleapis.com/google.rpc.ErrorInfo"",
        ""reason"": ""RATE_LIMIT_EXCEEDED"",
        ""domain"": ""googleapis.com"",
        ""metadata"": {
          ""quota_location"": ""global"",
          ""consumer"": ""projects/37282676545"",
          ""quota_metric"": ""places.googleapis.com/SearchTextRequest"",
          ""quota_limit"": ""SearchTextRequestPerDayPerProject"",
          ""quota_limit_value"": ""100"",
          ""service"": ""places.googleapis.com"",
          ""quota_unit"": ""1/d/{project}""
        }
      },
      {
        ""@type"": ""type.googleapis.com/google.rpc.Help"",
        ""links"": [
          {
            ""description"": ""Request a higher quota limit."",
            ""url"": ""https://cloud.google.com/doc",False
ffca54ea-b470-4b3b-ba34-3ca0e84517b7,Kambaata Cultural Terraces,error,,,,,,,,,,"HTTP 429: {
  ""error"": {
    ""code"": 429,
    ""message"": ""Quota exceeded for quota metric 'SearchTextRequest' and limit 'SearchTextRequest per day' of service 'places.googleapis.com' for consumer 'project_number:37282676545'."",
    ""status"": ""RESOURCE_EXHAUSTED"",
    ""details"": [
      {
        ""@type"": ""type.googleapis.com/google.rpc.ErrorInfo"",
        ""reason"": ""RATE_LIMIT_EXCEEDED"",
        ""domain"": ""googleapis.com"",
        ""metadata"": {
          ""quota_location"": ""global"",
          ""consumer"": ""projects/37282676545"",
          ""quota_metric"": ""places.googleapis.com/SearchTextRequest"",
          ""quota_limit"": ""SearchTextRequestPerDayPerProject"",
          ""quota_limit_value"": ""100"",
          ""service"": ""places.googleapis.com"",
          ""quota_unit"": ""1/d/{project}""
        }
      },
      {
        ""@type"": ""type.googleapis.com/google.rpc.Help"",
        ""links"": [
          {
            ""description"": ""Request a higher quota limit."",
            ""url"": ""https://cloud.google.com/doc",False
